YEAR,MAKE,MODEL,VEHICLE CLASS,ENGINE SIZE,CYLINDERS,Engine Type,TRANSMISSION,FUEL,FUEL CONSUMPTION,HWY (L/100 km),COMB (L/100 km),COMB (mpg),EMISSIONS
2000,AUDI,A4,COMPACT,1.8,4,I,A5,Z,11.4,7.2,9.5,30,218
2000,AUDI,A4,COMPACT,1.8,4,I,M5,Z,9.7,6.8,8.4,34,193
2000,AUDI,A4,COMPACT,2.8,6,I,A5,Z,13,8.2,10.8,26,248
2000,AUDI,A4,COMPACT,2.8,6,I,M5,Z,11.7,7.5,9.8,29,225
2000,AUDI,A4 QUATTRO,COMPACT,1.8,4,I,A5,Z,12.1,7.7,10.1,28,232
2000,AUDI,A4 QUATTRO,COMPACT,1.8,4,I,M5,Z,10.7,7.5,9.3,30,214
2000,AUDI,A4 QUATTRO,COMPACT,2.8,6,I,A5,Z,13.3,8.5,11.1,25,255
2000,AUDI,A4 QUATTRO,COMPACT,2.8,6,I,M5,Z,12.7,8.7,10.9,26,251
2000,AUDI,A6,MID-SIZE,2.8,6,I,A5,Z,13.4,8.6,11.2,25,258
2000,AUDI,A6 QUATTRO,MID-SIZE,2.7,6,I,A5,Z,13.6,9,11.5,25,264
2000,AUDI,A6 QUATTRO,MID-SIZE,2.7,6,I,M6,Z,13.6,9.1,11.6,24,267
2000,AUDI,A6 QUATTRO,MID-SIZE,2.8,6,I,A5,Z,13.8,9.1,11.7,24,269
2000,AUDI,A6 QUATTRO,MID-SIZE,2.8,6,I,M5,Z,13,9.2,11.3,25,260
2000,AUDI,A6 QUATTRO,MID-SIZE,4.2,8,V,A5,Z,13.9,9.1,11.7,24,269
2000,AUDI,A8 QUATTRO,MID-SIZE,4.2,8,V,A5,Z,13.9,9.1,11.7,24,269
2000,BMW,323 CONVERTIBLE,COMPACT,2.5,6,I,A5,Z,13,8.9,11.2,25,258
2000,BMW,323 CONVERTIBLE,COMPACT,2.5,6,I,M5,Z,12.4,8.6,10.7,26,246
2000,BMW,323i,COMPACT,2.5,6,I,A5,Z,12.3,7.8,10.3,27,237
2000,BMW,323i,COMPACT,2.5,6,I,M5,Z,11.5,7.5,9.7,29,223
2000,BMW,328i,COMPACT,2.8,6,I,A5,Z,12.4,7.9,10.4,27,239
2000,BMW,328i,COMPACT,2.8,6,I,M5,Z,11.5,7.5,9.7,29,223
2000,BMW,528i,COMPACT,2.8,6,I,A4,Z,13,8.4,10.9,26,251
2000,BMW,528i,COMPACT,2.8,6,I,M5,Z,11.5,7.5,9.7,29,223
2000,BMW,740i,MID-SIZE,4.4,8,V,A5,Z,13.8,9.2,11.7,24,269
2000,BMW,740iL,FULL-SIZE,4.4,8,V,A5,Z,13.8,9.2,11.7,24,269
2000,BMW,M5,COMPACT,4.9,8,V,M6,Z,17.7,10.4,14.4,20,331
2000,BMW,X5,SUV,4.4,8,V,A5,Z,13.3,8.6,11.2,25,258
2000,FORD,CROWN VICTORIA,FULL-SIZE,4.6,8,V,A4,X,13.5,8.8,11.4,25,262
2000,FORD,FOCUS SEDAN,COMPACT,2,4,I,A4,X,9.4,6.9,8.3,34,191
2000,FORD,FOCUS SEDAN,COMPACT,2,4,I,M5,X,9.4,6.5,8.1,35,186
2000,HONDA,ACCORD,MID-SIZE,3,6,I,A4,X,11.5,7.8,9.8,29,225
2000,HONDA,ACCORD DX,MID-SIZE,2.3,4,I,A4,X,10.8,7.5,9.3,30,214
2000,HONDA,ACCORD DX,MID-SIZE,2.3,4,I,M5,X,10.1,7.2,8.8,32,202
2000,HONDA,ACCORD EX/LX,MID-SIZE,2.3,4,I,A4,X,10.4,7.1,8.9,32,205
2000,HONDA,ACCORD EX/LX,MID-SIZE,2.3,4,I,M5,X,9.4,6.8,8.2,34,189
2000,HONDA,CR-V,SUV,2,4,I,A4,X,11,8.9,10.1,28,232
2000,HONDA,CR-V,SUV,2,4,I,M5,X,11,8.9,10.1,28,232
2000,HONDA,INSIGHT,SUBCOMPACT,1,3,I,M5,X,3.9,3.2,3.6,78,83
2000,HYUNDAI,ACCENT,COMPACT,1.5,4,I,A4,X,9.2,6.1,7.8,36,179
2000,HYUNDAI,ACCENT,COMPACT,1.5,4,I,M5,X,8.4,6,7.3,39,168
2000,HYUNDAI,SONATA 2.4L,MID-SIZE,2.4,4,I,A4,X,11.5,7.7,9.8,29,225
2000,HYUNDAI,SONATA 2.5L,MID-SIZE,2.5,6,I,A4,X,11.7,7.8,9.9,29,228
2000,JEEP,GRAND CHEROKEE 4X4,SUV,4,6,I,A4,X,14.8,10.5,12.9,22,297
2000,JEEP,GRAND CHEROKEE 4X4,SUV,4.7,8,V,A4,X,16.2,11.2,14,20,322
2000,KIA,SPORTAGE 4X4,SUV,2,4,I,A4,X,11.9,10.3,11.2,25,258
2000,KIA,SPORTAGE 4X4,SUV,2,4,I,M5,X,11.3,10.3,10.8,26,248
2000,LAND ROVER,DISCOVERY SERIES II 4X4,SUV,4,8,V,A4,Z,17.7,12.7,15.4,18,354
2000,LAND ROVER,DISCOVERY SERIES II 4X4,SUV,4,8,V,A4,Z,17.7,12.7,15.4,18,354
2000,LAND ROVER,RANGE ROVER 4X4,SUV,4,8,V,A4,Z,17.7,12.7,15.4,18,354
2000,LAND ROVER,RANGE ROVER 4X4,SUV,4.6,8,V,A4,Z,20.1,14.7,17.7,16,407
2000,MAZDA,MX-5 MIATA,SUBCOMPACT,1.8,4,I,A4,X,10.5,7.6,9.2,31,212
2000,MAZDA,MX-5 MIATA,SUBCOMPACT,1.8,4,I,M5,X,9.7,7.4,8.7,32,200
2000,MAZDA,MX-5 MIATA,SUBCOMPACT,1.8,4,I,M6,X,10.1,7.6,9,31,207
2000,NISSAN,PATHFINDER 4X4,SUV,3.3,6,I,A4,X,15.6,11.6,13.8,20,317
2000,NISSAN,PATHFINDER 4X4,SUV,3.3,6,I,M5,X,14.8,12.2,13.6,21,313
2000,SUBARU,FORESTER AWD,SUV,2.5,4,I,A4,X,10.8,7.4,9.3,30,214
2000,SUBARU,FORESTER AWD,SUV,2.5,4,I,M5,X,11,7.4,9.4,30,216
2000,SUBARU,IMPREZA AWD,SUBCOMPACT,2.2,4,I,A4,X,10.3,7.4,9,31,207
2000,SUBARU,IMPREZA AWD,SUBCOMPACT,2.2,4,I,M5,X,10.4,7.4,9,31,207
2000,SUBARU,IMPREZA AWD,SUBCOMPACT,2.5,4,I,A4,X,10.4,7.6,9.1,31,209
2000,SUBARU,IMPREZA AWD,SUBCOMPACT,2.5,4,I,M5,X,11.3,7.8,9.7,29,223
2000,SUZUKI,SWIFT,SUBCOMPACT,1.3,4,I,A3,X,7.8,6.2,7.1,40,163
2000,SUZUKI,SWIFT,SUBCOMPACT,1.3,4,I,M5,X,6.4,4.9,5.7,50,131
2000,TOYOTA,CAMRY,MID-SIZE,2.2,4,I,A4,X,10.4,7.3,9,31,207
2000,TOYOTA,CAMRY,MID-SIZE,2.2,4,I,M5,X,10,6.8,8.6,33,198
2000,TOYOTA,CAMRY,MID-SIZE,3,6,I,A4,X,11.9,7.9,10.1,28,232
2000,TOYOTA,CAMRY SOLARA,COMPACT,2.2,4,I,A4,X,10.4,7.3,9,31,207
2000,TOYOTA,CAMRY SOLARA,COMPACT,3,6,I,A4,X,11.9,7.9,10.1,28,232
2000,TOYOTA,CAMRY SOLARA,COMPACT,3,6,I,M5,X,11.2,7.6,9.6,29,221
2000,TOYOTA,CAMRY SOLARA CONVERTIBLE,SUBCOMPACT,3,6,I,A4,X,12.5,8.2,10.6,27,244
2000,TOYOTA,COROLLA,COMPACT,1.8,4,I,A4,X,8,5.8,7,40,161
2000,TOYOTA,COROLLA,COMPACT,1.8,4,I,M5,X,7.5,5.6,6.6,43,152
2000,TOYOTA,RAV4,SUV,2,4,I,A4,X,9.9,7.4,8.8,32,202
2000,TOYOTA,RAV4,SUV,2,4,I,M5,X,9.8,7.4,8.7,32,200
2000,TOYOTA,RAV4 4X4,SUV,2,4,I,A4,X,10.8,8.3,9.7,29,223
2000,TOYOTA,RAV4 4X4,SUV,2,4,I,M5,X,10.7,8.6,9.8,29,225
2000,TOYOTA,RAV4 SOFT TOP,SUV,2,4,I,A4,X,9.9,7.4,8.8,32,202
2000,TOYOTA,RAV4 SOFT TOP,SUV,2,4,I,M5,X,9.8,7.4,8.7,32,200
2000,TOYOTA,RAV4 SOFT TOP 4X4,SUV,2,4,I,A4,X,10.4,8.3,9.5,30,218
2000,TOYOTA,RAV4 SOFT TOP 4X4,SUV,2,4,I,M5,X,10.5,8.3,9.5,30,218
2000,VOLKSWAGEN,GOLF,COMPACT,1.8,4,I,A4,Z,10.7,7.8,9.4,30,216
2000,VOLKSWAGEN,GOLF,COMPACT,1.8,4,I,M5,Z,9.7,7,8.5,33,196
2000,VOLKSWAGEN,GOLF,COMPACT,2,4,I,A4,X,10.5,7.6,9.2,31,212
2000,VOLKSWAGEN,GOLF,COMPACT,2,4,I,M5,X,9.8,7,8.5,33,196
2000,VOLKSWAGEN,GOLF TDI DIESEL,COMPACT,1.9,4,I,A4,D,6.9,4.8,6,47,162
2000,VOLKSWAGEN,GOLF TDI DIESEL,COMPACT,1.9,4,I,M5,D,5.6,4.4,5.1,55,138
2000,VOLKSWAGEN,JETTA,COMPACT,1.8,4,I,A4,Z,10.7,7.8,9.4,30,216
2000,VOLKSWAGEN,JETTA,COMPACT,1.8,4,I,M5,Z,9.7,7,8.5,33,196
2000,VOLKSWAGEN,JETTA,COMPACT,2,4,I,A4,X,10.5,7.6,9.2,31,212
2000,VOLKSWAGEN,JETTA,COMPACT,2,4,I,M5,X,9.8,7,8.5,33,196
2000,VOLKSWAGEN,JETTA,COMPACT,2.8,6,I,A4,X,12.6,8.4,10.7,26,246
2000,VOLKSWAGEN,JETTA,COMPACT,2.8,6,I,M5,X,12.1,7.7,10.1,28,232
2000,VOLKSWAGEN,JETTA TDI DIESEL,COMPACT,1.9,4,I,A4,D,6.9,4.8,6,47,162
2000,VOLKSWAGEN,JETTA TDI DIESEL,COMPACT,1.9,4,I,M5,D,5.6,4.4,5.1,55,138
2000,VOLKSWAGEN,NEW BEETLE,SUBCOMPACT,1.8,4,I,A4,Z,10.5,7.9,9.3,30,214
2000,VOLKSWAGEN,NEW BEETLE,SUBCOMPACT,1.8,4,I,M5,Z,9.3,7.1,8.3,34,191
2000,VOLKSWAGEN,NEW BEETLE,SUBCOMPACT,2,4,I,A4,X,10.5,7.6,9.2,31,212
2000,VOLKSWAGEN,NEW BEETLE,SUBCOMPACT,2,4,I,M5,X,9.8,7,8.5,33,196
2000,VOLKSWAGEN,NEW BEETLE TDI DIESEL,SUBCOMPACT,1.9,4,I,A4,D,6.9,4.8,6,47,162
2000,VOLKSWAGEN,NEW BEETLE TDI DIESEL,SUBCOMPACT,1.9,4,I,M5,D,5.6,4.4,5.1,55,138
2000,VOLKSWAGEN,PASSAT,MID-SIZE,1.8,4,I,A5,Z,11.7,7.3,9.7,29,223
2000,VOLKSWAGEN,PASSAT,MID-SIZE,1.8,4,I,M5,Z,9.8,6.9,8.5,33,196
2000,VOLKSWAGEN,PASSAT,MID-SIZE,2.8,6,I,A5,Z,13.1,8.3,10.9,26,251
2000,VOLKSWAGEN,PASSAT,MID-SIZE,2.8,6,I,M5,Z,11.9,7.5,9.9,29,228
2000,MERCEDES-BENZ,M-CLASS (W163 - Ref),SUV,3.2,6,I,A5,Z,14,9.5,12,24,276
2000,TOYOTA,GRAND HIACE (Alphard Pre.),MPV,3,6,I,A4,Z,14.5,9.5,12,24,280
2000,TOYOTA,LAND CRUISER 100,SUV,4.2,6,I,A4/M5,D,15,10,12.5,23,330
2000,NISSAN,PATROL Y61 (4.2L),OFF-ROAD,4.2,6,I,M5,D,16,11,13.5,21,355
2000,TOYOTA,NOAH (Predecessor),MPV,2,4,I,A4,Z,10.5,8,9.4,30,220
2000,LAND ROVER,DEFENDER 110 (Td5),OFF-ROAD,2.5,5,I,M5,D,12,9.5,10.8,26,285
2000,SUZUKI,KEI CAR (Ref - Alto/Wagon R),KEI CAR,0.7,3,I,M5,Z,6,4.5,5.2,45,125
2000,DAIHATSU,MIRA/MOVE (Ref),KEI CAR,0.7,3,I,M5,Z,6.2,4.6,5.4,44,130
2000,SSANGYONG,SUV (Ref - Pre-Kyron),SUV,2.3,4,I,A4,D,12.5,9.8,11.2,25,295
2000,MERCEDES-BENZ,M-CLASS ML 320 (W163),SUV,3.2,6,I,A5,Z,14.5,10,12.5,23,288
2000,MERCEDES-BENZ,M-CLASS ML 320 (Ref),SUV,3.2,6,I,A5,Z,14.5,10.5,12.5,23,290
2000,AUDI,A6 ALLROAD (Ref),WAGON,2.7,6,I,A5,Z,13,9,11.2,25,260
2001,AUDI,A4,COMPACT,1.8,4,I,A5,Z,11.7,7.6,9.9,29,228
2001,AUDI,A4,COMPACT,1.8,4,I,M5,Z,10.4,6.8,8.8,32,202
2001,AUDI,A4,COMPACT,2.8,6,I,A5,Z,13,8.2,10.8,26,248
2001,AUDI,A4 QUATTRO,COMPACT,1.8,4,I,A5,Z,11.8,7.9,10,28,230
2001,AUDI,A4 QUATTRO,COMPACT,1.8,4,I,M5,Z,10.8,7.2,9.2,31,212
2001,AUDI,A4 QUATTRO,COMPACT,2.8,6,I,A5,Z,13.3,8.5,11.1,25,255
2001,AUDI,A4 QUATTRO,COMPACT,2.8,6,I,M5,Z,12.7,8.7,10.9,26,251
2001,AUDI,A6,MID-SIZE,2.8,6,I,A5,Z,13.4,8.6,11.2,25,258
2001,AUDI,A6 QUATTRO,MID-SIZE,2.7,6,I,A5,Z,13.6,8.9,11.5,25,264
2001,AUDI,A6 QUATTRO,MID-SIZE,2.7,6,I,M6,Z,13.6,9.1,11.6,24,267
2001,AUDI,A6 QUATTRO,MID-SIZE,2.8,6,I,A5,Z,13.8,9.1,11.7,24,269
2001,AUDI,A6 QUATTRO,MID-SIZE,4.2,8,V,A5,Z,13.8,8.7,11.5,25,264
2001,AUDI,A8 L,FULL-SIZE,4.2,8,V,A5,Z,13.8,8.7,11.5,25,264
2001,AUDI,A8 QUATTRO,FULL-SIZE,4.2,8,V,A5,Z,13.8,8.7,11.5,25,264
2001,BMW,320i,COMPACT,2.2,6,I,A5,Z,11.6,7.4,9.7,29,223
2001,BMW,320i,COMPACT,2.2,6,I,M5,Z,11.3,7.2,9.5,30,218
2001,BMW,530i,COMPACT,3,6,I,A5,Z,12.6,8.3,10.7,26,246
2001,BMW,530i,COMPACT,3,6,I,M5,Z,11.3,7.3,9.5,30,218
2001,BMW,740i,MID-SIZE,4.4,8,V,A5,Z,13.8,9.2,11.7,24,269
2001,BMW,740iL,FULL-SIZE,4.4,8,V,A5,Z,13.8,9.2,11.7,24,269
2001,BMW,M5,COMPACT,4.9,8,V,M6,Z,17.5,10.5,14.4,20,331
2001,BMW,X5,SUV,3,6,I,A5,Z,14.7,10.8,12.9,22,297
2001,BMW,X5,SUV,3,6,I,M5,Z,15.6,10.6,13.4,21,308
2001,BMW,X5,SUV,4.4,8,V,A5,Z,16.4,11.9,14.4,20,331
2001,FORD,CROWN VICTORIA,FULL-SIZE,4.6,8,V,A4,X,13.3,8.6,11.2,25,258
2001,FORD,FOCUS,COMPACT,2,4,I,A4,X,9.2,6.6,8,35,184
2001,FORD,FOCUS,COMPACT,2,4,I,M5,X,8.3,6,7.3,39,168
2001,FORD,FOCUS ,COMPACT,2,4,I,A4,X,9.5,6.9,8.3,34,191
2001,FORD,FOCUS ,COMPACT,2,4,I,M5,X,9.5,6.6,8.2,34,189
2001,HONDA,ACCORD,MID-SIZE,2.3,4,I,A4,X,10.4,7.2,9,31,207
2001,HONDA,ACCORD,MID-SIZE,2.3,4,I,M5,X,9.6,6.8,8.3,34,191
2001,HONDA,ACCORD,MID-SIZE,3,6,I,A4,X,11.7,7.6,9.9,29,228
2001,HONDA,CIVIC,COMPACT,1.7,4,I,A4,X,8,5.8,7,40,161
2001,HONDA,CIVIC,COMPACT,1.7,4,I,M5,X,7.4,5.7,6.6,43,152
2001,HONDA,CR-V,SUV,2,4,I,A4,X,11,8.9,10.1,28,232
2001,HONDA,CR-V,SUV,2,4,I,M5,X,11,8.9,10.1,28,232
2001,HYUNDAI,ACCENT,COMPACT,1.5,4,I,A4,X,9.4,6.2,8,35,184
2001,HYUNDAI,ACCENT,COMPACT,1.5,4,I,M5,X,8.3,6,7.3,39,168
2001,HYUNDAI,ACCENT,COMPACT,1.6,4,I,A4,X,9.4,6.1,7.9,36,182
2001,HYUNDAI,ACCENT,COMPACT,1.6,4,I,M5,X,8.7,5.8,7.4,38,170
2001,HYUNDAI,SANTA FE,SUV,2.7,6,I,A4,X,12.6,9.3,11.1,25,255
2001,HYUNDAI,SONATA 2.4L,MID-SIZE,2.4,4,I,A4,X,11.4,7.7,9.7,29,223
2001,HYUNDAI,SONATA 2.5L,MID-SIZE,2.5,6,I,A4,X,11.9,7.9,10.1,28,232
2001,JEEP,GRAND CHEROKEE 4X4,SUV,4,6,I,A4,X,14.9,10.6,13,22,299
2001,JEEP,GRAND CHEROKEE 4X4,SUV,4.7,8,V,A5,X,16.6,11.3,14.2,20,327
2001,KIA,RIO,SUBCOMPACT,1.5,4,I,A4,X,9.3,6.9,8.2,34,189
2001,KIA,RIO,SUBCOMPACT,1.5,4,I,M5,X,8.6,6.8,7.8,36,179
2001,KIA,SPORTAGE,SUV,2,4,I,A4,X,13,10,11.6,24,267
2001,KIA,SPORTAGE,SUV,2,4,I,M5,X,11.8,9.7,10.9,26,251
2001,LEXUS,IS 300,SUBCOMPACT,3,6,I,AS5,Z,13.3,9.4,11.5,25,264
2001,MAZDA,TRIBUTE,SUV,2,4,I,M5,X,10,7.7,9,31,207
2001,MAZDA,TRIBUTE,SUV,3,6,I,A4,X,13.1,8.9,11.2,25,258
2001,MAZDA,TRIBUTE 4X4,SUV,2,4,I,M5,X,10.6,8.3,9.6,29,221
2001,MAZDA,TRIBUTE 4X4,SUV,3,6,I,A4,X,13.4,9.2,11.5,25,264
2001,NISSAN,PATHFINDER 4X4,SUV,3.5,6,I,A4,X,15.6,11.9,13.9,20,320
2001,NISSAN,PATHFINDER 4X4,SUV,3.5,6,I,M5,X,14.7,11.8,13.4,21,308
2001,SUBARU,FORESTER AWD,SUV,2.5,4,I,A4,X,10.8,8.1,9.6,29,221
2001,SUBARU,FORESTER AWD,SUV,2.5,4,I,M5,X,11,7.8,9.6,29,221
2001,SUBARU,IMPREZA AWD,SUBCOMPACT,2.2,4,I,A4,X,10.3,7.4,9,31,207
2001,SUBARU,IMPREZA AWD,SUBCOMPACT,2.2,4,I,M5,X,10.4,7.4,9,31,207
2001,SUBARU,IMPREZA AWD,SUBCOMPACT,2.5,4,I,A4,X,10.4,7.6,9.1,31,209
2001,SUBARU,IMPREZA AWD,SUBCOMPACT,2.5,4,I,M5,X,11.3,7.8,9.7,29,223
2001,SUZUKI,SWIFT,SUBCOMPACT,1.3,4,I,A3,X,7.8,6.2,7.1,40,163
2001,SUZUKI,SWIFT,SUBCOMPACT,1.3,4,I,M5,X,6.4,4.9,5.7,50,131
2001,TOYOTA,CAMRY,MID-SIZE,2.2,4,I,A4,X,10.1,6.8,8.6,33,198
2001,TOYOTA,CAMRY,MID-SIZE,2.2,4,I,M5,X,9.9,6.5,8.4,34,193
2001,TOYOTA,CAMRY,MID-SIZE,3,6,I,A4,X,12,8,10.2,28,235
2001,TOYOTA,CAMRY SOLARA,COMPACT,2.2,4,I,A4,X,10.1,6.8,8.6,33,198
2001,TOYOTA,CAMRY SOLARA,COMPACT,3,6,I,A4,X,12,8,10.2,28,235
2001,TOYOTA,CAMRY SOLARA,COMPACT,3,6,I,M5,X,11.2,7.6,9.6,29,221
2001,TOYOTA,CAMRY SOLARA CONVERTIBLE,SUBCOMPACT,3,6,I,A4,X,12.5,8.4,10.7,26,246
2001,TOYOTA,COROLLA,COMPACT,1.8,4,I,A4,X,7.7,5.4,6.7,42,154
2001,TOYOTA,COROLLA,COMPACT,1.8,4,I,M5,X,7.3,5.3,6.4,44,147
2001,TOYOTA,PRIUS,COMPACT,1.5,4,I,AV,X,4.5,4.7,4.6,61,106
2001,TOYOTA,RAV4 4X4,SUV,2,4,I,A4,X,10.5,8.1,9.4,30,216
2001,TOYOTA,RAV4 4X4,SUV,2,4,I,M5,X,10.6,8,9.4,30,216
2001,VOLKSWAGEN,GOLF,COMPACT,1.8,4,I,A4,Z,10.5,7.7,9.2,31,212
2001,VOLKSWAGEN,GOLF,COMPACT,1.8,4,I,M5,Z,9.6,7,8.4,34,193
2001,VOLKSWAGEN,GOLF,COMPACT,2,4,I,A4,X,10.5,7.6,9.2,31,212
2001,VOLKSWAGEN,GOLF,COMPACT,2,4,I,M5,X,9.8,7,8.5,33,196
2001,VOLKSWAGEN,GOLF TDI DIESEL,COMPACT,1.9,4,I,A4,D,6.9,4.9,6,47,162
2001,VOLKSWAGEN,GOLF TDI DIESEL,COMPACT,1.9,4,I,M5,D,5.7,4.4,5.1,55,138
2001,VOLKSWAGEN,JETTA,COMPACT,1.8,4,I,A4,Z,10.5,7.7,9.2,31,212
2001,VOLKSWAGEN,JETTA,COMPACT,1.8,4,I,M5,Z,9.6,7,8.4,34,193
2001,VOLKSWAGEN,JETTA,COMPACT,2,4,I,A4,X,10.5,7.6,9.2,31,212
2001,VOLKSWAGEN,JETTA,COMPACT,2,4,I,M5,X,9.8,7,8.5,33,196
2001,VOLKSWAGEN,JETTA,COMPACT,2.8,6,I,A4,X,12.4,8.4,10.6,27,244
2001,VOLKSWAGEN,JETTA,COMPACT,2.8,6,I,M5,X,12.1,7.7,10.1,28,232
2001,VOLKSWAGEN,JETTA TDI DIESEL,COMPACT,1.9,4,I,A4,D,6.9,4.9,6,47,162
2001,VOLKSWAGEN,JETTA TDI DIESEL,COMPACT,1.9,4,I,M5,D,5.7,4.4,5.1,55,138
2001,VOLKSWAGEN,NEW BEETLE,SUBCOMPACT,1.8,4,I,A4,Z,10.3,7.4,9,31,207
2001,VOLKSWAGEN,NEW BEETLE,SUBCOMPACT,1.8,4,I,M5,Z,9.6,7.2,8.5,33,196
2001,VOLKSWAGEN,NEW BEETLE,SUBCOMPACT,2,4,I,A4,X,10.5,7.6,9.2,31,212
2001,VOLKSWAGEN,NEW BEETLE,SUBCOMPACT,2,4,I,M5,X,9.8,7,8.5,33,196
2001,VOLKSWAGEN,NEW BEETLE TDI DIESEL,SUBCOMPACT,1.9,4,I,A4,D,6.9,4.9,6,47,162
2001,VOLKSWAGEN,NEW BEETLE TDI DIESEL,SUBCOMPACT,1.9,4,I,M5,D,5.7,4.4,5.1,55,138
2001,VOLKSWAGEN,PASSAT,MID-SIZE,1.8,4,I,A5,Z,11.8,7.6,9.9,29,228
2001,VOLKSWAGEN,PASSAT,MID-SIZE,1.8,4,I,M5,Z,10.5,7,8.9,32,205
2001,VOLKSWAGEN,PASSAT,MID-SIZE,2.8,6,I,A5,Z,13,8.3,10.9,26,251
2001,VOLKSWAGEN,PASSAT,MID-SIZE,2.8,6,I,M5,Z,11.9,7.5,9.9,29,228
2001,VOLKSWAGEN,PASSAT 4MOTION,COMPACT,2.8,6,I,A5,Z,13.7,9.1,11.6,24,267
2002,AUDI,A4,COMPACT,1.8,4,I,AV,Z,11.4,7.5,9.6,29,221
2002,AUDI,A4,COMPACT,1.8,4,I,M5,Z,10.6,6.9,8.9,32,205
2002,AUDI,A4 QUATTRO,COMPACT,1.8,4,I,AS5,Z,12.2,7.7,10.2,28,235
2002,AUDI,A4 QUATTRO,COMPACT,1.8,4,I,M5,Z,11.3,7.5,9.6,29,221
2002,AUDI,A4 QUATTRO,COMPACT,3,6,I,AS5,Z,13.5,8.4,11.2,25,258
2002,AUDI,A4 QUATTRO,COMPACT,3,6,I,M6,Z,13.4,8.6,11.2,25,258
2002,AUDI,A6,MID-SIZE,3,6,I,AV,Z,12.6,8.5,10.8,26,248
2002,AUDI,A6 QUATTRO,MID-SIZE,2.7,6,I,AS5,Z,13.8,8.9,11.6,24,267
2002,AUDI,A6 QUATTRO,MID-SIZE,2.7,6,I,M6,Z,13.7,8.9,11.5,25,264
2002,AUDI,A6 QUATTRO,MID-SIZE,3,6,I,AS5,Z,13.5,8.4,11.2,25,258
2002,AUDI,A6 QUATTRO,MID-SIZE,4.2,8,V,AS5,Z,13.8,8.7,11.5,25,264
2002,AUDI,A8 QUATTRO,MID-SIZE,4.2,8,V,AS5,Z,13.8,8.7,11.5,25,264
2002,AUDI,A8L QUATTRO,FULL-SIZE,4.2,8,V,AS5,Z,13.8,8.7,11.5,25,264
2002,BMW,320i,COMPACT,2.2,6,I,A5,Z,11.6,7.4,9.7,29,223
2002,BMW,320i,COMPACT,2.2,6,I,M5,Z,11.3,7.2,9.5,30,218
2002,BMW,530i,COMPACT,3,6,I,A5,Z,12.6,8.2,10.6,27,244
2002,BMW,530i,COMPACT,3,6,I,M5,Z,11.3,7.3,9.5,30,218
2002,BMW,M5,COMPACT,4.9,8,V,M6,Z,17.6,10.6,14.4,20,331
2002,BMW,X5,SUV,3,6,I,A5,Z,14.7,10.8,12.9,22,297
2002,BMW,X5,SUV,3,6,I,M5,Z,15.6,10.6,13.4,21,308
2002,BMW,X5,SUV,4.4,8,V,A5,Z,16.4,11.9,14.4,20,331
2002,FORD,CROWN VICTORIA,FULL-SIZE,4.6,8,V,A4,X,13.6,8.9,11.5,25,264
2002,FORD,FOCUS SEDAN,COMPACT,2,4,I,A4,X,9.2,6.8,8.1,35,186
2002,FORD,FOCUS SEDAN,COMPACT,2,4,I,M5,X,8.3,6,7.3,39,168
2002,FORD,FOCUS SEDAN ,COMPACT,2,4,I,A4,X,9.1,6.8,8.1,35,186
2002,FORD,FOCUS SEDAN ,COMPACT,2,4,I,M5,X,9.3,6.4,8,35,184
2002,HONDA,ACCORD,MID-SIZE,2.3,4,I,A4,X,10.2,7.1,8.8,32,202
2002,HONDA,ACCORD,MID-SIZE,2.3,4,I,M5,X,9.2,6.8,8.1,35,186
2002,HONDA,ACCORD,MID-SIZE,3,6,I,A4,X,11.6,7.8,9.9,29,228
2002,HONDA,CIVIC,COMPACT,1.7,4,I,A4,X,7.9,5.8,7,40,161
2002,HONDA,CIVIC,COMPACT,1.7,4,I,M5,X,7.3,5.5,6.5,43,150
2002,HONDA,CR-V 4X4,SUV,2.4,4,I,A4,X,10.6,8.2,9.5,30,218
2002,HONDA,CR-V 4X4,SUV,2.4,4,I,M5,X,11,8.6,9.9,29,228
2002,HYUNDAI,ACCENT,COMPACT,1.5,4,I,A4,X,9.4,6.2,8,35,184
2002,HYUNDAI,ACCENT,COMPACT,1.5,4,I,M5,X,8.3,6,7.3,39,168
2002,HYUNDAI,ACCENT,COMPACT,1.6,4,I,A4,X,9.4,6.1,7.9,36,182
2002,HYUNDAI,ACCENT,COMPACT,1.6,4,I,M5,X,8.7,5.8,7.4,38,170
2002,HYUNDAI,SANTA FE,SUV,2.4,4,I,M5,X,11.2,7.8,9.7,29,223
2002,HYUNDAI,SANTA FE,SUV,2.7,6,I,A4,X,12.3,8.3,10.5,27,242
2002,HYUNDAI,SANTA FE AWD,SUV,2.7,6,I,A4,X,12.6,9.3,11.1,25,255
2002,HYUNDAI,SONATA,MID-SIZE,2.4,4,I,A4,X,10.8,7.3,9.2,31,212
2002,HYUNDAI,SONATA,MID-SIZE,2.7,6,I,A4,X,11.8,7.9,10,28,230
2002,JEEP,GRAND CHEROKEE 4X4,SUV,4,6,I,A4,X,15.9,10.9,13.6,21,313
2002,JEEP,GRAND CHEROKEE 4X4,SUV,4.7,8,V,A5,X,17.3,11.6,14.7,19,338
2002,KIA,RIO,COMPACT,1.5,4,I,A4,X,9.3,7.2,8.4,34,193
2002,KIA,RIO,COMPACT,1.5,4,I,M5,X,8.9,6.7,7.9,36,182
2002,KIA,SPORTAGE 4X4,SUV,2,4,I,A4,X,12.7,10,11.5,25,264
2002,KIA,SPORTAGE 4X4,SUV,2,4,I,M5,X,11.8,9.7,10.9,26,251
2002,LAND ROVER,DISCOVERY SERIES II 4X4,SUV,4,8,V,A4,Z,18,13.1,15.8,18,363
2002,LAND ROVER,RANGE ROVER 4X4,SUV,4.6,8,V,A4,Z,20.1,14.7,17.7,16,407
2002,LEXUS,IS 300,COMPACT,3,6,I,A4,Z,13,8.8,11.1,25,255
2002,LEXUS,IS 300,COMPACT,3,6,I,M5,Z,13.1,8.6,11.1,25,255
2002,LEXUS,IS 300 SPORTCROSS,COMPACT,3,6,I,AS4,Z,13,8.8,11.1,25,255
2002,MAZDA,TRIBUTE,SUV,2,4,I,M5,X,10.2,7.9,9.2,31,212
2002,MAZDA,TRIBUTE,SUV,3,6,I,A4,X,12.6,8.8,10.9,26,251
2002,MAZDA,TRIBUTE 4X4,SUV,2,4,I,M5,X,10.8,8.7,9.9,29,228
2002,MAZDA,TRIBUTE 4X4,SUV,3,6,I,A4,X,13,9.3,11.3,25,260
2002,NISSAN,PATHFINDER 4X4,SUV,3.5,6,I,A4,X,15.8,11.8,14,20,322
2002,NISSAN,PATHFINDER 4X4,SUV,3.5,6,I,M5,X,14.4,11.9,13.3,21,306
2002,SUBARU,FORESTER AWD,SUV,2.5,4,I,A4,X,10.8,8,9.5,30,218
2002,SUBARU,FORESTER AWD,SUV,2.5,4,I,M5,X,11.2,8,9.8,29,225
2002,SUBARU,IMPREZA AWD,SUBCOMPACT,2,4,I,A4,Z,12.2,8.3,10.4,27,239
2002,SUBARU,IMPREZA AWD,SUBCOMPACT,2,4,I,M5,Z,11.6,8,10,28,230
2002,SUBARU,IMPREZA AWD,SUBCOMPACT,2.5,4,I,A4,X,10.8,8,9.5,30,218
2002,SUBARU,IMPREZA AWD,SUBCOMPACT,2.5,4,I,M5,X,11.6,7.8,9.9,29,228
2002,TOYOTA,CAMRY,MID-SIZE,2.4,4,I,A4,X,10.1,6.9,8.7,32,200
2002,TOYOTA,CAMRY,MID-SIZE,2.4,4,I,M5,X,9.8,6.5,8.3,34,191
2002,TOYOTA,CAMRY,MID-SIZE,3,6,I,A4,X,11.6,7.7,9.8,29,225
2002,TOYOTA,CAMRY SOLARA,COMPACT,2.4,4,I,A4,X,10.1,6.9,8.7,32,200
2002,TOYOTA,CAMRY SOLARA,COMPACT,3,6,I,A4,X,11.9,8,10.1,28,232
2002,TOYOTA,CAMRY SOLARA,COMPACT,3,6,I,M5,X,11.3,7.6,9.6,29,221
2002,TOYOTA,CAMRY SOLARA CONVERTIBLE,SUBCOMPACT,3,6,I,A4,X,12.5,8.4,10.7,26,246
2002,TOYOTA,COROLLA,COMPACT,1.8,4,I,A4,X,7.7,5.4,6.7,42,154
2002,TOYOTA,COROLLA,COMPACT,1.8,4,I,M5,X,7.3,5.3,6.4,44,147
2002,TOYOTA,PRIUS,COMPACT,1.5,4,I,AV,X,4.5,4.7,4.6,61,106
2002,TOYOTA,RAV4 4X4,SUV,2,4,I,A4,X,10.5,8.1,9.4,30,216
2002,TOYOTA,RAV4 4X4,SUV,2,4,I,M5,X,10.6,8,9.4,30,216
2002,VOLKSWAGEN,GOLF,COMPACT,2,4,I,A4,X,10.3,7.4,9,31,207
2002,VOLKSWAGEN,GOLF,COMPACT,2,4,I,M5,X,9.6,6.9,8.4,34,193
2002,VOLKSWAGEN,GOLF TDI DIESEL,COMPACT,1.9,4,I,A4,D,6.9,4.9,6,47,162
2002,VOLKSWAGEN,GOLF TDI DIESEL,COMPACT,1.9,4,I,M5,D,5.6,4.4,5.1,55,138
2002,VOLKSWAGEN,JETTA,COMPACT,1.8,4,I,A5,Z,10.8,7.4,9.3,30,214
2002,VOLKSWAGEN,JETTA,COMPACT,1.8,4,I,M5,Z,9.9,6.9,8.6,33,198
2002,VOLKSWAGEN,JETTA,COMPACT,2,4,I,A4,X,10.3,7.4,9,31,207
2002,VOLKSWAGEN,JETTA,COMPACT,2,4,I,M5,X,9.6,6.9,8.4,34,193
2002,VOLKSWAGEN,JETTA,COMPACT,2.8,6,I,A4,X,12.4,8.4,10.6,27,244
2002,VOLKSWAGEN,JETTA,COMPACT,2.8,6,I,M5,X,12.1,7.7,10.1,28,232
2002,VOLKSWAGEN,JETTA TDI DIESEL,COMPACT,1.9,4,I,A4,D,6.9,4.9,6,47,162
2002,VOLKSWAGEN,JETTA TDI DIESEL,COMPACT,1.9,4,I,M5,D,5.6,4.4,5.1,55,138
2002,VOLKSWAGEN,NEW BEETLE,SUBCOMPACT,1.8,4,I,A4,Z,10.3,7.3,9,31,207
2002,VOLKSWAGEN,NEW BEETLE,SUBCOMPACT,1.8,4,I,M5,Z,9.6,7.2,8.5,33,196
2002,VOLKSWAGEN,NEW BEETLE,SUBCOMPACT,2,4,I,A4,X,10.3,7.4,9,31,207
2002,VOLKSWAGEN,NEW BEETLE,SUBCOMPACT,2,4,I,M5,X,9.6,6.9,8.4,34,193
2002,VOLKSWAGEN,NEW BEETLE TDI DIESEL,SUBCOMPACT,1.9,4,I,A4,D,6.9,4.9,6,47,162
2002,VOLKSWAGEN,NEW BEETLE TDI DIESEL,SUBCOMPACT,1.9,4,I,M5,D,5.6,4.4,5.1,55,138
2002,VOLKSWAGEN,PASSAT,MID-SIZE,1.8,4,I,A5,Z,11,7.1,9.2,31,212
2002,VOLKSWAGEN,PASSAT,MID-SIZE,1.8,4,I,M5,Z,10.7,7,9,31,207
2002,VOLKSWAGEN,PASSAT,MID-SIZE,2.8,6,I,A5,Z,12,7.9,10.2,28,235
2002,VOLKSWAGEN,PASSAT,MID-SIZE,2.8,6,I,M5,Z,11.9,7.7,10,28,230
2002,VOLKSWAGEN,PASSAT 4MOTION,MID-SIZE,2.8,6,I,A5,Z,12.5,8.3,10.6,27,244
2003,AUDI,A4,COMPACT,1.8,4,I,AV,Z,10.2,7.3,8.9,32,205
2003,AUDI,A4,COMPACT,3,6,I,AV,Z,11.7,7.7,9.9,29,228
2003,AUDI,A4 CABRIOLET,COMPACT,1.8,4,I,AV,Z,10.2,7.2,8.8,32,202
2003,AUDI,A4 CABRIOLET,COMPACT,3,6,I,AV,Z,11.5,8.1,10,28,230
2003,AUDI,A4 QUATTRO,COMPACT,1.8,4,I,AS5,Z,11.6,7.6,9.8,29,225
2003,AUDI,A4 QUATTRO,COMPACT,1.8,4,I,M5,Z,11.3,7.5,9.6,29,221
2003,AUDI,A4 QUATTRO,COMPACT,3,6,I,AS5,Z,12.8,8.4,10.8,26,248
2003,AUDI,A4 QUATTRO,COMPACT,3,6,I,M6,Z,13.4,8.7,11.3,25,260
2003,AUDI,A6,MID-SIZE,3,6,I,AV,Z,11.5,8.1,10,28,230
2003,AUDI,A6 QUATTRO,MID-SIZE,2.7,6,I,AS5,Z,13.1,8.6,11.1,25,255
2003,AUDI,A6 QUATTRO,MID-SIZE,2.7,6,I,M6,Z,13.1,8.5,11,26,253
2003,AUDI,A6 QUATTRO,MID-SIZE,3,6,I,AS5,Z,12.8,8.4,10.8,26,248
2003,AUDI,A6 QUATTRO,MID-SIZE,4.2,8,V,AS5,Z,13.8,8.7,11.5,25,264
2003,AUDI,A8,MID-SIZE,4.2,8,V,AS5,Z,13.8,8.7,11.5,25,264
2003,AUDI,A8L,FULL-SIZE,4.2,8,V,AS5,Z,13.7,8.8,11.5,25,264
2003,BMW,320i,COMPACT,2.2,6,I,A5,Z,11.6,7.4,9.7,29,223
2003,BMW,320i,COMPACT,2.2,6,I,M5,Z,11.3,7.2,9.5,30,218
2003,BMW,530i,COMPACT,3,6,I,A5,Z,12.6,8.1,10.6,27,244
2003,BMW,530i,COMPACT,3,6,I,M5,Z,11.3,7.3,9.5,30,218
2003,BMW,M5,COMPACT,4.9,8,V,M6,Z,17.6,10.6,14.4,20,331
2003,BMW,X5,SUV,3,6,I,A5,Z,14.7,10.8,12.9,22,297
2003,BMW,X5,SUV,3,6,I,M5,Z,15.6,10.6,13.4,21,308
2003,BMW,X5,SUV,4.4,8,V,A5,Z,16.4,11.9,14.4,20,331
2003,FORD,CROWN VICTORIA,FULL-SIZE,4.6,8,V,A4,X,13.2,8.7,11.2,25,258
2003,FORD,FOCUS,COMPACT,2,4,I,A4,X,8.9,6.6,7.9,36,182
2003,FORD,FOCUS,COMPACT,2,4,I,M5,X,8.6,6,7.4,38,170
2003,FORD,FOCUS ,COMPACT,2,4,I,A4,X,9.3,6.9,8.2,34,189
2003,FORD,FOCUS ,COMPACT,2,4,I,M5,X,9,6.4,7.8,36,179
2003,HONDA,ACCORD,MID-SIZE,2.4,4,I,A5,X,9.6,6.5,8.2,34,189
2003,HONDA,ACCORD,MID-SIZE,2.4,4,I,M5,X,9,6.4,7.8,36,179
2003,HONDA,ACCORD,MID-SIZE,3,6,I,A5,X,11.2,7.3,9.4,30,216
2003,HONDA,ACCORD,MID-SIZE,3,6,I,M6,X,11.5,7.3,9.6,29,221
2003,HONDA,CIVIC,COMPACT,1.7,4,I,A4,X,8.1,5.8,7.1,40,163
2003,HONDA,CIVIC,COMPACT,1.7,4,I,M5,X,7.5,5.9,6.8,42,156
2003,HONDA,CIVIC 3D SiR,COMPACT,2,4,I,M5,X,9.2,7.1,8.3,34,191
2003,HONDA,CR-V 4X4,SUV,2.4,4,I,A4,X,10.7,8.2,9.6,29,221
2003,HONDA,CR-V 4X4,SUV,2.4,4,I,M5,X,11,8.7,10,28,230
2003,HYUNDAI,ACCENT,COMPACT,1.5,4,I,A4,X,8.9,6.1,7.6,37,175
2003,HYUNDAI,ACCENT,COMPACT,1.5,4,I,M5,X,8.3,6,7.3,39,168
2003,HYUNDAI,ACCENT,COMPACT,1.6,4,I,A4,X,8.9,6.2,7.7,37,177
2003,HYUNDAI,ACCENT,COMPACT,1.6,4,I,M5,X,8.1,6.5,7.4,38,170
2003,HYUNDAI,SANTA FE,SUV,2.4,4,I,M5,X,11.7,8.1,10.1,28,232
2003,HYUNDAI,SANTA FE,SUV,2.7,6,I,A4,X,11.6,8.3,10.1,28,232
2003,HYUNDAI,SANTA FE AWD,SUV,2.7,6,I,A4,X,12.9,9.2,11.2,25,258
2003,HYUNDAI,SONATA,MID-SIZE,2.4,4,I,A4,X,10.9,7.2,9.2,31,212
2003,HYUNDAI,SONATA,MID-SIZE,2.7,6,I,A4,X,12.3,7.9,10.3,27,237
2003,JEEP,GRAND CHEROKEE 4X4,SUV,4,6,I,A4,X,14.7,9.7,12.4,23,285
2003,JEEP,GRAND CHEROKEE 4X4,SUV,4.7,8,V,A5,X,15.4,10.7,13.3,21,306
2003,KIA,RIO,COMPACT,1.6,4,I,A4,X,9.3,6.7,8.1,35,186
2003,KIA,RIO,COMPACT,1.6,4,I,M5,X,8.9,6.6,7.9,36,182
2003,KIA,SORENTO,SUV,3.5,6,I,A4,X,15.5,11,13.5,21,310
2003,KIA,SORENTO 4X4,SUV,3.5,6,I,A4,X,16,11.7,14.1,20,324
2003,LAND ROVER,DISCOVERY 4X4,SUV,4.6,8,V,A4,Z,19.6,13.9,17,17,391
2003,LAND ROVER,RANGE ROVER 4X4,SUV,4.4,8,V,AS5,Z,19.3,12.9,16.4,17,377
2003,LEXUS,IS 300,COMPACT,3,6,I,AS5,Z,13.1,8.9,11.2,25,258
2003,LEXUS,IS 300,COMPACT,3,6,I,M5,Z,13.2,8.8,11.2,25,258
2003,MAZDA,TRIBUTE,SUV,2,4,I,M5,X,10.3,7.8,9.2,31,212
2003,MAZDA,TRIBUTE,SUV,3,6,I,A4,X,12.3,8.6,10.6,27,244
2003,MAZDA,TRIBUTE 4X4,SUV,2,4,I,M5,X,10.8,8.6,9.8,29,225
2003,MAZDA,TRIBUTE 4X4,SUV,3,6,I,A4,X,13.1,9.4,11.4,25,262
2003,MITSUBISHI,LANCER,COMPACT,2,4,I,A4,X,9.7,7.2,8.6,33,198
2003,MITSUBISHI,LANCER,COMPACT,2,4,I,M5,X,8.9,6.5,7.8,36,179
2003,MITSUBISHI,MONTERO SPORT,SUV,3,6,I,A4,X,13.9,10.8,12.5,23,288
2003,MITSUBISHI,MONTERO SPORT,SUV,3.5,6,I,A4,X,14.1,11.1,12.8,22,294
2003,MITSUBISHI,OUTLANDER,SUV,2.4,4,I,AS4,X,11.4,8.3,10,28,230
2003,MITSUBISHI,OUTLANDER 4WD,SUV,2.4,4,I,AS4,X,11.9,8.8,10.5,27,242
2003,NISSAN,PATHFINDER 4X4,SUV,3.5,6,I,A4,X,15.5,11.3,13.6,21,313
2003,NISSAN,PATHFINDER 4X4,SUV,3.5,6,I,M5,X,14.2,11.1,12.8,22,294
2003,SUBARU,FORESTER AWD,SUV,2.5,4,I,A4,X,10.8,8.1,9.6,29,221
2003,SUBARU,FORESTER AWD,SUV,2.5,4,I,M5,X,11.3,7.9,9.8,29,225
2003,TOYOTA,CAMRY,MID-SIZE,2.4,4,I,A4,X,10.2,6.9,8.7,32,200
2003,TOYOTA,CAMRY,MID-SIZE,2.4,4,I,M5,X,9.8,6.5,8.3,34,191
2003,TOYOTA,CAMRY,MID-SIZE,3,6,I,A4,X,11.5,7.6,9.7,29,223
2003,TOYOTA,CAMRY SOLARA,COMPACT,2.4,4,I,A4,X,10.2,6.9,8.7,32,200
2003,TOYOTA,CAMRY SOLARA,COMPACT,3,6,I,A4,X,11.9,8,10.1,28,232
2003,TOYOTA,CAMRY SOLARA CONVERTIBLE,SUBCOMPACT,3,6,I,A4,X,12.5,8.4,10.7,26,246
2003,TOYOTA,COROLLA,COMPACT,1.8,4,I,A4,X,8.1,5.8,7.1,40,163
2003,TOYOTA,COROLLA,COMPACT,1.8,4,I,M5,X,7.1,5.3,6.3,45,145
2003,TOYOTA,PRIUS,COMPACT,1.5,4,I,AV,X,4.5,4.7,4.6,61,106
2003,TOYOTA,RAV4 4X4,SUV,2,4,I,A4,X,10.6,8.2,9.5,30,218
2003,TOYOTA,RAV4 4X4,SUV,2,4,I,M5,X,10.7,8.1,9.5,30,218
2003,VOLKSWAGEN,GOLF,COMPACT,2,4,I,A4,X,10.1,7.4,8.9,32,205
2003,VOLKSWAGEN,GOLF,COMPACT,2,4,I,M5,X,9.7,6.8,8.4,34,193
2003,VOLKSWAGEN,GOLF TDI DIESEL,COMPACT,1.9,4,I,A4,D,6.9,4.8,6,47,162
2003,VOLKSWAGEN,GOLF TDI DIESEL,COMPACT,1.9,4,I,M5,D,5.6,4.4,5.1,55,138
2003,VOLKSWAGEN,JETTA,COMPACT,1.8,4,I,AS5,Z,10.8,7.4,9.3,30,214
2003,VOLKSWAGEN,JETTA,COMPACT,1.8,4,I,M5,Z,9.9,6.9,8.6,33,198
2003,VOLKSWAGEN,JETTA,COMPACT,2,4,I,A4,X,10.1,7.4,8.9,32,205
2003,VOLKSWAGEN,JETTA,COMPACT,2,4,I,M5,X,9.7,6.8,8.4,34,193
2003,VOLKSWAGEN,JETTA,COMPACT,2.8,6,I,AS5,Z,11.1,7,9.3,30,214
2003,VOLKSWAGEN,JETTA,COMPACT,2.8,6,I,M6,Z,11.1,7.3,9.4,30,216
2003,VOLKSWAGEN,JETTA TDI DIESEL,COMPACT,1.9,4,I,A4,D,6.9,4.8,6,47,162
2003,VOLKSWAGEN,JETTA TDI DIESEL,COMPACT,1.9,4,I,M5,D,5.6,4.4,5.1,55,138
2003,VOLKSWAGEN,NEW BEETLE,SUBCOMPACT,1.8,4,I,A4,Z,10.3,7.3,9,31,207
2003,VOLKSWAGEN,NEW BEETLE,SUBCOMPACT,1.8,4,I,M5,Z,9.6,7.2,8.5,33,196
2003,VOLKSWAGEN,NEW BEETLE,SUBCOMPACT,2,4,I,A4,X,10.1,7.4,8.9,32,205
2003,VOLKSWAGEN,NEW BEETLE,SUBCOMPACT,2,4,I,M5,X,9.7,6.8,8.4,34,193
2003,VOLKSWAGEN,NEW BEETLE CONVERTIBLE,MINICOMPACT,1.8,4,I,AS6,Z,10.9,7.5,9.4,30,216
2003,VOLKSWAGEN,NEW BEETLE CONVERTIBLE,MINICOMPACT,1.8,4,I,M5,Z,9.5,7.1,8.4,34,193
2003,VOLKSWAGEN,NEW BEETLE CONVERTIBLE,MINICOMPACT,2,4,I,AS6,X,10.8,7.5,9.3,30,214
2003,VOLKSWAGEN,NEW BEETLE CONVERTIBLE,MINICOMPACT,2,4,I,M5,X,9.9,7.2,8.7,32,200
2003,VOLKSWAGEN,NEW BEETLE TDI DIESEL,SUBCOMPACT,1.9,4,I,A4,D,6.9,5,6,47,162
2003,VOLKSWAGEN,NEW BEETLE TDI DIESEL,SUBCOMPACT,1.9,4,I,M5,D,5.6,4.4,5.1,55,138
2003,VOLKSWAGEN,PASSAT,MID-SIZE,1.8,4,I,AS5,Z,11,7.1,9.2,31,212
2003,VOLKSWAGEN,PASSAT,MID-SIZE,1.8,4,I,M5,Z,10.7,7,9,31,207
2003,VOLKSWAGEN,PASSAT,MID-SIZE,2.8,6,I,AS5,Z,12.2,8,10.3,27,237
2003,VOLKSWAGEN,PASSAT,MID-SIZE,2.8,6,I,M5,Z,11.9,7.7,10,28,230
2003,VOLKSWAGEN,PASSAT 4MOTION,MID-SIZE,2.8,6,I,AS5,Z,12.7,8.3,10.7,26,246
2003,VOLKSWAGEN,PASSAT 4MOTION,MID-SIZE,4,8,V,AS5,Z,13.8,9.2,11.7,24,269
2003,VOLKSWAGEN,PASSAT 4MOTION,MID-SIZE,4,6,I,M6,Z,14,8.9,11.7,24,269
2004,AUDI,A4,COMPACT,1.8,4,I,AV,Z,10.2,7.3,8.9,32,205
2004,AUDI,A4 CABRIOLET,SUBCOMPACT,1.8,4,I,AV,Z,10.2,7.2,8.8,32,202
2004,AUDI,A4 CABRIOLET,SUBCOMPACT,3,6,I,AV,Z,11.5,8.1,10,28,230
2004,AUDI,A4 CABRIOLET QUATTRO,SUBCOMPACT,3,6,I,AS5,Z,12.8,8.4,10.8,26,248
2004,AUDI,A4 QUATTRO,COMPACT,1.8,4,I,AS5,Z,11.7,7.6,9.9,29,228
2004,AUDI,A4 QUATTRO,COMPACT,1.8,4,I,M6,Z,11.2,7.2,9.4,30,216
2004,AUDI,A4 QUATTRO,COMPACT,3,6,I,AS5,Z,12.8,8.4,10.8,26,248
2004,AUDI,A4 QUATTRO,COMPACT,3,6,I,M6,Z,13.5,8.7,11.3,25,260
2004,AUDI,A6,MID-SIZE,3,6,I,AV,Z,11.5,8.1,10,28,230
2004,AUDI,A6 QUATTRO,MID-SIZE,2.7,6,I,AS5,Z,13.1,8.6,11.1,25,255
2004,AUDI,A6 QUATTRO,MID-SIZE,2.7,6,I,M6,Z,13.1,8.5,11,26,253
2004,AUDI,A6 QUATTRO,MID-SIZE,3,6,I,AS5,Z,12.8,8.4,10.8,26,248
2004,AUDI,A6 QUATTRO,MID-SIZE,4.2,8,V,AS5,Z,13.7,8.9,11.5,25,264
2004,AUDI,A8L,FULL-SIZE,4.2,8,V,AS6,Z,13.5,8.9,11.4,25,262
2004,BMW,320i,COMPACT,2.2,6,I,A5,Z,11.6,7.4,9.7,29,223
2004,BMW,320i,COMPACT,2.2,6,I,M5,Z,11.3,7.2,9.5,30,218
2004,BMW,530i,MID-SIZE,3,6,I,A6,Z,12.9,7.8,10.6,27,244
2004,BMW,530i,MID-SIZE,3,6,I,AM6,Z,11.5,7.3,9.6,29,221
2004,BMW,530i,MID-SIZE,3,6,I,M6,Z,11.7,7.2,9.7,29,223
2004,BMW,X3,SUV,3,6,I,A5,Z,14.8,9.3,12.3,23,283
2004,BMW,X3,SUV,3,6,I,M6,Z,13.8,8.8,11.6,24,267
2004,BMW,X5,SUV,3,6,I,A6,Z,14.9,10.4,12.9,22,297
2004,BMW,X5,SUV,3,6,I,M6,Z,15.9,10.1,13.3,21,306
2004,BMW,X5,SUV,4.4,8,V,A6,Z,14.8,9.9,12.6,22,290
2004,FORD,CROWN VICTORIA,FULL-SIZE,4.6,8,V,A4,X,13.9,8.7,11.6,24,267
2004,FORD,FOCUS,COMPACT,2,4,I,A4,X,9,6.7,8,35,184
2004,FORD,FOCUS,COMPACT,2,4,I,M5,X,8.6,6.1,7.5,38,172
2004,FORD,FOCUS ,COMPACT,2,4,I,A4,X,9.5,7.1,8.4,34,193
2004,FORD,FOCUS ,COMPACT,2,4,I,M5,X,9.1,6.6,8,35,184
2004,FORD,FOCUS SVT ,COMPACT,2,4,I,M6,Z,11.3,7.8,9.7,29,223
2004,HONDA,ACCORD,MID-SIZE,2.4,4,I,A5,X,10,6.4,8.4,34,193
2004,HONDA,ACCORD,MID-SIZE,2.4,4,I,M5,X,9.1,6.4,7.9,36,182
2004,HONDA,ACCORD,MID-SIZE,3,6,I,A5,X,11.4,7.3,9.6,29,221
2004,HONDA,ACCORD,MID-SIZE,3,6,I,M6,X,11.5,7.3,9.6,29,221
2004,HONDA,CIVIC,COMPACT,1.7,4,I,A4,X,8,5.7,7,40,161
2004,HONDA,CIVIC,COMPACT,1.7,4,I,M5,X,7.5,5.7,6.7,42,154
2004,HONDA,CR-V,SUV,2.4,4,I,A4,X,10.9,8.2,9.7,29,223
2004,HONDA,CR-V,SUV,2.4,4,I,M5,X,11.1,8.6,10,28,230
2004,HYUNDAI,ACCENT,COMPACT,1.6,4,I,A4,X,8.9,6.2,7.7,37,177
2004,HYUNDAI,ACCENT,COMPACT,1.6,4,I,M5,X,8.1,6.5,7.4,38,170
2004,HYUNDAI,ELANTRA GT,COMPACT,2,4,I,M5,X,8.7,6.3,7.6,37,175
2004,HYUNDAI,SANTA FE,SUV,2.4,4,I,M5,X,11.7,8.1,10.1,28,232
2004,HYUNDAI,SANTA FE,SUV,2.7,6,I,A4,X,11.6,8.3,10.1,28,232
2004,HYUNDAI,SANTA FE 4X4,SUV,2.7,6,I,A4,X,12.9,9.2,11.2,25,258
2004,HYUNDAI,SANTA FE 4X4,SUV,3.5,6,I,A5,X,14,10.3,12.3,23,283
2004,HYUNDAI,SONATA,MID-SIZE,2.4,4,I,A4,X,10.9,7.2,9.2,31,212
2004,HYUNDAI,SONATA,MID-SIZE,2.7,6,I,A4,X,12.3,7.9,10.3,27,237
2004,JEEP,GRAND CHEROKEE 4X4,SUV,4,6,I,A4,X,14.7,9.7,12.4,23,285
2004,JEEP,GRAND CHEROKEE 4X4,SUV,4.7,8,V,A5,X,15.4,10.7,13.3,21,306
2004,KIA,RIO,COMPACT,1.6,4,I,A4,X,9.3,6.7,8.1,35,186
2004,KIA,RIO,COMPACT,1.6,4,I,M5,X,8.9,6.6,7.9,36,182
2004,KIA,SORENTO 4X4,SUV,3.5,6,I,A4,X,15.4,11.1,13.5,21,310
2004,KIA,SORENTO 4X4,SUV,3.5,6,I,M5,X,15.2,11.2,13.4,21,308
2004,LAND ROVER,DISCOVERY 4X4,SUV,4.6,8,V,A4,Z,19.6,13.9,17,17,391
2004,LAND ROVER,RANGE ROVER 4X4,SUV,4.4,8,V,AS5,Z,19.3,12.9,16.4,17,377
2004,LEXUS,IS 300,COMPACT,3,6,I,AS5,Z,13.1,8.9,11.2,25,258
2004,LEXUS,IS 300,COMPACT,3,6,I,M5,Z,13.2,8.8,11.2,25,258
2004,MAZDA,MAZDA3,COMPACT,2,4,I,AS4,X,9.1,6.4,7.9,36,182
2004,MAZDA,MAZDA3,COMPACT,2,4,I,M5,X,8.5,6.2,7.5,38,172
2004,MAZDA,MAZDA3,COMPACT,2.3,4,I,AS4,X,9.8,7.5,8.8,32,202
2004,MAZDA,MAZDA3,COMPACT,2.3,4,I,M5,X,9.2,6.7,8.1,35,186
2004,MAZDA,MAZDA6,MID-SIZE,2.3,4,I,AS4,X,10.4,7.5,9.1,31,209
2004,MAZDA,MAZDA6,MID-SIZE,2.3,4,I,M5,X,9.6,6.7,8.3,34,191
2004,MAZDA,MAZDA6,MID-SIZE,3,6,I,AS4,X,12.3,8.1,10.4,27,239
2004,MAZDA,MAZDA6,MID-SIZE,3,6,I,M5,X,12.1,8.1,10.3,27,237
2004,MAZDA,RX-8,SUBCOMPACT,1.3,2,I,AS4,Z,12.9,8.8,11.1,25,255
2004,MAZDA,RX-8,SUBCOMPACT,1.3,2,I,M6,Z,12.8,9.2,11.2,25,258
2004,MAZDA,TRIBUTE,SUV,2,4,I,M5,X,10.3,7.8,9.2,31,212
2004,MAZDA,TRIBUTE,SUV,3,6,I,A4,X,12.4,8.5,10.6,27,244
2004,MAZDA,TRIBUTE 4X4,SUV,2,4,I,M5,X,10.8,8.6,9.8,29,225
2004,MAZDA,TRIBUTE 4X4,SUV,3,6,I,A4,X,13,9.2,11.3,25,260
2004,MITSUBISHI,LANCER,COMPACT,2,4,I,A4,X,9.4,6.9,8.3,34,191
2004,MITSUBISHI,LANCER,COMPACT,2,4,I,M5,X,8.5,6.2,7.5,38,172
2004,MITSUBISHI,LANCER,COMPACT,2.4,4,I,A4,X,10.6,7.8,9.3,30,214
2004,MITSUBISHI,LANCER,COMPACT,2.4,4,I,M5,X,10.1,7.4,8.9,32,205
2004,MITSUBISHI,MONTERO 4X4,SUV,3.8,6,I,AS5,Z,15.8,11.2,13.7,21,315
2004,MITSUBISHI,MONTERO SPORT AWD,SUV,3.5,6,I,A4,X,14.8,11.9,13.5,21,310
2004,MITSUBISHI,OUTLANDER,SUV,2.4,4,I,AS4,X,11,8.1,9.7,29,223
2004,MITSUBISHI,OUTLANDER AWD,SUV,2.4,4,I,AS4,X,11.7,8.5,10.3,27,237
2004,NISSAN,PATHFINDER 4X4,SUV,3.5,6,I,A4,X,15.4,11.2,13.5,21,310
2004,NISSAN,PATHFINDER 4X4,SUV,3.5,6,I,M5,X,14.4,11.3,13,22,299
2004,SUBARU,FORESTER AWD,SUV,2.5,4,I,A4,X,10.9,7.9,9.6,29,221
2004,SUBARU,FORESTER AWD,SUV,2.5,4,I,M5,X,11,7.8,9.6,29,221
2004,SUBARU,FORESTER AWD TURBO,SUV,2.5,4,I,A4,Z,12.5,9.3,11.1,25,255
2004,SUBARU,FORESTER AWD TURBO,SUV,2.5,4,I,M5,Z,13,9.3,11.3,25,260
2004,SUBARU,IMPREZA AWD,SUBCOMPACT,2.5,4,I,A4,X,10.6,7.6,9.2,31,212
2004,SUBARU,IMPREZA AWD,SUBCOMPACT,2.5,4,I,M5,X,11.3,7.6,9.6,29,221
2004,SUBARU,IMPREZA AWD WRX,SUBCOMPACT,2,4,I,A4,Z,12.2,8.3,10.4,27,239
2004,SUBARU,IMPREZA AWD WRX,SUBCOMPACT,2,4,I,M5,Z,11.8,8,10.1,28,232
2004,SUBARU,IMPREZA AWD WRX-STI,SUBCOMPACT,2.5,4,I,M6,Z,13.4,9.1,11.5,25,264
2004,SUZUKI,SWIFT,SUBCOMPACT,1.6,4,I,A4,X,9,6.4,7.8,36,179
2004,SUZUKI,SWIFT,SUBCOMPACT,1.6,4,I,M5,X,8.8,6.1,7.6,37,175
2004,SUZUKI,VITARA,SUV,2.5,6,I,A4,X,12.5,9.8,11.3,25,260
2004,SUZUKI,VITARA,SUV,2.5,6,I,M5,X,12.7,9.8,11.4,25,262
2004,TOYOTA,CAMRY,MID-SIZE,2.4,4,I,A4,X,10.1,6.7,8.6,33,198
2004,TOYOTA,CAMRY,MID-SIZE,2.4,4,I,M5,X,9.9,6.6,8.4,34,193
2004,TOYOTA,CAMRY,MID-SIZE,3,6,I,A5,X,11.5,7.4,9.7,29,223
2004,TOYOTA,CAMRY,MID-SIZE,3.3,6,I,A5,X,11.6,7.5,9.8,29,225
2004,TOYOTA,CAMRY SOLARA,COMPACT,2.4,4,I,A4,X,10.1,6.7,8.6,33,198
2004,TOYOTA,CAMRY SOLARA,COMPACT,3.3,6,I,AS5,X,11.7,7.4,9.8,29,225
2004,TOYOTA,CAMRY SOLARA CONVERTIBLE,SUBCOMPACT,3.3,6,I,AS5,X,11.5,7.5,9.7,29,223
2004,TOYOTA,COROLLA,COMPACT,1.8,4,I,A4,X,8.1,5.8,7.1,40,163
2004,TOYOTA,COROLLA,COMPACT,1.8,4,I,M5,X,7.1,5.3,6.3,45,145
2004,TOYOTA,PRIUS,MID-SIZE,1.5,4,I,AV,X,4,4.2,4.1,69,94
2004,TOYOTA,RAV4 4X4,SUV,2.4,4,I,A4,X,10.5,8.1,9.4,30,216
2004,TOYOTA,RAV4 4X4,SUV,2.4,4,I,M5,X,10.7,8.1,9.5,30,218
2004,VOLKSWAGEN,GOLF,COMPACT,2,4,I,A4,X,9.6,7.2,8.5,33,196
2004,VOLKSWAGEN,GOLF,COMPACT,2,4,I,M5,X,9.8,7,8.5,33,196
2004,VOLKSWAGEN,GOLF TDI DIESEL,COMPACT,1.9,4,I,AS5,D,7.1,4.9,6.1,46,165
2004,VOLKSWAGEN,GOLF TDI DIESEL,COMPACT,1.9,4,I,M5,D,6.2,4.6,5.5,51,148
2004,VOLKSWAGEN,JETTA,COMPACT,1.8,4,I,AS5,Z,10.8,7.4,9.3,30,214
2004,VOLKSWAGEN,JETTA,COMPACT,1.8,4,I,M5,Z,9.9,6.9,8.6,33,198
2004,VOLKSWAGEN,JETTA,COMPACT,2,4,I,A4,X,9.6,7.2,8.5,33,196
2004,VOLKSWAGEN,JETTA,COMPACT,2,4,I,M5,X,9.8,7,8.5,33,196
2004,VOLKSWAGEN,JETTA,COMPACT,2.8,6,I,M6,Z,11.1,7.3,9.4,30,216
2004,VOLKSWAGEN,JETTA TDI DIESEL,COMPACT,1.9,4,I,AS5,D,7.1,4.9,6.1,46,165
2004,VOLKSWAGEN,JETTA TDI DIESEL,COMPACT,1.9,4,I,M5,D,6.2,4.6,5.5,51,148
2004,VOLKSWAGEN,NEW BEETLE,SUBCOMPACT,1.8,4,I,A4,Z,10.3,7.3,9,31,207
2004,VOLKSWAGEN,NEW BEETLE,SUBCOMPACT,1.8,4,I,M5,Z,9.6,7.2,8.5,33,196
2004,VOLKSWAGEN,NEW BEETLE,SUBCOMPACT,2,4,I,A4,X,9.6,7.2,8.5,33,196
2004,VOLKSWAGEN,NEW BEETLE,SUBCOMPACT,2,4,I,M5,X,9.8,7,8.5,33,196
2004,VOLKSWAGEN,NEW BEETLE CONVERTIBLE,MINICOMPACT,1.8,4,I,AS6,Z,10.9,7.5,9.4,30,216
2004,VOLKSWAGEN,NEW BEETLE CONVERTIBLE,MINICOMPACT,1.8,4,I,M5,Z,9.5,7.1,8.4,34,193
2004,VOLKSWAGEN,NEW BEETLE CONVERTIBLE,MINICOMPACT,2,4,I,AS6,X,11,7,9.2,31,212
2004,VOLKSWAGEN,NEW BEETLE CONVERTIBLE,MINICOMPACT,2,4,I,M5,X,9.9,7.1,8.6,33,198
2004,VOLKSWAGEN,NEW BEETLE TDI DIESEL,SUBCOMPACT,1.9,4,I,AS6,D,6.5,5.2,5.9,48,159
2004,VOLKSWAGEN,NEW BEETLE TDI DIESEL,SUBCOMPACT,1.9,4,I,M5,D,6.2,4.6,5.5,51,148
2004,VOLKSWAGEN,PASSAT,MID-SIZE,1.8,4,I,AS5,Z,11,7.1,9.2,31,212
2004,VOLKSWAGEN,PASSAT,MID-SIZE,1.8,4,I,M5,Z,10.7,7,9,31,207
2004,VOLKSWAGEN,PASSAT,MID-SIZE,2.8,6,I,AS5,Z,12.2,8,10.3,27,237
2004,VOLKSWAGEN,PASSAT,MID-SIZE,2.8,6,I,M5,Z,11.9,7.7,10,28,230
2004,VOLKSWAGEN,PASSAT 4MOTION,COMPACT,2.8,6,I,AS5,Z,12.7,8.3,10.7,26,246
2004,VOLKSWAGEN,PASSAT 4MOTION,COMPACT,4,8,V,AS5,Z,13.4,8.8,11.3,25,260
2004,VOLKSWAGEN,PASSAT 4MOTION,COMPACT,4,8,V,M6,Z,14,8.9,11.7,24,269
2005,AUDI,A4,COMPACT,1.8,4,I,AV,Z,10.4,7.3,9,31,207
2005,AUDI,A4 CABRIOLET,SUBCOMPACT,1.8,4,I,AV,Z,10.2,7.2,8.9,32,205
2005,AUDI,A4 CABRIOLET,SUBCOMPACT,3,6,I,AV,Z,11.3,7.6,9.6,29,221
2005,AUDI,A4 CABRIOLET QUATTRO,SUBCOMPACT,3,6,I,AS5,Z,12.9,8.4,10.8,26,248
2005,AUDI,A4 QUATTRO,COMPACT,1.8,4,I,AS5,Z,11.7,7.6,9.8,29,225
2005,AUDI,A4 QUATTRO,COMPACT,1.8,4,I,M6,Z,11.2,7.2,9.4,30,216
2005,AUDI,A4 QUATTRO,COMPACT,3,6,I,AS5,Z,12.9,8.4,10.8,26,248
2005,AUDI,A4 QUATTRO,COMPACT,3,6,I,M6,Z,12.9,8.3,10.8,26,248
2005,AUDI,A4 QUATTRO,COMPACT,3.1,6,I,AS6,Z,12.6,8.2,10.6,27,244
2005,AUDI,A6 QUATTRO,MID-SIZE,3.1,6,I,AS6,Z,12.6,8.2,10.6,27,244
2005,AUDI,A6 QUATTRO,MID-SIZE,4.2,8,V,AS6,Z,13.6,9.3,11.7,24,269
2005,AUDI,A8,MID-SIZE,4.2,8,V,AS6,Z,13.4,8.9,11.4,25,262
2005,AUDI,A8L,FULL-SIZE,4.2,8,V,AS6,Z,13.4,8.9,11.4,25,262
2005,BMW,320i,COMPACT,2.2,6,I,A5,Z,11.6,7.4,9.7,29,223
2005,BMW,320i,COMPACT,2.2,6,I,M5,Z,11.3,7.2,9.5,30,218
2005,BMW,530i,MID-SIZE,3,6,I,A6,Z,12.2,7.5,10.1,28,232
2005,BMW,530i,MID-SIZE,3,6,I,AM6,Z,11.3,7.2,9.5,30,218
2005,BMW,530i,MID-SIZE,3,6,I,M6,Z,11.7,7.3,9.7,29,223
2005,BMW,X3,SUV,2.5,6,I,A5,Z,14.1,9.2,11.9,24,274
2005,BMW,X3,SUV,2.5,6,I,M6,Z,13.6,8.9,11.5,25,264
2005,BMW,X3,SUV,3,6,I,A5,Z,14.8,9.3,12.3,23,283
2005,BMW,X3,SUV,3,6,I,M6,Z,13.8,8.8,11.5,25,264
2005,BMW,X5,SUV,3,6,I,A6,Z,14.9,10.4,12.9,22,297
2005,BMW,X5,SUV,3,6,I,M6,Z,15.9,10.1,13.3,21,306
2005,BMW,X5,SUV,4.4,8,V,A6,Z,14.8,9.9,12.6,22,290
2005,BMW,X5 4.8IS,SUV,4.8,8,V,A6,Z,14.7,10.1,12.6,22,290
2005,FORD,CROWN VICTORIA,FULL-SIZE,4.6,8,V,A4,X,13.1,8.6,11.1,25,255
2005,FORD,FOCUS,COMPACT,2,4,I,A4,X,9.2,6.8,8.1,35,186
2005,FORD,FOCUS,COMPACT,2,4,I,M5,X,9.2,6.2,7.9,36,182
2005,FORD,FOCUS,COMPACT,2.3,4,I,M5,X,10.6,6.9,8.9,32,205
2005,HONDA,ACCORD,MID-SIZE,2.4,4,I,A5,X,9.9,6.4,8.3,34,191
2005,HONDA,ACCORD,MID-SIZE,2.4,4,I,M5,X,9,6.4,7.8,36,179
2005,HONDA,ACCORD,MID-SIZE,3,6,I,A5,X,11.2,7.3,9.4,30,216
2005,HONDA,ACCORD,MID-SIZE,3,6,I,M6,X,11.6,7.3,9.6,29,221
2005,HONDA,ACCORD HYBRID,MID-SIZE,3,6,I,A5,X,7.9,5.9,7,40,161
2005,HONDA,CIVIC,COMPACT,1.7,4,I,A4,X,8,5.7,7,40,161
2005,HONDA,CIVIC,COMPACT,1.7,4,I,M5,X,7.5,5.7,6.7,42,154
2005,HONDA,CIVIC,COMPACT,2,4,I,M5,X,9.2,7,8.2,34,189
2005,HONDA,CR-V AWD,SUV,2.4,4,I,A5,X,10.6,8,9.4,30,216
2005,HONDA,CR-V AWD,SUV,2.4,4,I,M5,X,11.1,8.4,9.9,29,228
2005,HYUNDAI,ACCENT,COMPACT,1.6,4,I,A4,X,8.9,6.2,7.7,37,177
2005,HYUNDAI,ACCENT,COMPACT,1.6,4,I,M5,X,8.1,6.5,7.4,38,170
2005,HYUNDAI,SANTA FE,SUV,2.4,4,I,M5,X,11.7,8.1,10,28,230
2005,HYUNDAI,SANTA FE,SUV,2.7,6,I,A4,X,12.1,8.6,10.5,27,242
2005,HYUNDAI,SANTA FE AWD,SUV,2.7,6,I,A4,X,13,9.3,11.3,25,260
2005,HYUNDAI,SANTA FE AWD,SUV,3.5,6,I,A5,X,14.2,9.5,12.1,23,278
2005,HYUNDAI,SONATA,MID-SIZE,2.4,4,I,A4,X,10.9,7.2,9.2,31,212
2005,HYUNDAI,SONATA,MID-SIZE,2.7,6,I,A4,X,12.1,7.9,10.2,28,235
2005,HYUNDAI,TUCSON,SUV,2,4,I,A4,X,10.7,8,9.5,30,218
2005,HYUNDAI,TUCSON,SUV,2,4,I,M5,X,10.6,7.9,9.4,30,216
2005,HYUNDAI,TUCSON,SUV,2.7,6,I,A4,X,11.9,8.4,10.3,27,237
2005,HYUNDAI,TUCSON AWD,SUV,2.7,6,I,A4,X,12.3,8.8,10.7,26,246
2005,JEEP,GRAND CHEROKEE 4X4,SUV,3.7,6,I,A5,X,14.2,10.3,12.4,23,285
2005,JEEP,GRAND CHEROKEE 4X4,SUV,4.7,8,V,A5,X,16.3,11.1,14,20,322
2005,KIA,RIO,COMPACT,1.6,4,I,A4,X,9.9,6.9,8.5,33,196
2005,KIA,RIO,COMPACT,1.6,4,I,M5,X,9.3,6.9,8.2,34,189
2005,KIA,SORENTO 4X4,SUV,3.5,6,I,A4,X,16.2,11,13.9,20,320
2005,KIA,SORENTO 4X4,SUV,3.5,6,I,M5,X,14.9,10.9,13.1,22,301
2005,KIA,SPORTAGE,SUV,2,4,I,A4,X,11.1,8.2,9.8,29,225
2005,KIA,SPORTAGE,SUV,2,4,I,M5,X,10.6,7.8,9.3,30,214
2005,KIA,SPORTAGE,SUV,2.7,6,I,A4,X,12.1,8.5,10.5,27,242
2005,KIA,SPORTAGE 4X4,SUV,2,4,I,M5,X,11.2,8.2,9.8,29,225
2005,KIA,SPORTAGE 4X4,SUV,2.7,6,I,A4,X,12.4,9.4,11,26,253
2005,LAND ROVER,RANGE ROVER 4X4,SUV,4.4,8,V,AS5,Z,19.7,13.5,16.9,17,389
2005,LEXUS,IS 300,COMPACT,3,6,I,AS5,Z,13,8.8,11.1,25,255
2005,LEXUS,IS 300,COMPACT,3,6,I,M5,Z,13.1,8.7,11.1,25,255
2005,MAZDA,MAZDA3,COMPACT,2,4,I,AS4,X,9.1,6.4,7.9,36,182
2005,MAZDA,MAZDA3,COMPACT,2,4,I,M5,X,8.5,6.2,7.5,38,172
2005,MAZDA,MAZDA3,COMPACT,2.3,4,I,AS4,X,9.9,7.6,8.9,32,205
2005,MAZDA,MAZDA3,COMPACT,2.3,4,I,M5,X,9.3,6.8,8.2,34,189
2005,MAZDA,MAZDA6,MID-SIZE,2.3,4,I,AS4,X,10.5,7.6,9.2,31,212
2005,MAZDA,MAZDA6,MID-SIZE,2.3,4,I,M5,X,10.1,7,8.7,32,200
2005,MAZDA,MAZDA6,MID-SIZE,3,6,I,AS6,X,12,7.9,10.2,28,235
2005,MAZDA,MAZDA6,MID-SIZE,3,6,I,M5,X,12.2,8.1,10.4,27,239
2005,MAZDA,RX-8,SUBCOMPACT,1.3,2,I,AS4,Z,13.1,9,11.3,25,260
2005,MAZDA,RX-8,SUBCOMPACT,1.3,2,I,M6,Z,12.8,9.2,11.2,25,258
2005,MAZDA,TRIBUTE,SUV,2.3,4,I,A4,X,10.9,8.6,9.9,29,228
2005,MAZDA,TRIBUTE,SUV,2.3,4,I,M5,X,9.7,7.3,8.6,33,198
2005,MAZDA,TRIBUTE,SUV,3,6,I,A4,X,12,8.8,10.5,27,242
2005,MAZDA,TRIBUTE 4X4,SUV,2.3,4,I,A4,X,12.7,9.9,11.4,25,262
2005,MAZDA,TRIBUTE 4X4,SUV,2.3,4,I,M5,X,10.8,8.2,9.6,29,221
2005,MAZDA,TRIBUTE 4X4,SUV,3,6,I,A4,X,13.3,9.9,11.8,24,271
2005,MITSUBISHI,LANCER,COMPACT,2,4,I,A4,X,9.4,7,8.3,34,191
2005,MITSUBISHI,LANCER,COMPACT,2,4,I,M5,X,8.6,6.3,7.5,38,172
2005,MITSUBISHI,LANCER,COMPACT,2.4,4,I,A4,X,10.5,7.7,9.2,31,212
2005,MITSUBISHI,LANCER,COMPACT,2.4,4,I,M5,X,10.1,7.4,8.9,32,205
2005,MITSUBISHI,MONTERO 4X4,SUV,3.8,6,I,AS5,Z,16.1,11.6,14.1,20,324
2005,MITSUBISHI,OUTLANDER,SUV,2.4,4,I,AS4,X,11,8.2,9.7,29,223
2005,MITSUBISHI,OUTLANDER,SUV,2.4,4,I,M5,X,10.8,7.8,9.4,30,216
2005,MITSUBISHI,OUTLANDER AWD,SUV,2.4,4,I,AS4,X,11.5,8.6,10.2,28,235
2005,MITSUBISHI,OUTLANDER AWD,SUV,2.4,4,I,M5,X,11.3,8.1,9.9,29,228
2005,SUBARU,FORESTER AWD,SUV,2.5,4,I,A4,X,10.4,7.6,9.2,31,212
2005,SUBARU,FORESTER AWD,SUV,2.5,4,I,M5,X,10.4,7.3,9,31,207
2005,SUBARU,FORESTER XT AWD,SUV,2.5,4,I,A4,Z,11.7,9.3,10.6,27,244
2005,SUBARU,FORESTER XT AWD,SUV,2.5,4,I,M5,Z,12.2,9,10.8,26,248
2005,SUBARU,IMPREZA 2.5RS SEDAN AWD,SUBCOMPACT,2.5,4,I,A4,X,10.4,7.6,9.2,31,212
2005,SUBARU,IMPREZA 2.5RS SEDAN AWD,SUBCOMPACT,2.5,4,I,M5,X,10.3,7.2,8.9,32,205
2005,SUBARU,IMPREZA WRX SEDAN AWD,SUBCOMPACT,2,4,I,A4,Z,12.2,8.3,10.4,27,239
2005,SUBARU,IMPREZA WRX SEDAN AWD,SUBCOMPACT,2,4,I,M5,Z,11.8,8,10.1,28,232
2005,SUBARU,IMPREZA WRX STi SEDAN AWD,SUBCOMPACT,2.5,4,I,M6,Z,13.4,9.1,11.5,25,264
2005,TOYOTA,CAMRY,MID-SIZE,2.4,4,I,A5,X,10,6.4,8.4,34,193
2005,TOYOTA,CAMRY,MID-SIZE,2.4,4,I,M5,X,9.8,6.5,8.3,34,191
2005,TOYOTA,CAMRY,MID-SIZE,3,6,I,A5,X,11.5,7.5,9.6,29,221
2005,TOYOTA,CAMRY,MID-SIZE,3.3,6,I,A5,X,11.4,7.5,9.6,29,221
2005,TOYOTA,CAMRY SOLARA,COMPACT,2.4,4,I,A4,X,10.3,6.9,8.8,32,202
2005,TOYOTA,CAMRY SOLARA,COMPACT,3.3,6,I,AS5,X,11.5,7.3,9.6,29,221
2005,TOYOTA,CAMRY SOLARA CONVERTIBLE,COMPACT,3.3,6,I,AS5,X,11.6,7.6,9.8,29,225
2005,TOYOTA,COROLLA,COMPACT,1.8,4,I,A4,X,7.8,5.6,6.8,42,156
2005,TOYOTA,COROLLA,COMPACT,1.8,4,I,M5,X,7.1,5.3,6.3,45,145
2005,TOYOTA,PRIUS,MID-SIZE,1.5,4,I,AV,X,4,4.2,4.1,69,94
2005,TOYOTA,RAV4 4X4,SUV,2.4,4,I,A4,X,10.5,8.1,9.4,30,216
2005,TOYOTA,RAV4 4X4,SUV,2.4,4,I,M5,X,10.7,8.1,9.5,30,218
2005,VOLKSWAGEN,GOLF,COMPACT,2,4,I,A4,X,9.6,7.2,8.6,33,198
2005,VOLKSWAGEN,GOLF,COMPACT,2,4,I,M5,X,9.8,7.1,8.6,33,198
2005,VOLKSWAGEN,GOLF TDI DIESEL,COMPACT,1.9,4,I,AS5,D,7.3,5,6.3,45,170
2005,VOLKSWAGEN,GOLF TDI DIESEL,COMPACT,1.9,4,I,M5,D,6.2,4.6,5.5,51,148
2005,VOLKSWAGEN,JETTA,COMPACT,1.8,4,I,AS5,Z,10.8,7.4,9.3,30,214
2005,VOLKSWAGEN,JETTA,COMPACT,1.8,4,I,M5,Z,9.9,6.9,8.5,33,196
2005,VOLKSWAGEN,JETTA,COMPACT,2,4,I,A4,X,9.6,7.2,8.6,33,198
2005,VOLKSWAGEN,JETTA,COMPACT,2,4,I,M5,X,9.8,7.1,8.6,33,198
2005,VOLKSWAGEN,JETTA,COMPACT,2.8,6,I,M6,Z,11,7.3,9.4,30,216
2005,VOLKSWAGEN,JETTA TDI DIESEL,COMPACT,1.9,4,I,AS5,D,7.3,5,6.3,45,170
2005,VOLKSWAGEN,JETTA TDI DIESEL,COMPACT,1.9,4,I,M5,D,6.2,4.6,5.5,51,148
2005,VOLKSWAGEN,NEW BEETLE,SUBCOMPACT,1.8,4,I,AS6,Z,10.6,7.1,9,31,207
2005,VOLKSWAGEN,NEW BEETLE,SUBCOMPACT,1.8,4,I,M5,Z,9.6,7.1,8.5,33,196
2005,VOLKSWAGEN,NEW BEETLE,SUBCOMPACT,2,4,I,AS6,X,10.7,6.9,9,31,207
2005,VOLKSWAGEN,NEW BEETLE,SUBCOMPACT,2,4,I,M5,X,9.8,7.1,8.6,33,198
2005,VOLKSWAGEN,NEW BEETLE CONVERTIBLE,MINICOMPACT,1.8,4,I,AS6,Z,10.8,7.2,9.2,31,212
2005,VOLKSWAGEN,NEW BEETLE CONVERTIBLE,MINICOMPACT,1.8,4,I,M5,Z,9.6,7.2,8.5,33,196
2005,VOLKSWAGEN,NEW BEETLE CONVERTIBLE,MINICOMPACT,2,4,I,AS6,X,11,7,9.2,31,212
2005,VOLKSWAGEN,NEW BEETLE CONVERTIBLE,MINICOMPACT,2,4,I,M5,X,9.8,7.1,8.6,33,198
2005,VOLKSWAGEN,NEW BEETLE TDI DIESEL,SUBCOMPACT,1.9,4,I,AS6,D,6.5,5.2,5.9,48,159
2005,VOLKSWAGEN,NEW BEETLE TDI DIESEL,SUBCOMPACT,1.9,4,I,M5,D,6.2,4.6,5.5,51,148
2005,VOLKSWAGEN,PASSAT,MID-SIZE,1.8,4,I,AS5,Z,11,7.1,9.2,31,212
2005,VOLKSWAGEN,PASSAT,MID-SIZE,1.8,4,I,M5,Z,10.7,7,9,31,207
2005,VOLKSWAGEN,PASSAT,MID-SIZE,2.8,6,I,AS5,Z,12.8,8.3,10.8,26,248
2005,VOLKSWAGEN,PASSAT,MID-SIZE,2.8,6,I,M5,Z,11.9,7.7,10,28,230
2005,VOLKSWAGEN,PASSAT 4MOTION,MID-SIZE,1.8,4,I,AS5,Z,11.7,7.5,9.8,29,225
2005,VOLKSWAGEN,PASSAT 4MOTION,MID-SIZE,1.8,4,I,M5,Z,11,7.1,9.2,31,212
2005,VOLKSWAGEN,PASSAT 4MOTION,MID-SIZE,2.8,6,I,AS5,Z,12.7,8.3,10.7,26,246
2005,VOLKSWAGEN,PASSAT TDI DIESEL,MID-SIZE,2,4,I,AS5,D,8.7,5.7,7.4,38,200
2005,MERCEDES-BENZ,M-CLASS (W163 Ref),SUV,3.7,6,I,A5,Z,13.5,9,11.5,25,264
2005,LAND ROVER,DEFENDER 90 (Td5),OFF-ROAD,2.5,5,I,M5,D,11.5,9,10.3,27,272
2005,SSANGYONG,REXTON (2.9L - Micro),SUV,2.9,5,I,A5,D,12,9,10.5,27,275
2005,SSANGYONG,KYRON (2.0L - Micro),SUV,2,4,I,A5,D,11,8.5,9.8,29,258
2005,AUDI,A6 ALLROAD (Ref),WAGON,3.2,6,I,A6,Z,12.5,8.5,10.7,26,248
2005,MERCEDES-BENZ,M-CLASS ML 350 (W163),SUV,3.7,6,I,A5,Z,13.5,9.5,11.8,24,276
2005,MERCEDES-BENZ,GL-CLASS (Pre-GL X164 Ref),SUV,4.7,8,V,A5,Z,15.5,11.5,13.5,21,315
2005,TOYOTA,LAND CRUISER 100,SUV,4.7,8,V,A5,Z,16.5,11.5,14,20,340
2005,NISSAN,PATROL Y61 (3.0L),OFF-ROAD,3,4,I,A4,D,13.5,9.5,11.5,25,303
2005,TOYOTA,VOXY (ZRR60),MPV,2,4,I,A4,Z,9.8,7.5,8.8,32,205
2005,SUZUKI,KEI CAR (Ref - Wagon R),KEI CAR,0.7,3,I,A4,Z,6.5,4.8,5.6,42,135
2005,DAIHATSU,TANTO (L350S),KEI CAR,0.7,3,I,A4,Z,6.6,4.9,5.7,41,137
2005,TOYOTA,ALPHARD (ANH10 - 2.4L),MPV,2.4,4,I,A4,Z,11.5,8,10,28,235
2006,AUDI,A4,COMPACT,2,4,I,AV,Z,9.8,6.7,8.4,34,193
2006,AUDI,A4,COMPACT,2,4,I,M6,Z,10.1,6.2,8.4,34,193
2006,AUDI,A4 CABRIOLET QUATTRO,SUBCOMPACT,3,6,I,AS5,Z,13.2,8.6,11.1,25,255
2006,AUDI,A4 QUATTRO,COMPACT,2,4,I,AS6,Z,10.8,7.2,9.2,31,212
2006,AUDI,A4 QUATTRO,COMPACT,2,4,I,M6,Z,10.6,7,9,31,207
2006,AUDI,A4 QUATTRO,COMPACT,3.1,6,I,AS6,Z,12.3,8.1,10.4,27,239
2006,AUDI,A6 QUATTRO,MID-SIZE,3.1,6,I,AS6,Z,12.3,8.1,10.4,27,239
2006,AUDI,A6 QUATTRO,MID-SIZE,4.2,8,V,AS6,Z,13.6,9.3,11.7,24,269
2006,AUDI,A8,MID-SIZE,4.2,8,V,AS6,Z,13.4,8.9,11.4,25,262
2006,AUDI,A8L,FULL-SIZE,4.2,8,V,AS6,Z,13.4,8.9,11.4,25,262
2006,BMW,323i,COMPACT,2.5,6,I,A6,Z,11.2,6.7,9.2,31,212
2006,BMW,323i,COMPACT,2.5,6,I,M6,Z,11.1,6.9,9.2,31,212
2006,BMW,530i,MID-SIZE,3,6,I,A6,Z,11.4,7.3,9.5,30,218
2006,BMW,530i,MID-SIZE,3,6,I,M6,Z,11.4,7.1,9.4,30,216
2006,BMW,530xi,MID-SIZE,3,6,I,A6,Z,11.7,7.9,9.9,29,228
2006,BMW,530xi,MID-SIZE,3,6,I,M6,Z,12.1,7.8,10.2,28,235
2006,BMW,750Li,FULL-SIZE,4.8,8,V,A6,Z,13.8,8.7,11.5,25,264
2006,BMW,M5,MID-SIZE,5,10,V,AM7,Z,18.1,11,14.9,19,343
2006,BMW,X3,SUV,2.5,6,I,A5,Z,14.1,9.2,11.9,24,274
2006,BMW,X3,SUV,2.5,6,I,M6,Z,13.6,8.9,11.5,25,264
2006,BMW,X3,SUV,3,6,I,A5,Z,14.8,9.3,12.3,23,283
2006,BMW,X3,SUV,3,6,I,M6,Z,13.8,8.8,11.5,25,264
2006,BMW,X5,SUV,3,6,I,A6,Z,14.9,10.4,12.9,22,297
2006,BMW,X5,SUV,3,6,I,M6,Z,15.9,10.1,13.3,21,306
2006,BMW,X5,SUV,4.4,8,V,A6,Z,14.8,9.9,12.6,22,290
2006,BMW,X5 4.8is,SUV,4.8,8,V,A6,Z,14.7,10.1,12.6,22,290
2006,FORD,CROWN VICTORIA,FULL-SIZE,4.6,8,V,A4,X,14,8.5,11.5,25,264
2006,FORD,FOCUS,COMPACT,2,4,I,A4,X,9.2,6.8,8.1,35,186
2006,FORD,FOCUS,COMPACT,2,4,I,M5,X,9,6.4,7.8,36,179
2006,FORD,FOCUS,COMPACT,2.3,4,I,M5,X,10.6,6.9,9,31,207
2006,HONDA,ACCORD,MID-SIZE,2.4,4,I,A5,X,9.7,6.3,8.2,34,189
2006,HONDA,ACCORD,MID-SIZE,2.4,4,I,M5,X,9.1,6.4,7.9,36,182
2006,HONDA,ACCORD,MID-SIZE,3,6,I,A5,X,11.5,7.5,9.7,29,223
2006,HONDA,ACCORD,MID-SIZE,3,6,I,M6,X,11.4,7.2,9.5,30,218
2006,HONDA,ACCORD HYBRID,MID-SIZE,3,6,I,A5,X,9.5,6.4,8.1,35,186
2006,HONDA,CIVIC,COMPACT,1.8,4,I,A5,X,8.2,5.7,7.1,40,163
2006,HONDA,CIVIC,COMPACT,1.8,4,I,M5,X,7.8,5.7,6.9,41,159
2006,HONDA,CR-V 4X4,SUV,2.4,4,I,A5,X,10.6,8,9.4,30,216
2006,HONDA,CR-V 4X4,SUV,2.4,4,I,M5,X,11.1,8.4,9.9,29,228
2006,HYUNDAI,ACCENT 3/5-DOOR,COMPACT,1.6,4,I,A4,X,8.9,6.2,7.7,37,177
2006,HYUNDAI,ACCENT 3/5-DOOR,COMPACT,1.6,4,I,M5,X,8.1,6.5,7.4,38,170
2006,HYUNDAI,ACCENT 4-DOOR,COMPACT,1.6,4,I,A4,X,8.3,5.9,7.2,39,166
2006,HYUNDAI,ACCENT 4-DOOR,COMPACT,1.6,4,I,M5,X,7.4,6.2,6.8,42,156
2006,HYUNDAI,SANTA FE,SUV,2.4,4,I,M5,X,11.7,8.1,10,28,230
2006,HYUNDAI,SANTA FE,SUV,2.7,6,I,A4,X,12.1,8.6,10.5,27,242
2006,HYUNDAI,SANTA FE 4X4,SUV,2.7,6,I,A4,X,13,9.3,11.3,25,260
2006,HYUNDAI,SANTA FE 4X4,SUV,3.5,6,I,A5,X,14.2,9.5,12.1,23,278
2006,HYUNDAI,SONATA,FULL-SIZE,2.4,4,I,A4,X,9.9,6.5,8.3,34,191
2006,HYUNDAI,SONATA,FULL-SIZE,2.4,4,I,M5,X,9.6,6.3,8.2,34,189
2006,HYUNDAI,SONATA,FULL-SIZE,3.3,6,I,A5,X,11.5,7.2,9.6,29,221
2006,JEEP,GRAND CHEROKEE 4X4,SUV,3.7,6,I,A5,X,14.2,10.3,12.4,23,285
2006,JEEP,GRAND CHEROKEE 4X4,SUV,4.7,8,V,A5,X,15.6,10.7,13.4,21,308
2006,KIA,RIO,COMPACT,1.6,4,I,A4,X,8.1,5.7,7,40,161
2006,KIA,RIO,COMPACT,1.6,4,I,M5,X,7.4,6.2,6.9,41,159
2006,KIA,SORENTO 4X4,SUV,3.5,6,I,A5,X,16.2,11,13.9,20,320
2006,KIA,SORENTO 4X4,SUV,3.5,6,I,M5,X,14.9,10.9,13.1,22,301
2006,KIA,SPORTAGE,SUV,2,4,I,A4,X,11.1,8.2,9.8,29,225
2006,KIA,SPORTAGE,SUV,2,4,I,M5,X,10.6,7.8,9.3,30,214
2006,KIA,SPORTAGE,SUV,2.7,6,I,A4,X,12.1,8.5,10.5,27,242
2006,KIA,SPORTAGE 4X4,SUV,2,4,I,M5,X,11.2,8.2,9.8,29,225
2006,KIA,SPORTAGE 4X4,SUV,2.7,6,I,A4,X,12.4,9.4,11,26,253
2006,LAND ROVER,RANGE ROVER 4X4,SUV,4.4,8,V,AS6,X,16.7,11.9,14.5,19,334
2006,LAND ROVER,RANGE ROVER 4X4 #,SUV,4.2,8,V,AS6,X,18.1,11.8,15.2,19,350
2006,LAND ROVER,RANGE ROVER SPORT 4X4,SUV,4.4,8,V,AS6,X,17.1,11.2,14.4,20,331
2006,LAND ROVER,RANGE ROVER SPORT 4X4 #,SUV,4.2,8,V,AS6,X,18.1,11.8,15.2,19,350
2006,MAZDA,MAZDA3,COMPACT,2,4,I,AS4,X,9.1,6.4,7.9,36,182
2006,MAZDA,MAZDA3,COMPACT,2,4,I,M5,X,8.4,6.1,7.4,38,170
2006,MAZDA,MAZDA3,COMPACT,2.3,4,I,AS5,X,9.4,6.9,8.3,34,191
2006,MAZDA,MAZDA3,COMPACT,2.3,4,I,M5,X,9.2,6.7,8.1,35,186
2006,MAZDA,MAZDA6,MID-SIZE,2.3,4,I,AS5,X,10,7,8.6,33,198
2006,MAZDA,MAZDA6,MID-SIZE,2.3,4,I,M5,X,10,6.8,8.6,33,198
2006,MAZDA,MAZDA6,MID-SIZE,3,6,I,AS6,X,12.1,7.9,10.2,28,235
2006,MAZDA,MAZDA6,MID-SIZE,3,6,I,M5,X,12.2,8,10.3,27,237
2006,MAZDA,MAZDA6 TURBO,MID-SIZE,2.3,4,I,M6,Z,12.5,8.5,10.7,26,246
2006,MAZDA,RX-8,SUBCOMPACT,1.3,2,I,AS6,Z,12.9,8.6,11,26,253
2006,MAZDA,RX-8,SUBCOMPACT,1.3,2,I,M6,Z,12.8,9.2,11.2,25,258
2006,MAZDA,TRIBUTE,SUV,2.3,4,I,A4,X,10.4,8.4,9.5,30,218
2006,MAZDA,TRIBUTE,SUV,2.3,4,I,M5,X,9.9,7.3,8.8,32,202
2006,MAZDA,TRIBUTE,SUV,3,6,I,A4,X,11.9,8.8,10.5,27,242
2006,MAZDA,TRIBUTE 4X4,SUV,2.3,4,I,A4,X,11.4,9,10.3,27,237
2006,MAZDA,TRIBUTE 4X4,SUV,2.3,4,I,M5,X,10.6,8,9.4,30,216
2006,MAZDA,TRIBUTE 4X4,SUV,3,6,I,A4,X,12.5,9.4,11.1,25,255
2006,MITSUBISHI,LANCER,COMPACT,2,4,I,A4,X,9.4,7,8.3,34,191
2006,MITSUBISHI,LANCER,COMPACT,2,4,I,M5,X,8.7,6.4,7.5,38,172
2006,MITSUBISHI,LANCER,COMPACT,2.4,4,I,A4,X,10.4,7.3,9.2,31,212
2006,MITSUBISHI,LANCER,COMPACT,2.4,4,I,M5,X,10.1,7.4,8.9,32,205
2006,MITSUBISHI,MONTERO 4X4,SUV,3.8,6,I,AS5,Z,16.1,11.6,14.1,20,324
2006,MITSUBISHI,OUTLANDER,SUV,2.4,4,I,AS4,X,11,8.2,9.7,29,223
2006,MITSUBISHI,OUTLANDER,SUV,2.4,4,I,M5,X,10.8,7.8,9.4,30,216
2006,MITSUBISHI,OUTLANDER AWD,SUV,2.4,4,I,AS4,X,11.5,8.6,10.2,28,235
2006,MITSUBISHI,OUTLANDER AWD,SUV,2.4,4,I,M5,X,11.3,8.1,9.9,29,228
2006,NISSAN,PATHFINDER 4X4,SUV,4,6,I,A5,X,15.7,10.6,13.4,21,308
2006,SUBARU,FORESTER 2.5X AWD,SUV,2.5,4,I,A4,X,10.4,7.8,9.2,31,212
2006,SUBARU,FORESTER 2.5X AWD,SUV,2.5,4,I,M5,X,10.7,7.5,9.3,30,214
2006,SUBARU,FORESTER 2.5XS AWD,SUV,2.5,4,I,A4,X,10.4,7.8,9.2,31,212
2006,SUBARU,FORESTER 2.5XS AWD,SUV,2.5,4,I,M5,X,10.7,7.5,9.3,30,214
2006,SUBARU,FORESTER 2.5XT AWD,SUV,2.5,4,I,A4,Z,11.4,8.5,10.1,28,232
2006,SUBARU,FORESTER 2.5XT AWD,SUV,2.5,4,I,M5,Z,12,8.3,10.3,27,237
2006,SUBARU,IMPREZA 2.5i SEDAN/WAGON AWD,SUBCOMPACT,2.5,4,I,A4,X,10.4,7.8,9.2,31,212
2006,SUBARU,IMPREZA 2.5i SEDAN/WAGON AWD,SUBCOMPACT,2.5,4,I,M5,X,10.7,7.5,9.3,30,214
2006,SUBARU,IMPREZA WRX SEDAN AWD,SUBCOMPACT,2.5,4,I,A4,Z,11.4,8.5,10.1,28,232
2006,SUBARU,IMPREZA WRX SEDAN AWD,SUBCOMPACT,2.5,4,I,M5,Z,12,8.3,10.3,27,237
2006,SUBARU,IMPREZA WRX STI SEDAN AWD,SUBCOMPACT,2.5,4,I,M6,Z,13.4,9.1,11.5,25,264
2006,TOYOTA,CAMRY,MID-SIZE,2.4,4,I,A5,X,10,6.4,8.4,34,193
2006,TOYOTA,CAMRY,MID-SIZE,2.4,4,I,M5,X,9.8,6.5,8.3,34,191
2006,TOYOTA,CAMRY,MID-SIZE,3,6,I,A5,X,11.5,7.4,9.7,29,223
2006,TOYOTA,CAMRY,MID-SIZE,3.3,6,I,A5,X,11.5,7.3,9.6,29,221
2006,TOYOTA,CAMRY SOLARA,COMPACT,2.4,4,I,AS5,X,10,6.5,8.4,34,193
2006,TOYOTA,CAMRY SOLARA,COMPACT,3.3,6,I,AS5,X,11.5,7.3,9.6,29,221
2006,TOYOTA,CAMRY SOLARA CONVERTIBLE,SUBCOMPACT,3.3,6,I,AS5,X,11.6,7.6,9.8,29,225
2006,TOYOTA,COROLLA,COMPACT,1.8,4,I,A4,X,7.8,5.6,6.8,42,156
2006,TOYOTA,COROLLA,COMPACT,1.8,4,I,M5,X,7.1,5.3,6.3,45,145
2006,TOYOTA,COROLLA,COMPACT,1.8,4,I,M6,Z,9.2,6.4,7.9,36,182
2006,TOYOTA,PRIUS,MID-SIZE,1.5,4,I,AV,X,4,4.2,4.1,69,94
2006,TOYOTA,RAV4,SUV,2.4,4,I,A4,X,10.1,7.7,9,31,207
2006,TOYOTA,RAV4,SUV,3.5,6,I,A5,X,11.1,7.8,9.6,29,221
2006,VOLKSWAGEN,GOLF,COMPACT,2,4,I,A4,X,9.6,7.2,8.6,33,198
2006,VOLKSWAGEN,GOLF,COMPACT,2,4,I,M5,X,9.8,7.1,8.6,33,198
2006,VOLKSWAGEN,GOLF TDI DIESEL,COMPACT,1.9,4,I,AS5,D,7.5,5.1,6.4,44,173
2006,VOLKSWAGEN,GOLF TDI DIESEL,COMPACT,1.9,4,I,M5,D,6.2,4.6,5.5,51,148
2006,VOLKSWAGEN,JETTA,COMPACT,2,4,I,AS6,Z,9.4,6.9,8.3,34,191
2006,VOLKSWAGEN,JETTA,COMPACT,2,4,I,M6,Z,10,6.9,8.6,33,198
2006,VOLKSWAGEN,JETTA,COMPACT,2.5,5,I,AS6,X,10.8,7.2,9.2,31,212
2006,VOLKSWAGEN,JETTA,COMPACT,2.5,5,I,M5,X,10.8,7.2,9.2,31,212
2006,VOLKSWAGEN,JETTA TDI DIESEL,COMPACT,1.9,4,I,AS6,D,6.8,5.1,6,47,162
2006,VOLKSWAGEN,JETTA TDI DIESEL,COMPACT,1.9,4,I,M5,D,6.6,5.2,5.9,48,159
2006,VOLKSWAGEN,NEW BEETLE,SUBCOMPACT,2.5,5,I,AS6,X,10.4,6.8,8.8,32,202
2006,VOLKSWAGEN,NEW BEETLE,SUBCOMPACT,2.5,5,I,M5,X,10.4,7.1,8.9,32,205
2006,VOLKSWAGEN,NEW BEETLE CONVERTIBLE,MINICOMPACT,2.5,5,I,AS6,X,11,7.2,9.2,31,212
2006,VOLKSWAGEN,NEW BEETLE CONVERTIBLE,MINICOMPACT,2.5,5,I,M5,X,10.8,7.2,9.2,31,212
2006,VOLKSWAGEN,NEW BEETLE TDI DIESEL,SUBCOMPACT,1.9,4,I,AS6,D,6.8,5.1,6,47,162
2006,VOLKSWAGEN,NEW BEETLE TDI DIESEL,SUBCOMPACT,1.9,4,I,M5,D,6.2,4.6,5.5,51,148
2006,VOLKSWAGEN,PASSAT,MID-SIZE,2,4,I,AS6,Z,10.8,7.1,9.1,31,209
2006,VOLKSWAGEN,PASSAT,MID-SIZE,3.6,6,I,AS6,Z,12.3,7.7,10.2,28,235
2006,VOLKSWAGEN,PASSAT 4MOTION,MID-SIZE,3.6,6,I,AS6,Z,12.8,8,10.6,27,244
2007,AUDI,A4,COMPACT,2,4,I,AV,Z,9.8,6.7,8.4,34,193
2007,AUDI,A4,COMPACT,2,4,I,M6,Z,10.2,6.3,8.5,33,196
2007,AUDI,A4 CABRIOLET,SUBCOMPACT,2,4,I,AV,Z,9.8,6.7,8.4,34,193
2007,AUDI,A4 CABRIOLET,COMPACT,3.1,6,I,AS6,Z,12.5,8.1,10.5,27,242
2007,AUDI,A4 QUATTRO,COMPACT,2,4,I,AS6,Z,10.8,7.2,9.2,31,212
2007,AUDI,A4 QUATTRO,COMPACT,2,4,I,M6,Z,10.6,7,9,31,207
2007,AUDI,A4 QUATTRO,COMPACT,3.1,6,I,AS6,Z,12.1,8,10.3,27,237
2007,AUDI,A4 QUATTRO,COMPACT,3.1,6,I,M6,Z,13.6,8.1,11.1,25,255
2007,AUDI,A6 QUATTRO,MID-SIZE,3.1,6,I,AS6,Z,12.1,8,10.3,27,237
2007,AUDI,A6 QUATTRO,MID-SIZE,4.2,8,V,AS6,Z,13.1,8.8,11.2,25,258
2007,AUDI,A8,MID-SIZE,4.2,8,V,AS6,Z,13.1,8.8,11.2,25,258
2007,AUDI,A8 L,FULL-SIZE,4.2,8,V,AS6,Z,13.1,8.8,11.2,25,258
2007,AUDI,Q7,SUV,3.6,6,I,AS6,Z,15.1,11,13.3,21,305
2007,AUDI,Q7,SUV,4.2,8,V,AS6,Z,17.2,11.5,14.7,19,337
2007,BMW,323i,COMPACT,2.5,6,I,A6,Z,11.2,6.7,9.2,31,212
2007,BMW,323i,COMPACT,2.5,6,I,M6,Z,11.1,6.9,9.2,31,212
2007,BMW,328i,COMPACT,3,6,I,A6,Z,11.3,7.1,9.4,30,216
2007,BMW,328i,COMPACT,3,6,I,M6,Z,11.7,7.2,9.7,29,222
2007,BMW,328xi,COMPACT,3,6,I,A6,Z,11.7,7.9,10,28,230
2007,BMW,328xi,COMPACT,3,6,I,M6,Z,12.2,7.7,10.2,28,233
2007,BMW,530i,MID-SIZE,3,6,I,A6,Z,11.3,7.1,9.3,30,214
2007,BMW,530i,MID-SIZE,3,6,I,M6,Z,11.7,7.2,9.7,29,222
2007,BMW,530xi,MID-SIZE,3,6,I,A6,Z,11.7,7.9,10,28,230
2007,BMW,530xi,MID-SIZE,3,6,I,M6,Z,12.2,7.7,10.2,28,233
2007,BMW,750Li,FULL-SIZE,4.8,8,V,A6,Z,13.8,8.7,11.5,25,264
2007,BMW,M5,MID-SIZE,5,10,V,AM7,Z,18.4,11,15.1,19,347
2007,BMW,M5,MID-SIZE,5,10,V,M6,Z,19.9,11.9,16.3,17,375
2007,BMW,X3 3.0i,SUV,3,6,I,A6,Z,12.2,8.4,10.5,27,242
2007,BMW,X3 3.0i,SUV,3,6,I,M6,Z,12.5,8.2,10.6,27,244
2007,BMW,X3 3.0si,SUV,3,6,I,A6,Z,12.2,8.4,10.5,27,242
2007,BMW,X3 3.0si,SUV,3,6,I,M6,Z,12.5,8.2,10.6,27,244
2007,BMW,X5 3.0si,SUV,3,6,I,A6,Z,13.6,9.3,11.7,24,269
2007,BMW,X5 4.8i,SUV,4.8,8,V,A6,Z,15.9,10.2,13.3,21,306
2007,FORD,CROWN VICTORIA,FULL-SIZE,4.6,8,V,A4,X,14.1,8.8,11.7,24,269
2007,FORD,CROWN VICTORIA,FULL-SIZE,4.6,8,V,A4,X,14.3,9.3,12,24,276
2007,FORD,FOCUS,COMPACT,2,4,I,A4,X,9,6.5,7.8,36,179
2007,FORD,FOCUS,COMPACT,2,4,I,M5,X,8.7,5.9,7.4,38,170
2007,FORD,FOCUS,COMPACT,2.3,4,I,M5,X,10.5,6.8,8.8,32,202
2007,HONDA,ACCORD,MID-SIZE,2.4,4,I,A5,X,9.7,6.3,8.2,34,189
2007,HONDA,ACCORD,MID-SIZE,2.4,4,I,M5,X,9.1,6.4,7.9,36,182
2007,HONDA,ACCORD,MID-SIZE,3,6,I,A5,X,11.5,7.5,9.7,29,223
2007,HONDA,ACCORD,MID-SIZE,3,6,I,M6,X,11.4,7.2,9.5,30,218
2007,HONDA,ACCORD HYBRID,MID-SIZE,3,6,I,A5,X,8.2,6.1,7.2,39,166
2007,HONDA,CIVIC,SUBCOMPACT,1.8,4,I,A5,X,8.2,5.7,7.1,40,163
2007,HONDA,CIVIC,SUBCOMPACT,1.8,4,I,M5,X,7.8,5.7,6.9,41,159
2007,HONDA,CIVIC,SUBCOMPACT,2,4,I,M6,Z,10.2,6.8,8.7,32,200
2007,HONDA,CR-V,SUV,2.4,4,I,A5,X,10.2,7.3,8.9,32,205
2007,HONDA,CR-V AWD,SUV,2.4,4,I,A5,X,10.7,7.8,9.4,30,216
2007,HYUNDAI,ACCENT,COMPACT,1.6,4,I,A4,X,8.5,6,7.4,38,170
2007,HYUNDAI,ACCENT,COMPACT,1.6,4,I,M5,X,7.4,6.3,6.9,41,159
2007,HYUNDAI,SANTA FE,SUV,2.7,6,I,A4,X,11.3,8.4,10,28,230
2007,HYUNDAI,SANTA FE,SUV,2.7,6,I,M5,X,11.9,8.6,10.4,27,239
2007,HYUNDAI,SANTA FE,SUV,3.3,6,I,A5,X,12.2,8.8,10.7,26,246
2007,HYUNDAI,SANTA FE 4X4,SUV,3.3,6,I,A5,X,12.6,9,11,26,253
2007,HYUNDAI,SONATA,FULL-SIZE,2.4,4,I,A4,X,9.9,6.5,8.3,34,191
2007,HYUNDAI,SONATA,FULL-SIZE,2.4,4,I,M5,X,9.6,6.3,8.2,34,189
2007,HYUNDAI,SONATA,FULL-SIZE,3.3,6,I,A5,X,11.5,7.2,9.6,29,221
2007,HYUNDAI,TUCSON,SUV,2,4,I,A4,X,10.7,8,9.5,30,218
2007,HYUNDAI,TUCSON,SUV,2,4,I,M5,X,10.4,7.8,9.3,30,214
2007,HYUNDAI,TUCSON,SUV,2.7,6,I,A4,X,11.9,8.4,10.3,27,237
2007,HYUNDAI,TUCSON 4X4,SUV,2.7,6,I,A4,X,12.3,8.8,10.7,26,246
2007,JEEP,GRAND CHEROKEE 4X4,SUV,3.7,6,I,A5,X,14.2,10.2,12.4,23,285
2007,JEEP,GRAND CHEROKEE 4X4 CRD TURBO DIESEL,SUV,3,6,I,A5,D,12,9,10.7,26,289
2007,JEEP,GRAND CHEROKEE 4X4 FFV,SUV,4.7,8,V,A5,X,15.6,10.7,13.4,21,308
2007,KIA,RIO,COMPACT,1.6,4,I,A4,X,8.1,5.7,7,40,161
2007,KIA,RIO,COMPACT,1.6,4,I,M5,X,7.4,6.2,6.9,41,159
2007,KIA,SORENTO,SUV,3.8,6,I,A5,X,14,9.6,12,24,276
2007,KIA,SORENTO 4X4,SUV,3.8,6,I,A5,X,14,9.8,12.1,23,278
2007,KIA,SPORTAGE,SUV,2,4,I,A4,X,10.7,8,9.5,30,218
2007,KIA,SPORTAGE,SUV,2,4,I,M5,X,10.4,7.8,9.3,30,214
2007,KIA,SPORTAGE,SUV,2.7,6,I,A4,X,12.1,8.5,10.5,27,242
2007,KIA,SPORTAGE 4X4,SUV,2,4,I,M5,X,10.9,8.3,9.7,29,223
2007,KIA,SPORTAGE 4X4,SUV,2.7,6,I,A4,X,12.4,9.4,11,26,253
2007,LAND ROVER,RANGE ROVER 4X4,SUV,4.4,8,V,AS6,X,17.4,11.2,14.6,19,336
2007,LAND ROVER,RANGE ROVER 4X4 #,SUV,4.2,8,V,AS6,X,17.7,11.4,14.9,19,342
2007,LAND ROVER,RANGE ROVER SPORT 4X4,SUV,4.4,8,V,AS6,X,17.1,11,14.4,20,330
2007,LAND ROVER,RANGE ROVER SPORT 4X4 #,SUV,4.2,8,V,AS6,X,17.7,11.4,14.9,19,342
2007,MAZDA,MAZDA3,MID-SIZE,2,4,I,AS4,X,9.1,6.4,7.9,36,182
2007,MAZDA,MAZDA3,MID-SIZE,2,4,I,M5,X,8.4,6.1,7.4,38,170
2007,MAZDA,MAZDA3,MID-SIZE,2.3,4,I,AS5,X,9.4,6.9,8.3,34,191
2007,MAZDA,MAZDA3,MID-SIZE,2.3,4,I,M5,X,9.2,6.7,8.1,35,186
2007,MAZDA,MAZDA3 TURBO,MID-SIZE,2.3,4,I,M6,Z,11.8,7.6,9.9,29,228
2007,MAZDA,MAZDA6,MID-SIZE,2.3,4,I,AS5,X,10,7,8.6,33,198
2007,MAZDA,MAZDA6,MID-SIZE,2.3,4,I,M5,X,10,6.9,8.6,33,198
2007,MAZDA,MAZDA6,MID-SIZE,3,6,I,AS6,X,12,7.9,10.2,28,235
2007,MAZDA,MAZDA6,MID-SIZE,3,6,I,M5,X,12.2,8.1,10.4,27,239
2007,MAZDA,MAZDA6 TURBO,MID-SIZE,2.3,4,I,M6,Z,12.5,8.5,10.7,26,246
2007,MAZDA,RX-8,SUBCOMPACT,1.3,2,I,AS6,Z,12.9,8.6,11,26,253
2007,MAZDA,RX-8,SUBCOMPACT,1.3,2,I,M6,Z,12.8,9.2,11.2,25,258
2007,MITSUBISHI,OUTLANDER,SUV,3,6,I,AS6,X,12,8.1,10.2,28,235
2007,MITSUBISHI,OUTLANDER 4X4,SUV,3,6,I,AS6,X,12.2,8.5,10.5,27,242
2007,NISSAN,PATHFINDER 4X4,SUV,4,6,I,A5,Z,15.3,10.4,13.1,22,301
2007,SUBARU,FORESTER 2.5X,SUV,2.5,4,I,A4,X,10.4,7.7,9.2,31,212
2007,SUBARU,FORESTER 2.5X,SUV,2.5,4,I,M5,X,10.7,7.5,9.3,30,214
2007,SUBARU,FORESTER 2.5XS,SUV,2.5,4,I,A4,X,10.4,7.7,9.2,31,212
2007,SUBARU,FORESTER 2.5XS,SUV,2.5,4,I,M5,X,10.7,7.5,9.3,30,214
2007,SUBARU,FORESTER 2.5XT,SUV,2.5,4,I,M5,Z,11.4,8.5,10.1,28,232
2007,SUBARU,FORESTER 2.5XT,SUV,2.5,4,I,M6,Z,11.7,8,10,28,230
2007,SUBARU,IMPREZA 2.5i,SUBCOMPACT,2.5,4,I,A4,X,10.4,7.7,9.2,31,212
2007,SUBARU,IMPREZA 2.5i,SUBCOMPACT,2.5,4,I,M5,X,10.7,7.5,9.3,30,214
2007,SUBARU,IMPREZA WRX,SUBCOMPACT,2.5,4,I,M5,Z,11.7,8,10,28,230
2007,SUBARU,IMPREZA WRX STI,SUBCOMPACT,2.5,4,I,M6,Z,12.6,8.8,10.9,26,251
2007,TOYOTA,CAMRY,MID-SIZE,2.4,4,I,A5,X,9.8,6.5,8.3,34,191
2007,TOYOTA,CAMRY,MID-SIZE,2.4,4,I,M5,X,9.6,6.4,8.2,34,189
2007,TOYOTA,CAMRY,MID-SIZE,3.5,6,I,AS6,X,10.7,7,9,31,207
2007,TOYOTA,CAMRY HYBRID,MID-SIZE,2.4,4,I,AV,X,5.7,5.7,5.7,50,131
2007,TOYOTA,CAMRY SOLARA,COMPACT,2.4,4,I,AS5,X,9.5,6.3,8.1,35,186
2007,TOYOTA,CAMRY SOLARA,COMPACT,3.3,6,I,AS5,X,11.5,7.3,9.6,29,221
2007,TOYOTA,CAMRY SOLARA CONVERTIBLE,COMPACT,3.3,6,I,AS5,X,11.6,7.6,9.8,29,225
2007,TOYOTA,COROLLA,COMPACT,1.8,4,I,A4,X,7.8,5.6,6.8,42,156
2007,TOYOTA,COROLLA,COMPACT,1.8,4,I,M5,X,7.1,5.3,6.3,45,145
2007,TOYOTA,FJ CRUISER 4X4,SUV,4,6,I,A5,Z,13.5,10.2,12,24,276
2007,TOYOTA,FJ CRUISER 4X4,SUV,4,6,I,M6,Z,14.5,11.2,13,22,299
2007,TOYOTA,PRIUS,MID-SIZE,1.5,4,I,AV,X,4,4.2,4.1,69,94
2007,TOYOTA,RAV4 AWD,SUV,2.4,4,I,A4,X,10.1,7.8,9.1,31,209
2007,TOYOTA,RAV4 AWD,SUV,3.5,6,I,A5,X,11.1,7.7,9.6,29,221
2007,VOLKSWAGEN,CITY GOLF,COMPACT,2,4,I,A4,X,9.6,7.2,8.5,33,196
2007,VOLKSWAGEN,CITY GOLF,COMPACT,2,4,I,M5,X,9.8,7.1,8.6,33,198
2007,VOLKSWAGEN,CITY JETTA,COMPACT,2,4,I,A4,X,9.6,7.2,8.5,33,196
2007,VOLKSWAGEN,CITY JETTA,COMPACT,2,4,I,M5,X,9.8,7.1,8.6,33,198
2007,VOLKSWAGEN,JETTA,COMPACT,2,4,I,AS6,Z,9.3,6.9,8.2,34,189
2007,VOLKSWAGEN,JETTA,COMPACT,2,4,I,M6,Z,10.1,6.8,8.6,33,198
2007,VOLKSWAGEN,JETTA,COMPACT,2.5,5,I,AS6,X,11,7.2,9.2,31,212
2007,VOLKSWAGEN,JETTA,COMPACT,2.5,5,I,M5,X,10.7,7.2,9.1,31,209
2007,VOLKSWAGEN,NEW BEETLE,SUBCOMPACT,2.5,5,I,AS6,X,10.4,6.8,8.8,32,202
2007,VOLKSWAGEN,NEW BEETLE,SUBCOMPACT,2.5,5,I,M5,X,10.4,7.1,8.9,32,205
2007,VOLKSWAGEN,NEW BEETLE CONVERTIBLE,MINICOMPACT,2.5,5,I,AS6,X,11,7.2,9.2,31,212
2007,VOLKSWAGEN,NEW BEETLE CONVERTIBLE,MINICOMPACT,2.5,5,I,M5,X,10.7,7.2,9.1,31,209
2007,VOLKSWAGEN,PASSAT,MID-SIZE,2,4,I,AS6,Z,10.8,7.1,9.1,31,209
2007,VOLKSWAGEN,PASSAT,MID-SIZE,2,4,I,M6,Z,10.1,6.8,8.6,33,198
2007,VOLKSWAGEN,PASSAT,MID-SIZE,3.6,6,I,AS6,Z,12.4,7.7,10.3,27,237
2007,VOLKSWAGEN,PASSAT 4MOTION,MID-SIZE,3.6,6,I,AS6,Z,12.8,8.3,10.8,26,248
2008,AUDI,A4,COMPACT,2,4,I,AV,Z,9.8,6.7,8.4,34,193
2008,AUDI,A4,COMPACT,2,4,I,M6,Z,10.2,6.3,8.5,33,196
2008,AUDI,A4 CABRIOLET,SUBCOMPACT,2,4,I,AV,Z,9.8,6.7,8.4,34,193
2008,AUDI,A4 CABRIOLET QUATTRO,SUBCOMPACT,2,4,I,AS6,Z,10.8,7.2,9.2,31,212
2008,AUDI,A4 CABRIOLET QUATTRO,SUBCOMPACT,3.1,6,I,AS6,Z,12.5,8.1,10.5,27,242
2008,AUDI,A4 QUATTRO,COMPACT,2,4,I,AS6,Z,10.8,7.2,9.2,31,212
2008,AUDI,A4 QUATTRO,COMPACT,2,4,I,M6,Z,10.6,7,9,31,207
2008,AUDI,A4 QUATTRO,COMPACT,3.1,6,I,AS6,Z,12.1,8,10.3,27,237
2008,AUDI,A4 QUATTRO,COMPACT,3.1,6,I,M6,Z,13.6,8.1,11.1,25,255
2008,AUDI,A5 QUATTRO,SUBCOMPACT,3.2,6,I,AS6,Z,11.6,7.6,9.8,29,225
2008,AUDI,A5 QUATTRO,SUBCOMPACT,3.2,6,I,M6,Z,12.7,7.1,10.2,28,235
2008,AUDI,A6 QUATTRO,MID-SIZE,3.1,6,I,AS6,Z,12.1,8,10.3,27,237
2008,AUDI,A6 QUATTRO,MID-SIZE,4.2,8,V,AS6,Z,13.1,8.8,11.2,25,258
2008,AUDI,A8,MID-SIZE,4.2,8,V,AS6,Z,13.1,8.8,11.2,25,258
2008,AUDI,A8L,FULL-SIZE,4.2,8,V,AS6,Z,13.1,8.8,11.2,25,258
2008,AUDI,Q7,SUV,3.6,6,I,AS6,Z,14.9,10.3,12.8,22,294
2008,AUDI,Q7,SUV,4.2,8,V,AS6,Z,17.4,11.8,14.9,19,343
2008,BMW,128i CABRIOLET,SUBCOMPACT,3,6,I,A6,Z,11.4,7.2,9.5,30,218
2008,BMW,128i CABRIOLET,SUBCOMPACT,3,6,I,M6,Z,11.2,7,9.3,30,214
2008,BMW,128i COUPE,SUBCOMPACT,3,6,I,A6,Z,11.1,7,9.3,30,214
2008,BMW,128i COUPE,SUBCOMPACT,3,6,I,M6,Z,11.2,7,9.3,30,214
2008,BMW,135i CABRIOLET,SUBCOMPACT,3,6,I,A6,Z,11.9,7.6,9.9,29,228
2008,BMW,135i CABRIOLET,SUBCOMPACT,3,6,I,M6,Z,12.4,7.7,10.3,27,237
2008,BMW,135i COUPE,SUBCOMPACT,3,6,I,A6,Z,11.7,7.7,9.9,29,228
2008,BMW,135i COUPE,SUBCOMPACT,3,6,I,M6,Z,12,7.9,10.1,28,232
2008,BMW,323i,COMPACT,2.5,6,I,A6,Z,11.2,6.7,9.2,31,212
2008,BMW,323i,COMPACT,2.5,6,I,M6,Z,11.1,6.9,9.2,31,212
2008,BMW,328i,COMPACT,3,6,I,A6,Z,11.1,7,9.3,30,214
2008,BMW,328i,COMPACT,3,6,I,M6,Z,11.2,7,9.3,30,214
2008,BMW,328xi,COMPACT,3,6,I,A6,Z,11.9,7.9,10.1,28,232
2008,BMW,328xi,COMPACT,3,6,I,M6,Z,12.3,7.6,10.2,28,235
2008,BMW,528i,MID-SIZE,3,6,I,A6,Z,11.4,7.2,9.5,30,218
2008,BMW,528i,MID-SIZE,3,6,I,M6,Z,11.2,7,9.3,30,214
2008,BMW,528xi,MID-SIZE,3,6,I,A6,Z,11.9,7.9,10.1,28,232
2008,BMW,528xi,MID-SIZE,3,6,I,M6,Z,12.3,7.6,10.2,28,235
2008,BMW,750Li,FULL-SIZE,4.8,8,V,A6,Z,13.8,8.6,11.5,25,264
2008,BMW,M5,MID-SIZE,5,10,V,AM7,Z,18.4,11,15.1,19,347
2008,BMW,M5,MID-SIZE,5,10,V,M6,Z,19.9,11.9,16.3,17,375
2008,BMW,X3 3.0i,SUV,3,6,I,A6,Z,12.2,8.3,10.5,27,242
2008,BMW,X3 3.0i,SUV,3,6,I,M6,Z,12.8,8.4,10.8,26,248
2008,BMW,X3 3.0si,SUV,3,6,I,A6,Z,12.2,8.3,10.5,27,242
2008,BMW,X3 3.0si,SUV,3,6,I,M6,Z,12.8,8.4,10.8,26,248
2008,BMW,X5 3.0si,SUV,3,6,I,A6,Z,13.6,9.3,11.7,24,269
2008,BMW,X5 4.8i,SUV,4.8,8,V,A6,Z,15.6,10.2,13.2,21,304
2008,BMW,X6 XDRIVE 35i,SUV,3,6,I,A6,Z,14.4,10,12.4,23,285
2008,FORD,FOCUS,COMPACT,2,4,I,A4,X,8.4,5.9,7.3,39,168
2008,FORD,FOCUS,COMPACT,2,4,I,M5,X,8.5,5.7,7.2,39,166
2008,HONDA,ACCORD 4DR SEDAN,FULL-SIZE,2.4,4,I,A5,X,9.9,6.5,8.4,34,193
2008,HONDA,ACCORD 4DR SEDAN,FULL-SIZE,2.4,4,I,M5,X,9.4,6.4,8,35,184
2008,HONDA,ACCORD 4DR SEDAN,FULL-SIZE,3.5,6,I,A5,X,11,6.7,9.1,31,209
2008,HONDA,CIVIC,SUBCOMPACT,1.8,4,I,A5,X,8.2,5.7,7.1,40,163
2008,HONDA,CIVIC,SUBCOMPACT,1.8,4,I,M5,X,7.4,5.4,6.5,43,150
2008,HONDA,CIVIC,SUBCOMPACT,2,4,I,M6,Z,10.2,6.8,8.7,32,200
2008,HONDA,CR-V,SUV,2.4,4,I,A5,X,10.3,7.3,9,31,207
2008,HONDA,CR-V AWD,SUV,2.4,4,I,A5,X,10.7,7.8,9.4,30,216
2008,HYUNDAI,ACCENT,COMPACT,1.6,4,I,A4,X,8.5,5.9,7.3,39,168
2008,HYUNDAI,ACCENT,COMPACT,1.6,4,I,M5,X,7.4,6.2,6.9,41,159
2008,HYUNDAI,SANTA FE,SUV,2.7,6,I,A4,X,11.4,8.3,10,28,230
2008,HYUNDAI,SANTA FE,SUV,2.7,6,I,M5,X,12.1,8.3,10.4,27,239
2008,HYUNDAI,SANTA FE,SUV,3.3,6,I,A5,X,12.2,8.4,10.5,27,242
2008,HYUNDAI,SANTA FE 4X4,SUV,3.3,6,I,A5,X,12.6,8.4,10.7,26,246
2008,HYUNDAI,SONATA,FULL-SIZE,2.4,4,I,A4,X,9.9,6.5,8.4,34,193
2008,HYUNDAI,SONATA,FULL-SIZE,2.4,4,I,M5,X,9.6,6.3,8.1,35,186
2008,HYUNDAI,SONATA,FULL-SIZE,3.3,6,I,A5,X,11.1,7.1,9.3,30,214
2008,HYUNDAI,TUCSON,SUV,2,4,I,A4,X,10.7,8,9.5,30,218
2008,HYUNDAI,TUCSON,SUV,2,4,I,M5,X,10.4,7.8,9.2,31,212
2008,HYUNDAI,TUCSON,SUV,2.7,6,I,A4,X,11.9,8.4,10.3,27,237
2008,HYUNDAI,TUCSON 4X4,SUV,2.7,6,I,A4,X,12.3,8.8,10.7,26,246
2008,JEEP,GRAND CHEROKEE 4X4,SUV,3.7,6,I,A5,X,13.9,10.1,12.2,23,281
2008,JEEP,GRAND CHEROKEE 4X4 FFV,SUV,4.7,8,V,A5,X,15.6,10.7,13.4,21,308
2008,JEEP,GRAND CHEROKEE 4X4 TURBO DIESEL,SUV,3,6,I,A5,D,12,9,10.7,26,289
2008,KIA,RIO,COMPACT,1.6,4,I,A4,X,8.1,5.7,7,40,161
2008,KIA,RIO,COMPACT,1.6,4,I,M5,X,7.4,6.2,6.9,41,159
2008,KIA,SORENTO,SUV,3.3,6,I,A5,X,13.4,9.2,11.5,25,264
2008,KIA,SORENTO,SUV,3.8,6,I,A5,X,14,9.6,12,24,276
2008,KIA,SORENTO 4X4,SUV,3.3,6,I,A5,X,14,9.2,11.8,24,271
2008,KIA,SORENTO 4X4,SUV,3.8,6,I,A5,X,14,9.8,12.1,23,278
2008,KIA,SPORTAGE,SUV,2,4,I,A4,X,10.7,8,9.5,30,218
2008,KIA,SPORTAGE,SUV,2,4,I,M5,X,10.4,7.8,9.2,31,212
2008,KIA,SPORTAGE,SUV,2.7,6,I,A4,X,12.1,8.5,10.5,27,242
2008,KIA,SPORTAGE 4X4,SUV,2,4,I,M5,X,10.9,8.3,9.7,29,223
2008,KIA,SPORTAGE 4X4,SUV,2.7,6,I,A4,X,12.4,9.4,11.1,25,255
2008,LAND ROVER,RANGE ROVER 4X4,SUV,4.4,8,V,AS6,X,17.3,11.2,14.5,19,334
2008,LAND ROVER,RANGE ROVER SC 4X4 #,SUV,4.2,8,V,AS6,X,17.7,11.4,14.8,19,340
2008,LAND ROVER,RANGE ROVER SPORT 4X4,SUV,4.4,8,V,AS6,X,17.2,11,14.4,20,331
2008,LAND ROVER,RANGE ROVER SPORT SC 4X4 #,SUV,4.2,8,V,AS6,X,17.7,11.4,14.9,19,343
2008,MAZDA,MAZDA3,COMPACT,2,4,I,AS4,X,9.1,6.4,7.9,36,182
2008,MAZDA,MAZDA3,COMPACT,2,4,I,M5,X,8.4,6.1,7.4,38,170
2008,MAZDA,MAZDA3,COMPACT,2.3,4,I,AS5,X,9.4,6.9,8.3,34,191
2008,MAZDA,MAZDA3,COMPACT,2.3,4,I,M5,X,9.2,6.7,8.1,35,186
2008,MAZDA,MAZDA6,MID-SIZE,2.3,4,I,AS5,X,9.9,7,8.6,33,198
2008,MAZDA,MAZDA6,MID-SIZE,2.3,4,I,M5,X,10.1,6.9,8.7,32,200
2008,MAZDA,MAZDA6,MID-SIZE,3,6,I,AS6,X,11.9,7.9,10.1,28,232
2008,MAZDA,MAZDA6,MID-SIZE,3,6,I,M5,X,12.2,8.1,10.3,27,237
2008,MAZDA,RX-8,SUBCOMPACT,1.3,2,I,AS6,Z,12.9,8.6,11,26,253
2008,MAZDA,RX-8,SUBCOMPACT,1.3,2,I,M6,Z,12.8,9.2,11.2,25,258
2008,MAZDA,TRIBUTE,SUV,2.3,4,I,A4,X,10.3,7.7,9.1,31,209
2008,MAZDA,TRIBUTE,SUV,2.3,4,I,M5,X,9.4,7.1,8.4,34,193
2008,MAZDA,TRIBUTE,SUV,3,6,I,A4,X,11.7,8.2,10.1,28,232
2008,MAZDA,TRIBUTE AWD,SUV,2.3,4,I,A4,X,10.9,8.5,9.8,29,225
2008,MAZDA,TRIBUTE AWD,SUV,3,6,I,A4,X,12.5,9.1,10.8,26,248
2008,MITSUBISHI,LANCER,COMPACT,2,4,I,AV,X,9.6,6.9,8.4,34,193
2008,MITSUBISHI,LANCER,COMPACT,2,4,I,AV,X,9.5,7,8.4,34,193
2008,MITSUBISHI,LANCER,COMPACT,2,4,I,M5,X,9.7,7,8.2,34,189
2008,MITSUBISHI,LANCER EVOLUTION,COMPACT,2,4,I,AS6,Z,12.2,9.1,10.8,26,248
2008,MITSUBISHI,LANCER EVOLUTION,COMPACT,2,4,I,M5,Z,12.9,9,11.1,25,255
2008,MITSUBISHI,OUTLANDER,SUV,2.4,4,I,AV,X,10.2,7.9,9.2,31,212
2008,MITSUBISHI,OUTLANDER 4X4,SUV,2.4,4,I,AV,X,10.4,8,9.3,30,214
2008,MITSUBISHI,OUTLANDER 4X4,SUV,3,6,I,AS6,X,12.3,8.5,10.6,27,244
2008,NISSAN,PATHFINDER 4X4,SUV,4,6,I,A5,Z,15.1,10.3,13,22,299
2008,SUBARU,FORESTER 2.5X,SUV,2.5,4,I,A4,X,10.4,7.8,9.2,31,212
2008,SUBARU,FORESTER 2.5X,SUV,2.5,4,I,M5,X,10.6,7.3,9.1,31,209
2008,SUBARU,FORESTER 2.5XS,SUV,2.5,4,I,A4,X,10.4,7.8,9.2,31,212
2008,SUBARU,FORESTER 2.5XS,SUV,2.5,4,I,M5,X,10.6,7.3,9.1,31,209
2008,SUBARU,FORESTER 2.5XT,SUV,2.5,4,I,A4,Z,11.5,8.7,10.2,28,235
2008,SUBARU,FORESTER 2.5XT,SUV,2.5,4,I,M5,Z,11.2,8,9.7,29,223
2008,SUBARU,IMPREZA 2.5i,COMPACT,2.5,4,I,AS4,X,10.4,7.5,9.1,31,209
2008,SUBARU,IMPREZA 2.5i,COMPACT,2.5,4,I,M5,X,10.6,7.3,9.1,31,209
2008,SUBARU,IMPREZA WRX,COMPACT,2.5,4,I,AS4,Z,10.6,7.9,9.4,30,216
2008,SUBARU,IMPREZA WRX,COMPACT,2.5,4,I,M5,Z,11.2,8,9.7,29,223
2008,SUBARU,IMPREZA WRX STI,COMPACT,2.5,4,I,M6,Z,12.2,8.7,10.6,27,244
2008,TOYOTA,CAMRY,MID-SIZE,2.4,4,I,A5,X,9.5,6.2,8,35,184
2008,TOYOTA,CAMRY,MID-SIZE,2.4,4,I,M5,X,9.6,6.4,8.2,34,189
2008,TOYOTA,CAMRY,MID-SIZE,3.5,6,I,AS6,X,10.7,7,9,31,207
2008,TOYOTA,CAMRY HYBRID,MID-SIZE,2.4,4,I,AV,X,5.7,5.7,5.7,50,131
2008,TOYOTA,CAMRY SOLARA,COMPACT,3.3,6,I,AS5,X,11.5,7.3,9.6,29,221
2008,TOYOTA,CAMRY SOLARA CONVERTIBLE,COMPACT,3.3,6,I,AS5,X,11.6,7.6,9.8,29,225
2008,TOYOTA,COROLLA,COMPACT,1.8,4,I,A4,X,7.8,5.6,6.8,42,156
2008,TOYOTA,COROLLA,COMPACT,1.8,4,I,M5,X,7.1,5.3,6.3,45,145
2008,TOYOTA,FJ CRUISER 4WD,SUV,4,6,I,A5,Z,13.6,10.2,12.1,23,278
2008,TOYOTA,FJ CRUISER 4WD,SUV,4,6,I,M6,Z,14.5,11.1,12.9,22,297
2008,TOYOTA,PRIUS,MID-SIZE,1.5,4,I,AV,X,4,4.2,4.1,69,94
2008,TOYOTA,RAV4 4WD,SUV,2.4,4,I,A4,X,10.1,7.7,9,31,207
2008,TOYOTA,RAV4 4WD,SUV,3.5,6,I,A5,X,11.1,7.7,9.6,29,221
2008,VOLKSWAGEN,CITY GOLF,COMPACT,2,4,I,AS6,X,9.9,6.9,8.6,33,198
2008,VOLKSWAGEN,CITY GOLF,COMPACT,2,4,I,M5,X,9.8,7,8.6,33,198
2008,VOLKSWAGEN,CITY JETTA,COMPACT,2,4,I,AS6,X,9.9,6.9,8.6,33,198
2008,VOLKSWAGEN,CITY JETTA,COMPACT,2,4,I,M5,X,9.8,7,8.6,33,198
2008,VOLKSWAGEN,JETTA,COMPACT,2,4,I,AS6,Z,9.3,6.9,8.2,34,189
2008,VOLKSWAGEN,JETTA,COMPACT,2,4,I,M6,Z,10.1,6.8,8.6,33,198
2008,VOLKSWAGEN,JETTA,COMPACT,2.5,5,I,AS6,X,10.6,7,9,31,207
2008,VOLKSWAGEN,JETTA,COMPACT,2.5,5,I,M5,X,10.8,6.9,9,31,207
2008,VOLKSWAGEN,NEW BEETLE,SUBCOMPACT,2.5,5,I,AS6,X,10.4,6.8,8.8,32,202
2008,VOLKSWAGEN,NEW BEETLE,SUBCOMPACT,2.5,5,I,M5,X,10.4,7.1,8.9,32,205
2008,VOLKSWAGEN,NEW BEETLE CONVERTIBLE,MINICOMPACT,2.5,5,I,AS6,X,10.5,7,8.9,32,205
2008,VOLKSWAGEN,NEW BEETLE CONVERTIBLE,MINICOMPACT,2.5,5,I,M5,X,10.2,7.1,8.8,32,202
2008,VOLKSWAGEN,PASSAT,MID-SIZE,2,4,I,AS6,Z,10.8,7.1,9.1,31,209
2008,VOLKSWAGEN,PASSAT,MID-SIZE,2,4,I,M6,Z,10.1,6.7,8.6,33,198
2008,VOLKSWAGEN,PASSAT 4MOTION,MID-SIZE,3.6,6,I,AS6,Z,12.8,8.3,10.8,26,248
2009,AUDI,A4 CABRIOLET,SUBCOMPACT,2,4,I,AV,Z,9,6.5,7.8,36,179
2009,AUDI,A4 CABRIOLET QUATTRO,SUBCOMPACT,2,4,I,AS6,Z,10.1,7.4,8.9,32,205
2009,AUDI,A4 CABRIOLET QUATTRO,SUBCOMPACT,3.1,6,I,AS6,Z,12.3,8,10.3,27,237
2009,AUDI,A4 QUATTRO,COMPACT,2,4,I,AS6,Z,10.1,7.4,8.9,32,205
2009,AUDI,A4 QUATTRO,COMPACT,3.2,6,I,AS6,Z,12.1,7.7,10.1,28,232
2009,AUDI,A5 QUATTRO,SUBCOMPACT,3.2,6,I,AS6,Z,12.1,7.7,10.1,28,232
2009,AUDI,A5 QUATTRO,SUBCOMPACT,3.2,6,I,M6,Z,12.7,7.7,10.5,27,242
2009,AUDI,A6 QUATTRO,MID-SIZE,4.2,8,V,AS6,Z,13.1,8.8,11.2,25,258
2009,AUDI,A8,MID-SIZE,4.2,8,V,AS6,Z,13.1,8.8,11.2,25,258
2009,AUDI,A8L,FULL-SIZE,4.2,8,V,AS6,Z,13.1,8.8,11.2,25,258
2009,AUDI,Q7,SUV,3.6,6,I,AS6,Z,14.8,10.3,12.8,22,294
2009,AUDI,Q7,SUV,4.2,8,V,AS6,Z,16.1,11.2,13.9,20,320
2009,BMW,128i CABRIOLET,SUBCOMPACT,3,6,I,A6,Z,11.4,7.4,9.6,29,221
2009,BMW,128i CABRIOLET,SUBCOMPACT,3,6,I,M6,Z,11.3,7,9.3,30,214
2009,BMW,128i COUPE,SUBCOMPACT,3,6,I,A6,Z,11.3,6.9,9.3,30,214
2009,BMW,128i COUPE,SUBCOMPACT,3,6,I,M6,Z,11.3,7,9.3,30,214
2009,BMW,135i CABRIOLET,SUBCOMPACT,3,6,I,A6,Z,11.9,7.6,10,28,230
2009,BMW,135i CABRIOLET,SUBCOMPACT,3,6,I,M6,Z,12.3,7.6,10.2,28,235
2009,BMW,135i COUPE,SUBCOMPACT,3,6,I,A6,Z,11.9,7.8,10,28,230
2009,BMW,135i COUPE,SUBCOMPACT,3,6,I,M6,Z,12,7.9,10.1,28,232
2009,BMW,323i SEDAN,COMPACT,2.5,6,I,A6,Z,11.2,6.7,9.2,31,212
2009,BMW,323i SEDAN,COMPACT,2.5,6,I,M6,Z,11.1,6.9,9.2,31,212
2009,BMW,328i SEDAN,COMPACT,3,6,I,A6,Z,11.3,6.9,9.3,30,214
2009,BMW,328i SEDAN,COMPACT,3,6,I,M6,Z,11.3,7,9.3,30,214
2009,BMW,328i xDRIVE COUPE,SUBCOMPACT,3,6,I,A6,Z,11.9,7.8,10,28,230
2009,BMW,328i xDRIVE COUPE,SUBCOMPACT,3,6,I,M6,Z,12.3,7.6,10.2,28,235
2009,BMW,328i xDRIVE SEDAN,COMPACT,3,6,I,A6,Z,11.9,7.8,10,28,230
2009,BMW,328i xDRIVE SEDAN,COMPACT,3,6,I,M6,Z,12.3,7.6,10.2,28,235
2009,BMW,528i SEDAN,MID-SIZE,3,6,I,A6,Z,11.4,7.4,9.6,29,221
2009,BMW,528i SEDAN,MID-SIZE,3,6,I,M6,Z,11.3,7,9.3,30,214
2009,BMW,528i xDRIVE SEDAN,MID-SIZE,3,6,I,A6,Z,11.9,7.8,10,28,230
2009,BMW,528i xDRIVE SEDAN,MID-SIZE,3,6,I,M6,Z,12.3,7.6,10.2,28,235
2009,BMW,X3 xDRIVE 30i,SUV,3,6,I,A6,Z,12.2,8.4,10.5,27,242
2009,BMW,X3 xDRIVE 30i,SUV,3,6,I,M6,Z,12.5,8.2,10.6,27,244
2009,BMW,X5 xDRIVE 30i,SUV,3,6,I,A6,Z,13.6,9.3,11.7,24,269
2009,BMW,X5 xDRIVE 35d,SUV,3,6,I,A6,D,10.7,7.5,9.3,30,251
2009,BMW,X5 xDRIVE 48i,SUV,4.8,8,V,A6,Z,15.6,10.2,13.2,21,304
2009,BMW,X6 xDRIVE 35i,SUV,3,6,I,A6,Z,14.4,10,12.4,23,285
2009,BMW,X6 xDRIVE 50i,SUV,4.4,8,V,A6,Z,17.1,11,14.3,20,329
2009,FORD,FOCUS,COMPACT,2,4,I,A4,X,8.5,6,7.4,38,170
2009,FORD,FOCUS,COMPACT,2,4,I,M5,X,8.5,5.7,7.2,39,166
2009,HONDA,ACCORD 4DR SEDAN,FULL-SIZE,2.4,4,I,A5,X,9.9,6.5,8.3,34,191
2009,HONDA,ACCORD 4DR SEDAN,FULL-SIZE,2.4,4,I,M5,X,9.4,6.4,8,35,184
2009,HONDA,ACCORD 4DR SEDAN,FULL-SIZE,3.5,6,I,A5,X,11,6.7,9.1,31,209
2009,HONDA,CIVIC,SUBCOMPACT,1.8,4,I,A5,X,8.2,5.7,7.1,40,163
2009,HONDA,CIVIC,SUBCOMPACT,1.8,4,I,M5,X,7.4,5.4,6.5,43,150
2009,HONDA,CIVIC,SUBCOMPACT,2,4,I,M6,Z,10.2,6.8,8.7,32,200
2009,HONDA,CR-V,SUV,2.4,4,I,A5,X,10.3,7.3,9,31,207
2009,HONDA,CR-V AWD,SUV,2.4,4,I,A5,X,10.7,7.8,9.4,30,216
2009,HYUNDAI,ACCENT,COMPACT,1.6,4,I,A4,X,7.9,5.6,6.9,41,159
2009,HYUNDAI,ACCENT,COMPACT,1.6,4,I,M5,X,7.4,6,6.8,42,156
2009,HYUNDAI,SANTA FE,SUV,2.7,6,I,AS4,X,11.4,8.3,10,28,230
2009,HYUNDAI,SANTA FE,SUV,2.7,6,I,M5,X,12.1,8.3,10.4,27,239
2009,HYUNDAI,SANTA FE,SUV,3.3,6,I,AS5,X,12.2,8.4,10.5,27,242
2009,HYUNDAI,SANTA FE 4X4,SUV,3.3,6,I,AS5,X,12.6,8.4,10.7,26,246
2009,HYUNDAI,SONATA,FULL-SIZE,2.4,4,I,AS5,X,9.5,6.2,8,35,184
2009,HYUNDAI,SONATA,FULL-SIZE,2.4,4,I,M5,X,9.7,6.2,8.1,35,186
2009,HYUNDAI,SONATA,FULL-SIZE,3.3,6,I,AS5,X,10.8,6.9,9,31,207
2009,HYUNDAI,TUCSON,SUV,2,4,I,AS4,X,10.2,8,9.2,31,212
2009,HYUNDAI,TUCSON,SUV,2,4,I,M5,X,10.5,7.6,9.2,31,212
2009,HYUNDAI,TUCSON,SUV,2.7,6,I,AS4,X,11.3,8.4,10,28,230
2009,HYUNDAI,TUCSON 4X4,SUV,2.7,6,I,AS4,X,11.6,8.8,10.3,27,237
2009,JAGUAR,XF,MID-SIZE,4.2,8,V,A6,Z,13.3,8,10.9,26,251
2009,JAGUAR,XF SUPERCHARGED #,MID-SIZE,4.2,8,V,A6,Z,14.5,8.7,11.9,24,274
2009,JEEP,GRAND CHEROKEE 4X4,SUV,3.7,6,I,A5,X,13.9,10.1,12.2,23,281
2009,JEEP,GRAND CHEROKEE 4X4 FFV,SUV,4.7,8,V,A5,X,15.6,10.8,13.5,21,310
2009,KIA,RIO,COMPACT,1.6,4,I,A4,X,7.7,5.6,6.8,42,156
2009,KIA,RIO,COMPACT,1.6,4,I,M5,X,7.3,5.9,6.7,42,154
2009,KIA,SORENTO 4X4,SUV,3.3,6,I,AS5,X,14,9.2,11.8,24,271
2009,KIA,SORENTO 4X4,SUV,3.8,6,I,AS5,X,14,9.8,12.1,23,278
2009,KIA,SPORTAGE,SUV,2,4,I,AS4,X,10.2,8,9.2,31,212
2009,KIA,SPORTAGE,SUV,2,4,I,M5,X,10.3,7.8,9.2,31,212
2009,KIA,SPORTAGE,SUV,2.7,6,I,AS4,X,11.3,8.5,10,28,230
2009,KIA,SPORTAGE 4X4,SUV,2,4,I,M5,X,10.8,8.3,9.7,29,223
2009,KIA,SPORTAGE 4X4,SUV,2.7,6,I,AS4,X,11.7,8.8,10.4,27,239
2009,LAND ROVER,RANGE ROVER 4X4,SUV,4.4,8,V,AS6,Z,17.3,11.2,14.5,19,334
2009,LAND ROVER,RANGE ROVER SC 4X4 #,SUV,4.2,8,V,AS6,Z,17.7,11.4,14.8,19,340
2009,LAND ROVER,RANGE ROVER SPORT 4X4,SUV,4.4,8,V,AS6,Z,17.2,11,14.4,20,331
2009,LAND ROVER,RANGE ROVER SPORT SC 4X4 #,SUV,4.2,8,V,AS6,Z,17.7,11.4,14.9,19,343
2009,LEXUS,LS 600HL,MID-SIZE,5,8,V,AS8,Z,10.6,9.1,9.9,29,228
2009,MAZDA,MAZDA3,COMPACT,2,4,I,AS4,X,9.1,6.4,7.9,36,182
2009,MAZDA,MAZDA3,COMPACT,2,4,I,M5,X,8.4,6.1,7.4,38,170
2009,MAZDA,MAZDA3,COMPACT,2.3,4,I,AS5,X,9.5,6.8,8.3,34,191
2009,MAZDA,MAZDA3,COMPACT,2.3,4,I,M5,X,9.2,6.7,8.1,35,186
2009,MAZDA,MAZDA6,MID-SIZE,2.5,4,I,AS5,X,9.7,6.7,8.3,34,191
2009,MAZDA,MAZDA6,MID-SIZE,2.5,4,I,M6,X,10.4,6.9,8.8,32,202
2009,MAZDA,MAZDA6,MID-SIZE,3.7,6,I,AS6,X,12.1,8,10.2,28,235
2009,MAZDA,RX-8,SUBCOMPACT,1.3,2,I,AS6,Z,13.3,8.9,11.3,25,260
2009,MAZDA,RX-8,SUBCOMPACT,1.3,2,I,M6,Z,12.8,9.2,11.2,25,258
2009,MAZDA,TRIBUTE,SUV,2.5,4,I,A6,X,10.1,7.2,8.8,32,202
2009,MAZDA,TRIBUTE,SUV,2.5,4,I,M5,X,9.2,7.2,8.3,34,191
2009,MAZDA,TRIBUTE,SUV,3,6,I,A6,X,11.5,7.7,9.8,29,225
2009,MAZDA,TRIBUTE AWD,SUV,2.5,4,I,A6,X,10.9,7.9,9.6,29,221
2009,MAZDA,TRIBUTE AWD,SUV,3,6,I,A6,X,12.1,8.3,10.4,27,239
2009,MITSUBISHI,LANCER,COMPACT,2,4,I,AS6,Z,12.2,7.9,10.3,27,237
2009,MITSUBISHI,LANCER,COMPACT,2,4,I,AV,X,9.5,7,8.4,34,193
2009,MITSUBISHI,LANCER,COMPACT,2,4,I,M5,X,9.4,6.7,8.2,34,189
2009,MITSUBISHI,LANCER,COMPACT,2.4,4,I,AV,X,9.9,7.4,8.7,32,200
2009,MITSUBISHI,LANCER,COMPACT,2.4,4,I,M5,X,10.1,7.1,8.7,32,200
2009,MITSUBISHI,LANCER EVOLUTION TURBO,COMPACT,2,4,I,AS6,Z,12.7,8.9,11,26,253
2009,MITSUBISHI,LANCER EVOLUTION TURBO,COMPACT,2,4,I,M5,Z,12.9,9,11.2,25,258
2009,MITSUBISHI,OUTLANDER,SUV,2.4,4,I,AV,X,10.5,7.8,9.3,30,214
2009,MITSUBISHI,OUTLANDER 4X4,SUV,2.4,4,I,AV,X,10.6,8,9.4,30,216
2009,MITSUBISHI,OUTLANDER 4X4,SUV,3,6,I,AS6,X,12,8.2,10.3,27,237
2009,NISSAN,PATHFINDER 4X4,SUV,4,6,I,A5,Z,14.8,10.2,12.7,22,292
2009,SUBARU,FORESTER 2.5XS LTD,SUV,2.5,4,I,AS4,X,10.4,7.6,9.1,31,209
2009,SUBARU,FORESTER 2.5XS LTD,SUV,2.5,4,I,M5,X,10.6,7.5,9.2,31,212
2009,SUBARU,FORESTER 2.5XT TURBO,SUV,2.5,4,I,AS4,Z,10.9,8.3,9.7,29,223
2009,SUBARU,IMPREZA 2.5i,COMPACT,2.5,4,I,AS4,X,10.4,7.6,9.1,31,209
2009,SUBARU,IMPREZA 2.5i,COMPACT,2.5,4,I,M5,X,10.6,7.5,9.2,31,212
2009,SUBARU,IMPREZA STI TURBO,COMPACT,2.5,4,I,M6,Z,12.2,8.7,10.6,27,244
2009,SUBARU,IMPREZA WRX TURBO,COMPACT,2.5,4,I,M5,Z,11.1,8,9.7,29,223
2009,TOYOTA,CAMRY,MID-SIZE,2.4,4,I,A5,X,9.5,6.2,8,35,184
2009,TOYOTA,CAMRY,MID-SIZE,2.4,4,I,M5,X,9.6,6.4,8.2,34,189
2009,TOYOTA,CAMRY,MID-SIZE,3.5,6,I,AS6,X,10.7,7,9,31,207
2009,TOYOTA,CAMRY HYBRID,MID-SIZE,2.4,4,I,AV,X,5.7,5.7,5.7,50,131
2009,TOYOTA,COROLLA,COMPACT,1.8,4,I,A4,X,7.4,5.6,6.6,43,152
2009,TOYOTA,COROLLA,COMPACT,1.8,4,I,M5,X,7.5,5.6,6.7,42,154
2009,TOYOTA,COROLLA,COMPACT,2.4,4,I,AS5,X,9.4,6.5,8.1,35,186
2009,TOYOTA,COROLLA,COMPACT,2.4,4,I,M5,X,9.5,6.7,8.2,34,189
2009,TOYOTA,FJ CRUISER 4WD,SUV,4,6,I,A5,Z,13.4,9.9,11.8,24,271
2009,TOYOTA,FJ CRUISER 4WD,SUV,4,6,I,M6,Z,14.7,10.8,12.9,22,297
2009,TOYOTA,PRIUS,MID-SIZE,1.5,4,I,AV,X,4,4.2,4.1,69,94
2009,TOYOTA,RAV4 4WD,SUV,2.5,4,I,A4,X,9.7,7.2,8.6,33,198
2009,TOYOTA,RAV4 4WD,SUV,3.5,6,I,A5,X,11.1,7.7,9.6,29,221
2009,VOLKSWAGEN,CITY GOLF,COMPACT,2,4,I,AS6,X,9.9,6.9,8.6,33,198
2009,VOLKSWAGEN,CITY GOLF,COMPACT,2,4,I,M5,X,9.8,7,8.6,33,198
2009,VOLKSWAGEN,CITY JETTA,COMPACT,2,4,I,AS6,X,9.9,6.9,8.6,33,198
2009,VOLKSWAGEN,CITY JETTA,COMPACT,2,4,I,M5,X,9.8,7,8.6,33,198
2009,VOLKSWAGEN,JETTA,COMPACT,2,4,I,AS6,Z,9,6.8,8.8,32,202
2009,VOLKSWAGEN,JETTA,COMPACT,2,4,I,M6,Z,10,6.6,8.5,33,196
2009,VOLKSWAGEN,JETTA,COMPACT,2.5,5,I,AS6,X,10.5,7.2,9,31,207
2009,VOLKSWAGEN,JETTA,COMPACT,2.5,5,I,M5,X,10.7,7,9,31,207
2009,VOLKSWAGEN,NEW BEETLE,SUBCOMPACT,2.5,5,I,AS6,X,10.4,6.8,8.8,32,202
2009,VOLKSWAGEN,NEW BEETLE,SUBCOMPACT,2.5,5,I,M5,X,10.4,7.1,8.9,32,205
2009,VOLKSWAGEN,NEW BEETLE CONVERTIBLE,MINICOMPACT,2.5,5,I,AS6,X,10.5,7,8.9,32,205
2009,VOLKSWAGEN,NEW BEETLE CONVERTIBLE,MINICOMPACT,2.5,5,I,M5,X,10.2,7.1,8.8,32,202
2009,VOLKSWAGEN,PASSAT,MID-SIZE,2,4,I,AS6,Z,10.8,7.1,9.1,31,209
2009,VOLKSWAGEN,PASSAT,MID-SIZE,2,4,I,M6,Z,10,6.6,8.5,33,196
2009,VOLKSWAGEN,PASSAT CC,COMPACT,2,4,I,AS6,Z,10.8,7.1,9.1,31,209
2009,VOLKSWAGEN,PASSAT CC,COMPACT,2,4,I,M6,Z,10,6.6,8.5,33,196
2009,VOLKSWAGEN,PASSAT CC,COMPACT,3.6,6,I,AS6,Z,12.3,7.9,10.3,27,237
2009,VOLKSWAGEN,PASSAT CC 4MOTION,COMPACT,3.6,6,I,AS6,Z,12.7,8.3,10.7,26,246
2009,VOLKSWAGEN,TIGUAN,SUV,2,4,I,AS6,Z,11.4,8.1,9.9,29,228
2009,VOLKSWAGEN,TIGUAN,SUV,2,4,I,M6,Z,11.2,7.6,9.6,29,221
2009,VOLKSWAGEN,TIGUAN 4MOTION,SUV,2,4,I,AS6,Z,11.6,8.3,10.1,28,232
2010,AUDI,A4,COMPACT,2,4,I,AV,Z,8.9,6.5,7.8,36,179
2010,AUDI,A4 QUATTRO,COMPACT,2,4,I,AS6,Z,10.1,7.3,8.9,32,205
2010,AUDI,A4 QUATTRO,COMPACT,2,4,I,M6,Z,9.4,6.5,8.1,35,186
2010,AUDI,A5 CABRIOLET QUATTRO,SUBCOMPACT,2,4,I,AS6,Z,10.1,7.5,8.9,32,205
2010,AUDI,A5 COUPE,SUBCOMPACT,2,4,I,AS6,Z,10.1,7.3,8.9,32,205
2010,AUDI,A5 COUPE,SUBCOMPACT,2,4,I,M6,Z,9.4,6.5,8.1,35,186
2010,AUDI,A5 COUPE,SUBCOMPACT,3.2,6,I,AS6,Z,11.6,7.6,9.8,29,225
2010,AUDI,A6,MID-SIZE,3.2,6,I,AV,Z,11.4,7.1,9.5,30,218
2010,AUDI,A6 QUATTRO,MID-SIZE,3,6,I,AS6,Z,12,8,10.2,28,235
2010,AUDI,A6 QUATTRO,MID-SIZE,4.2,8,V,AS6,Z,13.1,8.7,11.1,25,255
2010,AUDI,A8,MID-SIZE,4.2,8,V,AS6,Z,13.1,8.7,11.1,25,255
2010,AUDI,A8 L,FULL-SIZE,4.2,8,V,AS6,Z,13.1,8.7,11.1,25,255
2010,AUDI,Q5,SUV,3.2,6,I,AS6,Z,11.5,9,10.4,27,239
2010,AUDI,Q7,SUV,3.6,6,I,AS6,Z,14.8,10.4,12.8,22,294
2010,AUDI,Q7,SUV,4.2,8,V,AS6,Z,16.1,11.2,13.9,20,320
2010,BMW,128i CABRIOLET,SUBCOMPACT,3,6,I,A6,Z,11.3,7.4,9.5,30,218
2010,BMW,128i CABRIOLET,SUBCOMPACT,3,6,I,M6,Z,10.8,6.9,9,31,207
2010,BMW,128i COUPE,SUBCOMPACT,3,6,I,A6,Z,11.3,6.9,9.3,30,214
2010,BMW,128i COUPE,SUBCOMPACT,3,6,I,M6,Z,10.8,6.9,9,31,207
2010,BMW,135i CABRIOLET,SUBCOMPACT,3,6,I,A6,Z,11.9,7.9,10.1,28,232
2010,BMW,135i CABRIOLET,SUBCOMPACT,3,6,I,M6,Z,11.6,7.7,9.8,29,225
2010,BMW,135i COUPE,SUBCOMPACT,3,6,I,A6,Z,11.9,7.9,10.1,28,232
2010,BMW,135i COUPE,SUBCOMPACT,3,6,I,M6,Z,11.6,7.7,9.8,29,225
2010,BMW,323i,COMPACT,2.5,6,I,A6,Z,11.2,6.7,9.2,31,212
2010,BMW,323i,COMPACT,2.5,6,I,M6,Z,11.1,6.9,9.2,31,212
2010,BMW,328i,COMPACT,3,6,I,A6,Z,11.3,6.9,9.3,30,214
2010,BMW,328i,COMPACT,3,6,I,M6,Z,10.8,6.9,9,31,207
2010,BMW,328i xDRIVE,COMPACT,3,6,I,A6,Z,11.9,7.8,10.1,28,232
2010,BMW,328i xDRIVE,COMPACT,3,6,I,M6,Z,12.2,7.6,10.2,28,235
2010,BMW,328i xDRIVE COUPE,SUBCOMPACT,3,6,I,A6,Z,11.9,7.8,10.1,28,232
2010,BMW,328i xDRIVE COUPE,SUBCOMPACT,3,6,I,M6,Z,12.2,7.6,10.2,28,235
2010,BMW,528i,MID-SIZE,3,6,I,A6,Z,11.3,7.4,9.5,30,218
2010,BMW,528i,MID-SIZE,3,6,I,M6,Z,10.8,6.9,9,31,207
2010,BMW,528i xDRIVE,MID-SIZE,3,6,I,A6,Z,11.9,7.8,10.1,28,232
2010,BMW,528i xDRIVE,MID-SIZE,3,6,I,M6,Z,12.2,7.6,10.2,28,235
2010,BMW,750i xDRIVE,FULL-SIZE,4.4,8,V,A6,Z,15.4,10,13,22,299
2010,BMW,750Li,FULL-SIZE,4.4,8,V,A6,Z,14.8,9.3,12.3,23,283
2010,BMW,750Li xDRIVE,FULL-SIZE,4.4,8,V,A6,Z,15.4,10,13,22,299
2010,BMW,M5,MID-SIZE,5,10,V,AM7,Z,17.9,11,14.8,19,340
2010,BMW,M5,MID-SIZE,5,10,V,M6,Z,19.9,11.8,16.2,17,373
2010,BMW,X3 xDRIVE28i,SUV,3,6,I,A6,Z,12.2,8.3,10.5,27,242
2010,BMW,X3 xDRIVE28i,SUV,3,6,I,M6,Z,12.7,8.3,10.7,26,246
2010,BMW,X3 xDRIVE30i,SUV,3,6,I,A6,Z,12.2,8.3,10.5,27,242
2010,BMW,X3 xDRIVE30i,SUV,3,6,I,M6,Z,12.7,8.3,10.7,26,246
2010,BMW,X5 M,SUV,4.4,8,V,A6,Z,17,11.9,14.7,19,338
2010,BMW,X5 xDRIVE30i,SUV,3,6,I,A6,Z,13.6,9.3,11.7,24,269
2010,BMW,X5 xDRIVE35d,SUV,3,6,I,A6,D,10.7,7.5,9.3,30,251
2010,BMW,X5 xDRIVE48i,SUV,4.8,8,V,A6,Z,15.6,10.2,13.2,21,304
2010,BMW,X6 M,SUV,4.4,8,V,A6,Z,17,11.9,14.7,19,338
2010,BMW,X6 xDRIVE35i,SUV,3,6,I,A6,Z,14.4,10,12.4,23,285
2010,BMW,X6 xDRIVE50i,SUV,4.4,8,V,A6,Z,17.1,11,14.3,20,329
2010,FORD,CROWN VICTORIA,FULL-SIZE,4.6,8,V,A4,X,13.4,8.7,11.3,25,260
2010,FORD,FOCUS,COMPACT,2,4,I,A4,X,8.4,5.8,7.2,39,166
2010,FORD,FOCUS,COMPACT,2,4,I,M5,X,8.5,5.6,7.2,39,166
2010,HONDA,ACCORD 4DR SEDAN,FULL-SIZE,2.4,4,I,A5,X,9.6,6.4,8.1,35,186
2010,HONDA,ACCORD 4DR SEDAN,FULL-SIZE,2.4,4,I,M5,X,9.4,6.5,8.1,35,186
2010,HONDA,ACCORD 4DR SEDAN,FULL-SIZE,3.5,6,I,A5,X,11,6.7,9.1,31,209
2010,HONDA,CIVIC,SUBCOMPACT,1.8,4,I,A5,X,8.2,5.7,7.1,40,163
2010,HONDA,CIVIC,SUBCOMPACT,1.8,4,I,M5,X,7.4,5.4,6.5,43,150
2010,HONDA,CIVIC,SUBCOMPACT,2,4,I,M6,Z,10.2,6.8,8.7,32,200
2010,HONDA,CR-V,SUV,2.4,4,I,A5,X,9.8,7.1,8.5,33,196
2010,HONDA,CR-V AWD,SUV,2.4,4,I,A5,X,10.1,7.5,9,31,207
2010,HONDA,INSIGHT,COMPACT,1.3,4,I,AV,X,4.8,4.5,4.7,60,108
2010,HONDA,INSIGHT EX,COMPACT,1.3,4,I,AV,X,5,4.6,4.8,59,110
2010,HYUNDAI,ACCENT,COMPACT,1.6,4,I,A4,X,7.6,5.5,6.7,42,154
2010,HYUNDAI,ACCENT,COMPACT,1.6,4,I,M5,X,7.2,5.7,6.5,43,150
2010,HYUNDAI,ELANTRA BLUE,MID-SIZE,2,4,I,M5,X,7.8,5.6,6.8,42,156
2010,HYUNDAI,SANTA FE,SUV,2.4,4,I,AS6,X,10.2,7.2,8.9,32,205
2010,HYUNDAI,SANTA FE,SUV,2.4,4,I,M6,X,10.7,7.5,9.3,30,214
2010,HYUNDAI,SANTA FE,SUV,3.5,6,I,AS6,X,10.1,7.6,9,31,207
2010,HYUNDAI,SANTA FE 4WD,SUV,3.5,6,I,AS6,X,10.5,7.7,9.2,31,212
2010,HYUNDAI,SONATA,FULL-SIZE,2.4,4,I,AS5,X,9.5,6.2,8,35,184
2010,HYUNDAI,SONATA,FULL-SIZE,2.4,4,I,M5,X,9.7,6.2,8.1,35,186
2010,HYUNDAI,SONATA,FULL-SIZE,3.3,6,I,AS5,X,10.8,6.9,9,31,207
2010,HYUNDAI,TUCSON,SUV,2.4,4,I,AS6,X,9,6.3,7.8,36,179
2010,HYUNDAI,TUCSON,SUV,2.4,4,I,M6,X,9.6,6.7,8.3,34,191
2010,HYUNDAI,TUCSON 4WD,SUV,2.4,4,I,AS6,X,9.8,7.1,8.6,33,198
2010,JAGUAR,XF 4.2,MID-SIZE,4.2,8,V,A6,Z,13.3,8,10.9,26,251
2010,JAGUAR,XF 5.0,MID-SIZE,5,8,V,A6,Z,13.1,8.2,11,26,253
2010,JAGUAR,XF 5.0 SUPERCHARGED,MID-SIZE,5,8,V,A6,Z,14.1,9.3,11.9,24,274
2010,JEEP,GRAND CHEROKEE 4X4,SUV,3.7,6,I,A5,X,13.9,10.1,12.2,23,281
2010,KIA,RIO,COMPACT,1.6,4,I,A4,X,7.5,5.6,6.6,43,152
2010,KIA,RIO,COMPACT,1.6,4,I,M5,X,7.1,5.8,6.5,43,150
2010,KIA,SPORTAGE,SUV,2,4,I,AS4,X,10.2,8,9.2,31,212
2010,KIA,SPORTAGE,SUV,2,4,I,M5,X,10.3,7.8,9.2,31,212
2010,KIA,SPORTAGE,SUV,2.7,6,I,AS4,X,11.3,8.5,10,28,230
2010,KIA,SPORTAGE 4WD,SUV,2,4,I,M5,X,10.8,8.3,9.7,29,223
2010,KIA,SPORTAGE 4WD,SUV,2.7,6,I,AS4,X,11.7,8.8,10.4,27,239
2010,LAND ROVER,RANGE ROVER,SUV,5,8,V,A6,Z,17.5,11.6,14.8,19,340
2010,LAND ROVER,RANGE ROVER SPORT SC,SUV,5,8,V,A6,Z,18.4,11.2,15.2,19,350
2010,LEXUS,LS 600h L,MID-SIZE,5,8,V,AS8,Z,10.6,9.1,9.9,29,228
2010,MAZDA,MAZDA3,COMPACT,2,4,I,AS5,X,8.7,6,7.5,38,172
2010,MAZDA,MAZDA3,COMPACT,2,4,I,M5,X,8.1,5.9,7.1,40,163
2010,MAZDA,MAZDA3,COMPACT,2.5,4,I,AS5,X,9.2,6.8,8.1,35,186
2010,MAZDA,MAZDA3,COMPACT,2.5,4,I,M6,X,10.1,6.9,8.6,33,198
2010,MAZDA,MAZDA6,MID-SIZE,2.5,4,I,AS5,X,9.7,6.7,8.3,34,191
2010,MAZDA,MAZDA6,MID-SIZE,2.5,4,I,M6,X,10.4,6.9,8.8,32,202
2010,MAZDA,MAZDA6,MID-SIZE,3.7,6,I,AS6,X,12.1,8,10.2,28,235
2010,MAZDA,RX-8,SUBCOMPACT,1.3,2,I,AS6,Z,13.3,8.9,11.3,25,260
2010,MAZDA,RX-8,SUBCOMPACT,1.3,2,I,M6,Z,12.8,9.2,11.2,25,258
2010,MAZDA,TRIBUTE,SUV,2.5,4,I,A6,X,10,7.1,8.7,32,200
2010,MAZDA,TRIBUTE,SUV,2.5,4,I,M5,X,9.2,7.2,8.3,34,191
2010,MAZDA,TRIBUTE 4X4,SUV,2.5,4,I,A6,X,10.4,7.6,9.1,31,209
2010,MAZDA,TRIBUTE 4X4 FFV,SUV,3,6,I,A6,X,11.6,8.8,10.3,27,237
2010,MAZDA,TRIBUTE FFV,SUV,3,6,I,A6,X,10.9,8,9.6,29,221
2010,MITSUBISHI,LANCER,COMPACT,2,4,I,AS6,Z,12.2,8,10.3,27,237
2010,MITSUBISHI,LANCER,COMPACT,2,4,I,AV,X,9,6.5,7.9,36,182
2010,MITSUBISHI,LANCER,COMPACT,2,4,I,M5,X,9.4,6.5,8.1,35,186
2010,MITSUBISHI,LANCER,COMPACT,2.4,4,I,AV,X,9.6,7.1,8.5,33,196
2010,MITSUBISHI,LANCER,COMPACT,2.4,4,I,M5,X,10.2,7.3,8.9,32,205
2010,MITSUBISHI,LANCER EVOLUTION,COMPACT,2,4,I,AS6,Z,12.7,8.9,11,26,253
2010,MITSUBISHI,LANCER EVOLUTION,COMPACT,2,4,I,M5,Z,12.9,9,11.2,25,258
2010,MITSUBISHI,OUTLANDER,SUV,2.4,4,I,AV,X,9.5,7.2,8.5,33,196
2010,MITSUBISHI,OUTLANDER 4WD,SUV,2.4,4,I,AV,X,9.9,7.8,9,31,207
2010,MITSUBISHI,OUTLANDER 4WD,SUV,3,6,I,AS6,Z,11.2,8.2,9.8,29,225
2010,NISSAN,PATHFINDER 4WD,SUV,4,6,I,A5,Z,14.9,10.3,12.8,22,294
2010,SUBARU,FORESTER 2.5X,SUV,2.5,4,I,AS4,X,10.4,7.7,9.2,31,212
2010,SUBARU,FORESTER 2.5X,SUV,2.5,4,I,M5,X,10.6,7.5,9.2,31,212
2010,SUBARU,FORESTER 2.5X LTD,SUV,2.5,4,I,AS4,X,10.4,7.7,9.2,31,212
2010,SUBARU,FORESTER 2.5X TOURING,SUV,2.5,4,I,AS4,X,10.4,7.7,9.2,31,212
2010,SUBARU,FORESTER 2.5X TOURING,SUV,2.5,4,I,M5,X,10.6,7.5,9.2,31,212
2010,SUBARU,FORESTER 2.5XT LTD TURBO,SUV,2.5,4,I,AS4,Z,11,8.4,9.8,29,225
2010,SUBARU,FORESTER PZEV,SUV,2.5,4,I,AS4,X,10.4,7.7,9.2,31,212
2010,SUBARU,IMPREZA 2.5i,COMPACT,2.5,4,I,AS4,X,10.4,7.7,9.2,31,212
2010,SUBARU,IMPREZA 2.5i,COMPACT,2.5,4,I,M5,X,10.6,7.5,9.2,31,212
2010,SUBARU,IMPREZA 2.5i LTD,COMPACT,2.5,4,I,AS4,X,10.4,7.7,9.2,31,212
2010,SUBARU,IMPREZA 2.5i LTD,COMPACT,2.5,4,I,M5,X,10.6,7.5,9.2,31,212
2010,SUBARU,IMPREZA 2.5i SPORT,COMPACT,2.5,4,I,AS4,X,10.4,7.7,9.2,31,212
2010,SUBARU,IMPREZA 2.5i SPORT,COMPACT,2.5,4,I,M5,X,10.6,7.5,9.2,31,212
2010,SUBARU,IMPREZA GT TURBO,COMPACT,2.5,4,I,AS4,Z,11,8.4,9.8,29,225
2010,SUBARU,IMPREZA STI TURBO,COMPACT,2.5,4,I,M6,Z,12.4,8.9,10.8,26,248
2010,SUBARU,IMPREZA WRX TURBO,COMPACT,2.5,4,I,M5,Z,11.3,8.1,9.9,29,228
2010,TOYOTA,CAMRY,MID-SIZE,2.5,4,I,AS6,X,9,6.1,7.7,37,177
2010,TOYOTA,CAMRY,MID-SIZE,2.5,4,I,M6,X,9.5,6.1,8,35,184
2010,TOYOTA,CAMRY,MID-SIZE,3.5,6,I,AS6,X,10.7,7,9,31,207
2010,TOYOTA,CAMRY HYBRID,MID-SIZE,2.4,4,I,AV,X,5.7,5.7,5.7,50,131
2010,TOYOTA,COROLLA,COMPACT,1.8,4,I,A4,X,7.6,5.7,6.8,42,156
2010,TOYOTA,COROLLA,COMPACT,1.8,4,I,M5,X,7.5,5.6,6.7,42,154
2010,TOYOTA,COROLLA,COMPACT,2.4,4,I,AS5,X,9.4,6.5,8.1,35,186
2010,TOYOTA,COROLLA,COMPACT,2.4,4,I,M5,X,9.5,6.7,8.2,34,189
2010,TOYOTA,FJ CRUISER 4WD,SUV,4,6,I,A5,X,12.5,9.6,11.2,25,258
2010,TOYOTA,FJ CRUISER 4WD,SUV,4,6,I,M6,X,13.7,10.3,12.2,23,281
2010,TOYOTA,PRIUS,MID-SIZE,1.8,4,I,AV,X,3.7,4,3.8,74,87
2010,TOYOTA,RAV4,SUV,2.5,4,I,A5,X,9.4,6.9,8.3,34,191
2010,TOYOTA,RAV4,SUV,3.5,6,I,A5,X,10.7,7.4,9.2,31,212
2010,TOYOTA,RAV4 4WD,SUV,2.5,4,I,A6,X,9.7,7.2,8.6,33,198
2010,TOYOTA,RAV4 4WD,SUV,3.5,6,I,A5,X,11.1,7.7,9.6,29,221
2010,VOLKSWAGEN,CITY GOLF,COMPACT,2,4,I,AS6,X,9.9,6.9,8.5,33,196
2010,VOLKSWAGEN,CITY GOLF,COMPACT,2,4,I,M5,X,9.8,6.9,8.5,33,196
2010,VOLKSWAGEN,GOLF,COMPACT,2.5,5,I,AS6,X,9.2,6.9,8.2,34,189
2010,VOLKSWAGEN,GOLF,COMPACT,2.5,5,I,M5,X,10.4,7,8.9,32,205
2010,VOLKSWAGEN,JETTA,COMPACT,2,4,I,AS6,Z,8.7,6.3,7.6,37,175
2010,VOLKSWAGEN,JETTA,COMPACT,2,4,I,M6,Z,10,6.6,8.5,33,196
2010,VOLKSWAGEN,JETTA,COMPACT,2.5,5,I,AS6,X,9.3,6.9,8.2,34,189
2010,VOLKSWAGEN,JETTA,COMPACT,2.5,5,I,M5,X,10.4,7,8.9,32,205
2010,VOLKSWAGEN,NEW BEETLE,SUBCOMPACT,2.5,5,I,AS6,X,10.4,6.8,8.8,32,202
2010,VOLKSWAGEN,NEW BEETLE,SUBCOMPACT,2.5,5,I,M5,X,10.4,7.1,8.9,32,205
2010,VOLKSWAGEN,NEW BEETLE CONVERTIBLE,SUBCOMPACT,2.5,5,I,AS6,X,10.5,7,8.9,32,205
2010,VOLKSWAGEN,NEW BEETLE CONVERTIBLE,SUBCOMPACT,2.5,5,I,M5,X,10.2,7.1,8.8,32,202
2010,VOLKSWAGEN,PASSAT,MID-SIZE,2,4,I,AS6,Z,9.6,6.6,8.3,34,191
2010,VOLKSWAGEN,PASSAT,MID-SIZE,2,4,I,M6,Z,10,6.6,8.5,33,196
2010,VOLKSWAGEN,TIGUAN,SUV,2,4,I,AS6,Z,11.4,8.1,9.9,29,228
2010,VOLKSWAGEN,TIGUAN,SUV,2,4,I,M6,Z,11.2,7.6,9.6,29,221
2010,VOLKSWAGEN,TIGUAN 4MOTION,SUV,2,4,I,AS6,Z,11.6,8.3,10.1,28,232
2010,MERCEDES-BENZ,GLK 300 (X204),SUV,3,6,I,A7,Z,12,8.5,10.5,27,242
2010,LAND ROVER,DEFENDER 110 (2.4L),OFF-ROAD,2.4,4,I,M6,D,11,8.5,9.8,29,260
2010,SSANGYONG,REXTON II (2.7L - Micro),SUV,2.7,5,I,A5,D,11.5,8.5,10,28,265
2010,SSANGYONG,KYRON (Facelift - 2.0L),SUV,2,4,I,A5,D,10.5,8,9.3,30,245
2010,AUDI,Q5 2.0 TFSI,SUV,2,4,I,A7,Z,10,7.5,8.9,32,207
2010,MERCEDES-BENZ,M-CLASS ML 350 (W164),SUV,3.5,6,I,A7,Z,12,8.5,10.4,27,242
2010,MERCEDES-BENZ,GL 350 CDI (X164),SUV,3,6,I,A7,D,12,8,9.8,29,259
2010,TOYOTA,LAND CRUISER 200,SUV,4.5,8,V,A6,D,13,9,11,26,290
2010,NISSAN,PATROL Y62 (5.6L - Pre-Facelift),SUV,5.6,8,V,A5,Z,18,12.5,15.3,18,360
2010,TOYOTA,VOXY (ZRR70),MPV,2,4,I,CVT,Z,9,7,8.1,35,190
2010,SUZUKI,PALETTE/KEI CAR (Spacia Pre.),KEI CAR,0.7,3,I,CVT,Z,5.5,4,4.8,49,115
2010,DAIHATSU,TANTO CUSTOM (L375S),KEI CAR,0.7,3,I,CVT,Z,5.9,4.2,5,47,118
2010,TOYOTA,ALPHARD (ANH20 - 2.4L),MPV,2.4,4,I,CVT,Z,10.5,7.5,9.2,31,215
2011,AUDI,A4,COMPACT,2,4,I,AV,Z,8.9,6.5,7.8,36,179
2011,AUDI,A4 QUATTRO,COMPACT,2,4,I,AS8,Z,10,7,8.7,32,200
2011,AUDI,A4 QUATTRO,COMPACT,2,4,I,M6,Z,9.5,6.5,8.1,35,186
2011,AUDI,A5 COUPE,SUBCOMPACT,2,4,I,AS8,Z,10,7,8.7,32,200
2011,AUDI,A5 COUPE,SUBCOMPACT,2,4,I,M6,Z,9.5,6.5,8.1,35,186
2011,AUDI,A6,MID-SIZE,3,6,I,AS6,Z,12,8,10.2,28,235
2011,AUDI,A6,MID-SIZE,4.2,8,V,AS6,Z,13,8.6,11,26,253
2011,AUDI,A8,MID-SIZE,4.2,8,V,AS8,Z,12.5,7.8,10.4,27,239
2011,AUDI,A8L,FULL-SIZE,4.2,8,V,AS8,Z,12.5,7.8,10.4,27,239
2011,AUDI,Q5,SUV,2,4,I,AS8,Z,10.6,7.7,9.3,30,214
2011,AUDI,Q5,SUV,3.2,6,I,AS8,Z,11.5,9,10.4,27,239
2011,AUDI,Q7,SUV,3,6,I,AS8,Z,13.6,9.3,11.6,24,267
2011,BMW,1 SERIES M COUPE,SUBCOMPACT,3,6,I,M6,Z,11.2,7.8,9.7,29,223
2011,BMW,128i CABRIOLET,SUBCOMPACT,3,6,I,A6,Z,11.5,7.4,9.6,29,221
2011,BMW,128i CABRIOLET,SUBCOMPACT,3,6,I,M6,Z,10.7,6.9,9,31,207
2011,BMW,128i COUPE,SUBCOMPACT,3,6,I,A6,Z,10.9,6.8,9.1,31,209
2011,BMW,128i COUPE,SUBCOMPACT,3,6,I,M6,Z,10.7,6.9,9,31,207
2011,BMW,135i CABRIOLET,SUBCOMPACT,3,6,I,AM7,Z,11.7,7.8,9.9,29,228
2011,BMW,135i CABRIOLET,SUBCOMPACT,3,6,I,M6,Z,11,7.1,9.3,30,214
2011,BMW,135i COUPE,SUBCOMPACT,3,6,I,AM7,Z,11.6,7.8,9.9,29,228
2011,BMW,135i COUPE,SUBCOMPACT,3,6,I,M6,Z,10.4,7,8.8,32,202
2011,BMW,323i,COMPACT,2.5,6,I,A6,Z,11.2,6.7,9.2,31,212
2011,BMW,323i,COMPACT,2.5,6,I,M6,Z,11.1,6.9,9.2,31,212
2011,BMW,328i,COMPACT,3,6,I,A6,Z,10.9,6.8,9.1,31,209
2011,BMW,328i,COMPACT,3,6,I,M6,Z,10.7,6.9,9,31,207
2011,BMW,328i xDRIVE,COMPACT,3,6,I,A6,Z,11.8,7.8,10,28,230
2011,BMW,328i xDRIVE,COMPACT,3,6,I,M6,Z,12.3,7.6,10.2,28,235
2011,BMW,328i xDRIVE COUPE,SUBCOMPACT,3,6,I,A6,Z,11.8,7.8,10,28,230
2011,BMW,328i xDRIVE COUPE,SUBCOMPACT,3,6,I,M6,Z,12.3,7.6,10.2,28,235
2011,BMW,528i,MID-SIZE,3,6,I,A8,Z,9.6,6.2,8.1,35,186
2011,BMW,750i xDRIVE,FULL-SIZE,4.4,8,V,A6,Z,15.4,10,13,22,299
2011,BMW,750Li xDRIVE,FULL-SIZE,4.4,8,V,A6,Z,15.4,10,13,22,299
2011,BMW,X3 xDRIVE28i,SUV,3,6,I,A8,Z,11,7.8,9.6,29,221
2011,BMW,X3 xDRIVE35i,SUV,3,6,I,A8,Z,11.1,7.7,9.6,29,221
2011,BMW,X5 M,SUV,4.4,8,V,A6,Z,17.1,11.9,14.8,19,340
2011,BMW,X5 xDRIVE35d,SUV,3,6,I,A6,D,10.9,7.6,9.4,30,254
2011,BMW,X5 xDRIVE35i,SUV,3,6,I,A8,Z,13,8.5,11,26,253
2011,BMW,X5 xDRIVE50i,SUV,4.4,8,V,A8,Z,15.2,9.8,12.8,22,294
2011,BMW,X6 M,SUV,4.4,8,V,A6,Z,17.1,11.9,14.8,19,340
2011,BMW,X6 xDRIVE35i,SUV,3,6,I,A8,Z,13,8.5,11,26,253
2011,BMW,X6 xDRIVE50i,SUV,4.4,8,V,A8,Z,15.2,9.8,12.8,22,294
2011,FORD,FIESTA,SUBCOMPACT,1.6,4,I,A6,X,6.9,5.1,6.1,46,140
2011,FORD,FIESTA,SUBCOMPACT,1.6,4,I,M5,X,7.1,5.3,6.3,45,145
2011,FORD,FIESTA SFE,SUBCOMPACT,1.6,4,I,A6,X,6.8,4.9,6,47,138
2011,FORD,FOCUS,COMPACT,2,4,I,A4,X,8.2,5.8,7.1,40,163
2011,FORD,FOCUS,COMPACT,2,4,I,M5,X,8,5.6,6.9,41,159
2011,HONDA,ACCORD 4DR SEDAN,FULL-SIZE,2.4,4,I,A5,X,9,5.8,7.5,38,172
2011,HONDA,ACCORD 4DR SEDAN,FULL-SIZE,2.4,4,I,M5,X,8.8,5.8,7.4,38,170
2011,HONDA,ACCORD 4DR SEDAN,FULL-SIZE,3.5,6,I,A5,X,10.3,6.5,8.6,33,198
2011,HONDA,CIVIC,SUBCOMPACT,1.8,4,I,A5,X,8.2,5.7,7.1,40,163
2011,HONDA,CIVIC,SUBCOMPACT,1.8,4,I,M5,X,7.4,5.4,6.5,43,150
2011,HONDA,CIVIC,SUBCOMPACT,2,4,I,M6,Z,10.2,6.8,8.7,32,200
2011,HONDA,CR-V,SUV,2.4,4,I,A5,X,9.8,7.1,8.5,33,196
2011,HONDA,CR-V AWD,SUV,2.4,4,I,A5,X,10.1,7.5,9,31,207
2011,HONDA,INSIGHT DX/LX,COMPACT,1.3,4,I,AV,X,4.8,4.6,4.7,60,108
2011,HONDA,INSIGHT EX,COMPACT,1.3,4,I,AV,X,4.8,4.6,4.7,60,108
2011,HYUNDAI,ACCENT,COMPACT,1.6,4,I,A4,X,7.6,5.5,6.7,42,154
2011,HYUNDAI,ACCENT,COMPACT,1.6,4,I,M5,X,7.3,5.7,6.6,43,152
2011,HYUNDAI,SANTA FE,SUV,2.4,4,I,AS6,X,10.4,7.2,9,31,207
2011,HYUNDAI,SANTA FE,SUV,2.4,4,I,M6,X,11,7.7,9.5,30,218
2011,HYUNDAI,SANTA FE,SUV,3.5,6,I,AS6,X,10.2,7.6,9,31,207
2011,HYUNDAI,SANTA FE 4WD,SUV,2.4,4,I,AS6,X,10.6,8,9.4,30,216
2011,HYUNDAI,SANTA FE 4WD,SUV,3.5,6,I,AS6,X,10.6,7.7,9.3,30,214
2011,HYUNDAI,SONATA,FULL-SIZE,2,4,I,AS6,X,9.3,6,7.8,36,179
2011,HYUNDAI,SONATA,FULL-SIZE,2.4,4,I,AS6,X,9.4,5.7,7.7,37,177
2011,HYUNDAI,SONATA,FULL-SIZE,2.4,4,I,M6,X,8.7,5.7,7.4,38,170
2011,HYUNDAI,SONATA HYBRID,MID-SIZE,2.4,4,I,AS6,X,5.7,4.8,5.3,53,122
2011,HYUNDAI,TUCSON,SUV,2,4,I,AS6,X,9.1,6.5,7.9,36,182
2011,HYUNDAI,TUCSON,SUV,2,4,I,M5,X,10.1,7.4,8.9,32,205
2011,HYUNDAI,TUCSON,SUV,2.4,4,I,AS6,X,9.5,6.3,8.1,35,186
2011,HYUNDAI,TUCSON,SUV,2.4,4,I,M6,X,10,6.9,8.6,33,198
2011,HYUNDAI,TUCSON 4WD,SUV,2.4,4,I,AS6,X,10.1,7.1,8.8,32,202
2011,HYUNDAI,TUCSON 4WD,SUV,2.4,4,I,M6,X,10.6,7.4,9.2,31,212
2011,JAGUAR,XF,MID-SIZE,5,8,V,A6,Z,13.1,8.2,11,26,253
2011,JEEP,GRAND CHEROKEE 4X4 FFV,SUV,3.6,6,I,A5,X,13,8.9,11.1,25,255
2011,KIA,RIO,COMPACT,1.6,4,I,A4,X,7.6,5.5,6.7,42,154
2011,KIA,RIO,COMPACT,1.6,4,I,M5,X,7.1,5.8,6.5,43,150
2011,KIA,SORENTO,SUV,2.4,4,I,AS6,X,9.7,6.9,8.4,34,193
2011,KIA,SORENTO,SUV,2.4,4,I,M6,X,10.6,7.4,9.2,31,212
2011,KIA,SORENTO,SUV,3.5,6,I,AS6,X,10.3,7.7,9.1,31,209
2011,KIA,SORENTO 4WD,SUV,2.4,4,I,AS6,X,9.9,7.4,8.8,32,202
2011,KIA,SORENTO 4WD,SUV,3.5,6,I,AS6,X,11.1,7.9,9.7,29,223
2011,KIA,SPORTAGE,SUV,2.4,4,I,AS6,X,9.5,6.3,8.1,35,186
2011,KIA,SPORTAGE,SUV,2.4,4,I,M6,X,10,6.9,8.6,33,198
2011,KIA,SPORTAGE 4WD,SUV,2.4,4,I,AS6,X,10,7.1,8.7,32,200
2011,KIA,SPORTAGE 4WD,SUV,2.4,4,I,M6,X,10.6,7.4,9.2,31,212
2011,LAND ROVER,RANGE ROVER HSE,SUV,5,8,V,A6,Z,17.3,10.9,14.4,20,331
2011,LAND ROVER,RANGE ROVER SPORT HSE,SUV,5,8,V,A6,Z,16.9,11.2,14.3,20,329
2011,LAND ROVER,RANGE ROVER SPORT SC,SUV,5,8,V,A6,Z,18.1,11.7,15.3,18,352
2011,LEXUS,LS 600h L,MID-SIZE,5,8,V,AS8,Z,10.6,9.1,9.9,29,228
2011,MAZDA,MAZDA2,COMPACT,1.5,4,I,A4,X,7.5,6,6.8,42,156
2011,MAZDA,MAZDA2,COMPACT,1.5,4,I,M5,X,6.8,5.6,6.3,45,145
2011,MAZDA,MAZDA3,COMPACT,2,4,I,AS5,X,8.7,6,7.5,38,172
2011,MAZDA,MAZDA3,COMPACT,2,4,I,M5,X,8.1,5.9,7.1,40,163
2011,MAZDA,MAZDA3,COMPACT,2.5,4,I,AS5,X,9.2,6.7,8.1,35,186
2011,MAZDA,MAZDA3,COMPACT,2.5,4,I,M6,X,10.2,6.9,8.7,32,200
2011,MAZDA,MAZDA6,MID-SIZE,2.5,4,I,AS5,X,9.4,6.5,8.1,35,186
2011,MAZDA,MAZDA6,MID-SIZE,2.5,4,I,M6,X,9.8,6.6,8.4,34,193
2011,MAZDA,MAZDA6,MID-SIZE,3.7,6,I,AS6,X,11.9,7.9,10.1,28,232
2011,MAZDA,RX-8,SUBCOMPACT,1.3,2,I,AS6,Z,13.3,8.9,11.3,25,260
2011,MAZDA,RX-8,SUBCOMPACT,1.3,2,I,M6,Z,12.8,9.2,11.2,25,258
2011,MAZDA,TRIBUTE,SUV,2.5,4,I,A6,X,10,7.1,8.7,32,200
2011,MAZDA,TRIBUTE,SUV,2.5,4,I,M5,X,9.1,7.1,8.2,34,189
2011,MAZDA,TRIBUTE 4X4,SUV,2.5,4,I,A6,X,10.3,7.5,9,31,207
2011,MAZDA,TRIBUTE 4X4 FFV,SUV,3,6,I,A6,X,11.5,8.7,10.3,27,237
2011,MAZDA,TRIBUTE FFV,SUV,3,6,I,A6,X,10.9,8,9.6,29,221
2011,MITSUBISHI,LANCER,COMPACT,2,4,I,AS6,Z,11.9,7.9,10.1,28,232
2011,MITSUBISHI,LANCER,COMPACT,2,4,I,AV,X,8,5.9,7,40,161
2011,MITSUBISHI,LANCER,COMPACT,2,4,I,M5,X,8.4,5.9,7.3,39,168
2011,MITSUBISHI,LANCER EVOLUTION,COMPACT,2,4,I,AS6,Z,12.7,9,11,26,253
2011,MITSUBISHI,LANCER EVOLUTION,COMPACT,2,4,I,M5,Z,12.4,8.7,10.7,26,246
2011,MITSUBISHI,OUTLANDER,SUV,2.4,4,I,AV,X,9,7,8.1,35,186
2011,MITSUBISHI,OUTLANDER 4WD,SUV,2.4,4,I,AV,X,9.1,7,8.2,34,189
2011,MITSUBISHI,OUTLANDER 4WD,SUV,3,6,I,AS6,Z,11,7.9,9.6,29,221
2011,NISSAN,PATHFINDER 4WD,SUV,4,6,I,A5,Z,14.9,10.3,12.8,22,294
2011,SUBARU,FORESTER AWD,SUV,2.5,4,I,AS4,Z,11.9,8.2,10.2,28,235
2011,SUBARU,FORESTER AWD,SUV,2.5,4,I,AS4,X,9.9,7.5,8.8,32,202
2011,SUBARU,FORESTER AWD,SUV,2.5,4,I,M5,X,9.9,7.4,8.8,32,202
2011,SUBARU,IMPREZA AWD,COMPACT,2.5,4,I,AS4,X,10.4,7.5,9.1,31,209
2011,SUBARU,IMPREZA AWD,COMPACT,2.5,4,I,M5,Z,11.1,8,9.8,29,225
2011,SUBARU,IMPREZA AWD,COMPACT,2.5,4,I,M5,X,10.8,7.4,9.2,31,212
2011,SUBARU,IMPREZA AWD,COMPACT,2.5,4,I,M6,Z,12.4,8.8,10.8,26,248
2011,TOYOTA,CAMRY,MID-SIZE,2.5,4,I,AS6,X,9,6,7.7,37,177
2011,TOYOTA,CAMRY,MID-SIZE,2.5,4,I,M6,X,9.3,5.9,7.8,36,179
2011,TOYOTA,CAMRY,MID-SIZE,3.5,6,I,AS6,X,10.6,6.8,8.9,32,205
2011,TOYOTA,CAMRY HYBRID,MID-SIZE,2.4,4,I,AV,X,5.7,5.7,5.7,50,131
2011,TOYOTA,COROLLA,COMPACT,1.8,4,I,A4,X,7.8,5.7,6.8,42,156
2011,TOYOTA,COROLLA,COMPACT,1.8,4,I,M5,X,7.4,5.6,6.6,43,152
2011,TOYOTA,COROLLA,COMPACT,2.4,4,I,AS5,X,9.4,6.5,8.1,35,186
2011,TOYOTA,COROLLA,COMPACT,2.4,4,I,M5,X,9.5,6.7,8.2,34,189
2011,TOYOTA,FJ CRUISER 4WD,SUV,4,6,I,A5,X,12.4,9.5,11.1,25,255
2011,TOYOTA,FJ CRUISER 4WD,SUV,4,6,I,M6,X,13.6,10.2,12.1,23,278
2011,TOYOTA,PRIUS,MID-SIZE,1.8,4,I,AV,X,3.7,4,3.8,74,87
2011,TOYOTA,RAV4,SUV,2.5,4,I,A4,X,9.5,6.9,8.3,34,191
2011,TOYOTA,RAV4,SUV,3.5,6,I,A5,X,10.8,7.4,9.3,30,214
2011,TOYOTA,RAV4 4WD,SUV,2.5,4,I,A4,X,9.7,7.2,8.6,33,198
2011,TOYOTA,RAV4 4WD,SUV,3.5,6,I,A5,X,11.1,7.7,9.6,29,221
2011,VOLKSWAGEN,GOLF,COMPACT,2.5,5,I,AS6,X,9.1,6.5,8,35,184
2011,VOLKSWAGEN,GOLF,COMPACT,2.5,5,I,M5,X,9.9,6.2,8.2,34,189
2011,VOLKSWAGEN,JETTA,COMPACT,2,4,I,AS6,X,9.3,6.7,8.1,35,186
2011,VOLKSWAGEN,JETTA,COMPACT,2,4,I,M5,X,9.1,6,7.7,37,177
2011,VOLKSWAGEN,JETTA,COMPACT,2.5,5,I,AS6,X,9.1,6.5,7.9,36,182
2011,VOLKSWAGEN,JETTA,COMPACT,2.5,5,I,M5,X,9.9,6.2,8.2,34,189
2011,VOLKSWAGEN,PASSAT CC,COMPACT,2,4,I,AS6,Z,9.6,6.6,8.3,34,191
2011,VOLKSWAGEN,PASSAT CC,COMPACT,2,4,I,M6,Z,10,6.7,8.5,33,196
2011,VOLKSWAGEN,PASSAT CC 4MOTION,COMPACT,3.6,6,I,AS6,Z,12.7,8.3,10.7,26,246
2011,VOLKSWAGEN,TIGUAN,SUV,2,4,I,AS6,Z,10.7,8,9.5,30,218
2011,VOLKSWAGEN,TIGUAN,SUV,2,4,I,M6,Z,12,7.7,10.1,28,232
2011,VOLKSWAGEN,TIGUAN 4MOTION,SUV,2,4,I,AS6,Z,10.9,7.9,9.6,29,221
2012,AUDI,A4,COMPACT,2,4,I,AV,Z,8.9,6.5,7.8,36,179
2012,AUDI,A4 QUATTRO,COMPACT,2,4,I,AS8,Z,10,7,8.7,32,200
2012,AUDI,A4 QUATTRO,COMPACT,2,4,I,M6,Z,9.5,6.5,8.1,35,186
2012,AUDI,A5 COUPE,SUBCOMPACT,2,4,I,AS8,Z,10,7,8.7,32,200
2012,AUDI,A5 COUPE,SUBCOMPACT,2,4,I,M6,Z,9.5,6.5,8.1,35,186
2012,AUDI,A6,MID-SIZE,3,6,I,AS8,Z,11.3,7.4,9.5,30,218
2012,AUDI,A8,MID-SIZE,4.2,8,V,AS8,Z,12,7.9,10.2,28,235
2012,AUDI,A8L,FULL-SIZE,4.2,8,V,AS8,Z,12,7.9,10.2,28,235
2012,AUDI,Q5,SUV,2,4,I,AS8,Z,10.6,7.7,9.3,30,214
2012,AUDI,Q5,SUV,3.2,6,I,AS8,Z,11.5,9,10.4,27,239
2012,AUDI,Q7,SUV,3,6,I,AS8,Z,13.6,9.3,11.6,24,267
2012,BMW,128i CABRIOLET,SUBCOMPACT,3,6,I,A6,Z,11.4,7.4,9.6,29,221
2012,BMW,128i CABRIOLET,SUBCOMPACT,3,6,I,M6,Z,10.8,7,9.1,31,209
2012,BMW,128i COUPE,SUBCOMPACT,3,6,I,A6,Z,11.3,6.8,9.2,31,212
2012,BMW,128i COUPE,SUBCOMPACT,3,6,I,M6,Z,10.8,7,9.1,31,209
2012,BMW,135i CABRIOLET,SUBCOMPACT,3,6,I,AM7,Z,11.7,7.8,9.9,29,228
2012,BMW,135i CABRIOLET,SUBCOMPACT,3,6,I,M6,Z,11.2,7.2,9.4,30,216
2012,BMW,135i COUPE,SUBCOMPACT,3,6,I,AM7,Z,11.6,7.8,9.9,29,228
2012,BMW,135i COUPE,SUBCOMPACT,3,6,I,M6,Z,10.4,7,8.8,32,202
2012,BMW,328i xDRIVE COUPE,SUBCOMPACT,3,6,I,A6,Z,11.9,7.8,10.1,28,232
2012,BMW,328i xDRIVE COUPE,SUBCOMPACT,3,6,I,M6,Z,12.4,7.6,10.2,28,235
2012,BMW,528i,MID-SIZE,2,4,I,A8,Z,8.6,5.7,7.3,39,168
2012,BMW,528i xDRIVE,MID-SIZE,2,4,I,A8,Z,8.8,5.9,7.5,38,172
2012,BMW,750i xDRIVE,FULL-SIZE,4.4,8,V,A6,Z,15.4,10,13,22,299
2012,BMW,750Li xDRIVE,FULL-SIZE,4.4,8,V,A6,Z,15.4,10,13,22,299
2012,BMW,X1 xDRIVE28i,SUV,2,4,I,A8,Z,10.2,6.5,8.5,33,196
2012,BMW,X3 xDRIVE28i,SUV,3,6,I,A8,Z,10.9,7.8,9.5,30,218
2012,BMW,X3 xDRIVE35i,SUV,3,6,I,A8,Z,11.1,7.7,9.6,29,221
2012,BMW,X5 M,SUV,4.4,8,V,A6,Z,16.9,11.9,14.6,19,336
2012,BMW,X5 xDRIVE35d,SUV,3,6,I,A6,D,10.8,7.6,9.4,30,254
2012,BMW,X5 xDRIVE35i,SUV,3,6,I,A8,Z,13.1,8.6,11.1,25,255
2012,BMW,X5 xDRIVE50i,SUV,4.4,8,V,A8,Z,15.3,9.9,12.9,22,297
2012,BMW,X6 M,SUV,4.4,8,V,A6,Z,16.9,11.9,14.6,19,336
2012,BMW,X6 xDRIVE35i,SUV,3,6,I,A8,Z,13.1,8.6,11.1,25,255
2012,BMW,X6 xDRIVE50i,SUV,4.4,8,V,A8,Z,15.3,9.9,12.9,22,297
2012,FORD,FIESTA,SUBCOMPACT,1.6,4,I,A6,X,6.9,5.1,6.1,46,140
2012,FORD,FIESTA,SUBCOMPACT,1.6,4,I,M5,X,6.9,5.1,6.1,46,140
2012,FORD,FIESTA SFE,SUBCOMPACT,1.6,4,I,A6,X,6.8,4.9,6,47,138
2012,FORD,FOCUS,COMPACT,2,4,I,A6,X,7.3,5.2,6.3,45,145
2012,FORD,FOCUS,COMPACT,2,4,I,AS6,X,7.4,5.2,6.4,44,147
2012,FORD,FOCUS,COMPACT,2,4,I,M5,X,7.8,5.5,6.8,42,156
2012,FORD,FOCUS SFE,COMPACT,2,4,I,A6,X,7.2,4.8,6.1,46,140
2012,HONDA,ACCORD 4DR SEDAN,FULL-SIZE,2.4,4,I,A5,X,9,5.8,7.5,38,172
2012,HONDA,ACCORD 4DR SEDAN,FULL-SIZE,2.4,4,I,M5,X,8.8,5.8,7.4,38,170
2012,HONDA,ACCORD 4DR SEDAN,FULL-SIZE,3.5,6,I,A5,X,10.3,6.5,8.6,33,198
2012,HONDA,CIVIC,COMPACT,1.8,4,I,A5,X,7.2,5,6.2,46,143
2012,HONDA,CIVIC,COMPACT,1.8,4,I,M5,X,7.2,5.4,6.4,44,147
2012,HONDA,CIVIC,COMPACT,2.4,4,I,M6,Z,10,6.4,8.4,34,193
2012,HONDA,CR-V,SUV,2.4,4,I,A5,X,9,6.4,7.8,36,179
2012,HONDA,CR-V AWD,SUV,2.4,4,I,A5,X,9.2,6.6,8.1,35,186
2012,HONDA,INSIGHT LX,COMPACT,1.3,4,I,AV,X,4.7,4.4,4.6,61,106
2012,HYUNDAI,ACCENT,COMPACT,1.6,4,I,AS6,X,7.1,5.2,6.2,46,143
2012,HYUNDAI,ACCENT,COMPACT,1.6,4,I,M6,X,7.1,5.3,6.3,45,145
2012,HYUNDAI,SANTA FE,SUV,2.4,4,I,AS6,X,10.4,7.2,9,31,207
2012,HYUNDAI,SANTA FE,SUV,2.4,4,I,M6,X,11,7.7,9.5,30,218
2012,HYUNDAI,SANTA FE,SUV,3.5,6,I,AS6,X,10.2,7.6,9,31,207
2012,HYUNDAI,SANTA FE 4WD,SUV,2.4,4,I,AS6,X,10.6,8,9.4,30,216
2012,HYUNDAI,SANTA FE 4WD,SUV,3.5,6,I,AS6,X,10.6,7.7,9.3,30,214
2012,HYUNDAI,SONATA,FULL-SIZE,2,4,I,AS6,X,9.2,5.8,7.7,37,177
2012,HYUNDAI,SONATA,FULL-SIZE,2.4,4,I,AS6,X,8.7,5.6,7.3,39,168
2012,HYUNDAI,SONATA,FULL-SIZE,2.4,4,I,M6,X,8.7,5.7,7.4,38,170
2012,HYUNDAI,SONATA HYBRID,MID-SIZE,2.4,4,I,AS6,X,5.7,4.8,5.3,53,122
2012,HYUNDAI,TUCSON,SUV,2,4,I,AS6,X,9.3,6.8,8.2,34,189
2012,HYUNDAI,TUCSON,SUV,2,4,I,M5,X,10.4,7.7,9.2,31,212
2012,HYUNDAI,TUCSON,SUV,2.4,4,I,AS6,X,9.7,6.5,8.3,34,191
2012,HYUNDAI,TUCSON 4WD,SUV,2.4,4,I,AS6,X,10.2,7.4,8.9,32,205
2012,JAGUAR,XF,MID-SIZE,5,8,V,A6,Z,13.1,8.5,11,26,253
2012,JEEP,GRAND CHEROKEE 4X4 FFV,SUV,3.6,6,I,A5,X,13,8.8,11.1,25,255
2012,KIA,RIO,COMPACT,1.6,4,I,AS6,X,7.1,5.5,6.4,44,147
2012,KIA,RIO,COMPACT,1.6,4,I,M6,X,6.9,5.3,6.2,46,143
2012,KIA,SORENTO,SUV,2.4,4,I,AS6,X,9.8,6.5,8.3,34,191
2012,KIA,SORENTO,SUV,2.4,4,I,M6,X,10.6,7.4,9.2,31,212
2012,KIA,SORENTO,SUV,3.5,6,I,AS6,X,10.3,7.7,9.1,31,209
2012,KIA,SORENTO 4WD,SUV,2.4,4,I,AS6,X,10.3,7.5,9,31,207
2012,KIA,SORENTO 4WD,SUV,3.5,6,I,AS6,X,11.5,8.2,10,28,230
2012,KIA,SPORTAGE,SUV,2.4,4,I,AS6,X,9.7,6.5,8.3,34,191
2012,KIA,SPORTAGE,SUV,2.4,4,I,M6,X,10.3,7.2,8.9,32,205
2012,KIA,SPORTAGE 4WD,SUV,2,4,I,AS6,X,10.3,8.1,9.3,30,214
2012,KIA,SPORTAGE 4WD,SUV,2.4,4,I,AS6,X,10.2,7.4,8.9,32,205
2012,LAND ROVER,RANGE ROVER EVOQUE,SUV,2,4,I,A6,Z,10.9,6.9,9.1,31,209
2012,LAND ROVER,RANGE ROVER HSE,SUV,5,8,V,A6,Z,17.3,10.9,14.4,20,331
2012,LAND ROVER,RANGE ROVER SPORT HSE,SUV,5,8,V,A6,Z,16.9,11.2,14.3,20,329
2012,LAND ROVER,RANGE ROVER SPORT SC,SUV,5,8,V,A6,Z,18.1,11.7,15.3,18,352
2012,LEXUS,LS 600h L,MID-SIZE,5,8,V,AS8,Z,10.6,9.1,9.9,29,228
2012,MAZDA,MAZDA2,COMPACT,1.5,4,I,A4,X,7.1,5.8,6.5,43,150
2012,MAZDA,MAZDA2,COMPACT,1.5,4,I,M5,X,6.8,5.6,6.3,45,145
2012,MAZDA,MAZDA3,COMPACT,2,4,I,AS5,X,8.7,6,7.5,38,172
2012,MAZDA,MAZDA3,COMPACT,2,4,I,M5,X,8.1,5.9,7.1,40,163
2012,MAZDA,MAZDA3,COMPACT,2.5,4,I,AS5,X,9.2,6.7,8.1,35,186
2012,MAZDA,MAZDA3,COMPACT,2.5,4,I,M6,X,10.2,6.9,8.7,32,200
2012,MAZDA,MAZDA3 DI 4-DOOR,COMPACT,2,4,I,AS6,X,7.1,4.9,6.1,46,140
2012,MAZDA,MAZDA3 DI 4-DOOR,COMPACT,2,4,I,M6,X,7.7,5,6.5,43,150
2012,MAZDA,MAZDA3 DI 5-DOOR,MID-SIZE,2,4,I,AS6,X,7.1,5,6.2,46,143
2012,MAZDA,MAZDA3 DI 5-DOOR,MID-SIZE,2,4,I,M6,X,7.6,5.1,6.5,43,150
2012,MAZDA,MAZDA6,MID-SIZE,2.5,4,I,AS5,X,9.4,6.5,8.1,35,186
2012,MAZDA,MAZDA6,MID-SIZE,2.5,4,I,M6,X,9.8,6.6,8.4,34,193
2012,MAZDA,MAZDA6,MID-SIZE,3.7,6,I,AS6,X,11.9,7.9,10.1,28,232
2012,MITSUBISHI,LANCER,COMPACT,2,4,I,AS6,Z,11.9,7.9,10.1,28,232
2012,MITSUBISHI,LANCER,COMPACT,2,4,I,AV,X,7.9,5.8,7,40,161
2012,MITSUBISHI,LANCER,COMPACT,2,4,I,M5,X,8.4,5.8,7.2,39,166
2012,MITSUBISHI,LANCER AWD,COMPACT,2.4,4,I,AV,X,9.1,6.8,8.1,35,186
2012,MITSUBISHI,LANCER EVOLUTION,COMPACT,2,4,I,AS6,Z,12.6,8.9,10.9,26,251
2012,MITSUBISHI,LANCER EVOLUTION,COMPACT,2,4,I,M5,Z,12.4,8.7,10.7,26,246
2012,MITSUBISHI,OUTLANDER,SUV,2.4,4,I,AV,X,9,7,8.1,35,186
2012,MITSUBISHI,OUTLANDER 4WD,SUV,2.4,4,I,AV,X,9.1,7,8.2,34,189
2012,MITSUBISHI,OUTLANDER 4WD,SUV,3,6,I,AS6,Z,11,7.9,9.6,29,221
2012,NISSAN,PATHFINDER 4WD,SUV,4,6,I,A5,Z,14.9,10.2,12.8,22,294
2012,SUBARU,FORESTER AWD,SUV,2.5,4,I,AS4,Z,11,8.4,9.8,29,225
2012,SUBARU,FORESTER AWD,SUV,2.5,4,I,AS4,X,9.9,7.5,8.8,32,202
2012,SUBARU,FORESTER AWD,SUV,2.5,4,I,M5,X,9.9,7.4,8.8,32,202
2012,SUBARU,IMPREZA AWD,COMPACT,2,4,I,AV,X,7.5,5.5,6.6,43,152
2012,SUBARU,IMPREZA AWD,COMPACT,2,4,I,M5,X,8.3,5.9,7.3,39,168
2012,SUBARU,WRX AWD,COMPACT,2.5,4,I,M5,Z,11.1,8,9.7,29,223
2012,SUBARU,WRX STI AWD,COMPACT,2.5,4,I,M6,Z,12.6,8.8,10.9,26,251
2012,TOYOTA,CAMRY,MID-SIZE,2.5,4,I,AS6,X,8.2,5.6,7,40,161
2012,TOYOTA,CAMRY,MID-SIZE,3.5,6,I,AS6,X,9.7,6.4,8.2,34,189
2012,TOYOTA,CAMRY HYBRID LE,MID-SIZE,2.5,4,I,AV,X,4.5,4.9,4.7,60,108
2012,TOYOTA,CAMRY HYBRID XLE,MID-SIZE,2.5,4,I,AV,X,4.7,5.1,4.9,58,113
2012,TOYOTA,COROLLA,COMPACT,1.8,4,I,A4,X,7.8,5.7,6.8,42,156
2012,TOYOTA,COROLLA,COMPACT,1.8,4,I,M5,X,7.4,5.6,6.6,43,152
2012,TOYOTA,COROLLA,COMPACT,2.4,4,I,AS5,X,9.4,6.5,8.1,35,186
2012,TOYOTA,COROLLA,COMPACT,2.4,4,I,M5,X,9.4,6.7,8.2,34,189
2012,TOYOTA,FJ CRUISER 4WD,SUV,4,6,I,A5,X,12.4,9.5,11.1,25,255
2012,TOYOTA,FJ CRUISER 4WD,SUV,4,6,I,M6,X,14,10.4,12.4,23,285
2012,TOYOTA,PRIUS,MID-SIZE,1.8,4,I,AV,X,3.7,4,3.8,74,87
2012,TOYOTA,PRIUS c,COMPACT,1.5,4,I,AV,X,3.5,4,3.7,76,85
2012,TOYOTA,RAV4,SUV,2.5,4,I,A4,X,9.5,6.9,8.3,34,191
2012,TOYOTA,RAV4,SUV,3.5,6,I,A5,X,10.7,7.4,9.2,31,212
2012,TOYOTA,RAV4 4WD,SUV,2.5,4,I,A4,X,9.7,7.2,8.6,33,198
2012,TOYOTA,RAV4 4WD,SUV,3.5,6,I,A5,X,10.9,7.6,9.4,30,216
2012,VOLKSWAGEN,BEETLE,SUBCOMPACT,2,4,I,AS6,Z,9.9,6.5,8.4,34,193
2012,VOLKSWAGEN,BEETLE,SUBCOMPACT,2,4,I,M6,Z,10.3,6.7,8.7,32,200
2012,VOLKSWAGEN,BEETLE,SUBCOMPACT,2.5,5,I,AS6,X,9.5,7.1,8.4,34,193
2012,VOLKSWAGEN,BEETLE,SUBCOMPACT,2.5,5,I,M5,X,9.9,6.4,8.3,34,191
2012,VOLKSWAGEN,GOLF,COMPACT,2.5,5,I,AS6,X,9.1,6.5,7.9,36,182
2012,VOLKSWAGEN,GOLF,COMPACT,2.5,5,I,M5,X,9.9,6.2,8.2,34,189
2012,VOLKSWAGEN,GOLF R,COMPACT,2,4,I,M6,Z,10.9,7.5,9.4,30,216
2012,VOLKSWAGEN,JETTA,COMPACT,2,4,I,AS6,Z,8.8,6.1,7.6,37,175
2012,VOLKSWAGEN,JETTA,COMPACT,2,4,I,AS6,X,9.3,6.7,8.1,35,186
2012,VOLKSWAGEN,JETTA,COMPACT,2,4,I,M5,X,9.1,6,7.7,37,177
2012,VOLKSWAGEN,JETTA,COMPACT,2,4,I,M6,Z,9.8,6.2,8.2,34,189
2012,VOLKSWAGEN,JETTA,COMPACT,2.5,5,I,AS6,X,9.1,6.5,7.9,36,182
2012,VOLKSWAGEN,JETTA,COMPACT,2.5,5,I,M5,X,9.9,6.2,8.2,34,189
2012,VOLKSWAGEN,PASSAT,MID-SIZE,2.5,5,I,AS6,X,9.6,6.7,8.3,34,191
2012,VOLKSWAGEN,PASSAT,MID-SIZE,2.5,5,I,M5,X,10.1,6.5,8.5,33,196
2012,VOLKSWAGEN,PASSAT,MID-SIZE,3.6,6,I,AS6,Z,10.9,7.4,9.4,30,216
2012,VOLKSWAGEN,TIGUAN,SUV,2,4,I,AS6,Z,9.7,7.6,8.8,32,202
2012,VOLKSWAGEN,TIGUAN,SUV,2,4,I,M6,Z,12,7.7,10.1,28,232
2012,VOLKSWAGEN,TIGUAN 4MOTION,SUV,2,4,I,AS6,Z,9.8,7.4,8.8,32,202
2013,AUDI,A4,COMPACT,2,4,I,AV8,Z,8.6,6.2,7.5,38,172
2013,AUDI,A4 QUATTRO,COMPACT,2,4,I,AS8,Z,10.1,6.8,8.6,33,198
2013,AUDI,A4 QUATTRO,COMPACT,2,4,I,M6,Z,9.5,6.3,8.1,35,186
2013,AUDI,A5 CABRIOLET QUATTRO,SUBCOMPACT,2,4,I,AS8,Z,10.1,6.8,8.6,33,198
2013,AUDI,A5 QUATTRO,SUBCOMPACT,2,4,I,AS8,Z,10.1,6.8,8.6,33,198
2013,AUDI,A5 QUATTRO,SUBCOMPACT,2,4,I,M6,Z,9.5,6.3,8.1,35,186
2013,AUDI,A6 QUATTRO,MID-SIZE,2,4,I,AS8,Z,10.5,6.8,8.9,32,205
2013,AUDI,A6 QUATTRO,MID-SIZE,3,6,I,AS8,Z,11.3,7.3,9.5,30,218
2013,AUDI,A8,MID-SIZE,3,6,I,AS8,Z,12,7.2,9.8,29,225
2013,AUDI,A8L,FULL-SIZE,3,6,I,AS8,Z,12.4,7.6,10.2,28,235
2013,AUDI,A8L,FULL-SIZE,4,8,V,AS8,Z,13.2,8.2,10.9,26,251
2013,AUDI,Q5,SUV - SMALL,2,4,I,AS8,Z,10.5,7.2,9,31,207
2013,AUDI,Q5 HYBRID,SUV - SMALL,2,4,I,AS8,Z,8.6,6.9,7.8,36,179
2013,AUDI,Q7,SUV - STANDARD,3,6,I,AS8,Z,13.6,9.3,11.6,24,267
2013,AUDI,RS 5,SUBCOMPACT,4.2,8,V,AM7,Z,13.7,9.2,11.7,24,269
2013,BMW,128i CABRIOLET,SUBCOMPACT,3,6,I,A6,Z,11.4,7.4,9.6,29,221
2013,BMW,128i CABRIOLET,SUBCOMPACT,3,6,I,M6,Z,10.7,7,9,31,207
2013,BMW,128i COUPE,SUBCOMPACT,3,6,I,A6,Z,11.3,6.8,9.3,30,214
2013,BMW,128i COUPE,SUBCOMPACT,3,6,I,M6,Z,10.7,7,9,31,207
2013,BMW,135i CABRIOLET,SUBCOMPACT,3,6,I,AM7,Z,11.8,7.9,10,28,230
2013,BMW,135i CABRIOLET,SUBCOMPACT,3,6,I,M6,Z,10.6,6.8,8.9,32,205
2013,BMW,135i COUPE,SUBCOMPACT,3,6,I,AM7,Z,11.7,7.9,10,28,230
2013,BMW,135i COUPE,SUBCOMPACT,3,6,I,M6,Z,10.4,7,8.9,32,205
2013,BMW,320i,COMPACT,2,4,I,A8,Z,8.5,5.2,7,40,161
2013,BMW,320i,COMPACT,2,4,I,M6,Z,8.9,5.4,7.3,39,168
2013,BMW,328i,COMPACT,2,4,I,A8,Z,8.6,5.5,7.2,39,166
2013,BMW,328i,COMPACT,2,4,I,M6,Z,9,5.6,7.5,38,172
2013,BMW,328i xDRIVE,COMPACT,2,4,I,A8,Z,9,6,7.7,37,177
2013,BMW,328i xDRIVE COUPE,SUBCOMPACT,3,6,I,A6,Z,11.8,7.8,10,28,230
2013,BMW,328i xDRIVE COUPE,SUBCOMPACT,3,6,I,M6,Z,12.2,7.6,10.1,28,232
2013,BMW,528i,MID-SIZE,2,4,I,A8,Z,8.5,5.7,7.2,39,166
2013,BMW,528i xDRIVE,MID-SIZE,2,4,I,A8,Z,9,6,7.7,37,177
2013,BMW,740Li xDRIVE,FULL-SIZE,3,6,I,A8,Z,11.2,7.5,9.5,30,218
2013,BMW,750i xDRIVE,FULL-SIZE,4.4,8,V,A8,Z,12.9,8.3,10.8,26,248
2013,BMW,750Li xDRIVE,FULL-SIZE,4.4,8,V,A8,Z,12.9,8.3,10.8,26,248
2013,BMW,M5,MID-SIZE,4.4,8,V,AM7,Z,13.3,8.6,11.2,25,258
2013,BMW,M5,MID-SIZE,4.4,8,V,M6,Z,14.4,9.2,12.1,23,278
2013,BMW,X1 xDRIVE28i,SUV - SMALL,2,4,I,A8,Z,9,6,7.7,37,177
2013,BMW,X1 xDRIVE35i,SUV - SMALL,3,6,I,A6,Z,11.4,7.4,9.6,29,221
2013,BMW,X3 xDRIVE28i,SUV - SMALL,2,4,I,A8,Z,9.5,7,8.4,34,193
2013,BMW,X3 xDRIVE35i,SUV - SMALL,3,6,I,A8,Z,11.1,7.7,9.6,29,221
2013,BMW,X5 M,SUV - STANDARD,4.4,8,V,A6,Z,17.2,12,14.9,19,343
2013,BMW,X5 xDRIVE35d,SUV - STANDARD,3,6,I,A6,D,10.7,7.5,9.3,30,251
2013,BMW,X5 xDRIVE35i,SUV - STANDARD,3,6,I,A8,Z,13.1,8.6,11.1,25,255
2013,BMW,X5 xDRIVE50i,SUV - STANDARD,4.4,8,V,A8,Z,15.3,9.9,12.9,22,297
2013,BMW,X6 M,SUV - STANDARD,4.4,8,V,A6,Z,17.2,12,14.9,19,343
2013,BMW,X6 xDRIVE35i,SUV - STANDARD,3,6,I,A8,Z,13.1,8.6,11.1,25,255
2013,BMW,X6 xDRIVE50i,SUV - STANDARD,4.4,8,V,A8,Z,15.3,9.9,12.9,22,297
2013,FORD,FIESTA,SUBCOMPACT,1.6,4,I,A6,X,6.9,5.1,6.1,46,140
2013,FORD,FIESTA,SUBCOMPACT,1.6,4,I,M5,X,6.9,5.1,6.1,46,140
2013,FORD,FIESTA SFE,SUBCOMPACT,1.6,4,I,A6,X,6.9,4.9,6,47,138
2013,FORD,FOCUS,COMPACT,2,4,I,M6,X,8.9,6.2,7.6,37,175
2013,FORD,FOCUS FFV,COMPACT,2,4,I,A6,X,7.5,5.1,6.4,44,147
2013,FORD,FOCUS FFV,COMPACT,2,4,I,AS6,X,7.5,5.1,6.4,44,147
2013,FORD,FOCUS FFV,COMPACT,2,4,I,M5,X,7.8,5.5,6.8,42,156
2013,FORD,FOCUS SFE FFV,COMPACT,2,4,I,A6,X,7.2,4.8,6.1,46,140
2013,HONDA,ACCORD,MID-SIZE,2.4,4,I,AV,X,7.8,5.5,6.7,42,154
2013,HONDA,ACCORD,MID-SIZE,2.4,4,I,AV7,X,7.8,5.5,6.7,42,154
2013,HONDA,ACCORD,MID-SIZE,2.4,4,I,M6,X,8.7,5.7,7.4,38,170
2013,HONDA,ACCORD,MID-SIZE,3.5,6,I,A6,X,9.7,5.7,7.9,36,182
2013,HONDA,ACCORD,MID-SIZE,3.5,6,I,AS6,X,10,6.1,8.2,34,189
2013,HONDA,ACCORD,MID-SIZE,3.5,6,I,M6,X,11.5,7.1,9.5,30,218
2013,HONDA,CIVIC,COMPACT,1.8,4,I,A5,X,7.1,5,6.2,46,143
2013,HONDA,CIVIC,COMPACT,1.8,4,I,M5,X,7.2,5.4,6.4,44,147
2013,HONDA,CIVIC,COMPACT,2.4,4,I,M6,Z,10,6.4,8.4,34,193
2013,HONDA,CR-V,SUV - SMALL,2.4,4,I,A5,X,9,6.4,7.8,36,179
2013,HONDA,CR-V AWD,SUV - SMALL,2.4,4,I,A5,X,9.2,6.6,8.1,35,186
2013,HONDA,INSIGHT,COMPACT,1.3,4,I,AV,X,4.7,4.4,4.6,61,106
2013,HONDA,INSIGHT EX,COMPACT,1.3,4,I,AV7,X,4.7,4.3,4.5,63,104
2013,HYUNDAI,ACCENT,COMPACT,1.6,4,I,AS6,X,7.2,5.2,6.3,45,145
2013,HYUNDAI,ACCENT,COMPACT,1.6,4,I,M6,X,7.1,5.3,6.3,45,145
2013,HYUNDAI,ELANTRA COUPE,MID-SIZE,1.8,4,I,AS6,X,7.6,5.3,6.5,43,150
2013,HYUNDAI,ELANTRA COUPE,MID-SIZE,1.8,4,I,M6,X,7.2,5.2,6.3,45,145
2013,HYUNDAI,ELANTRA GT,MID-SIZE,1.8,4,I,AS6,X,7.6,5.3,6.6,43,152
2013,HYUNDAI,ELANTRA GT,MID-SIZE,1.8,4,I,M6,X,7.8,5.3,6.7,42,154
2013,HYUNDAI,SANTA FE SPORT,SUV - SMALL,2,4,I,AS6,X,10.4,7.4,9,31,207
2013,HYUNDAI,SANTA FE SPORT,SUV - SMALL,2.4,4,I,AS6,X,10.1,6.7,8.6,33,198
2013,HYUNDAI,SANTA FE SPORT 4WD,SUV - SMALL,2,4,I,AS6,X,11,8.4,9.8,29,225
2013,HYUNDAI,SANTA FE SPORT 4WD,SUV - SMALL,2.4,4,I,AS6,X,10.5,7.7,9.3,30,214
2013,HYUNDAI,SONATA,FULL-SIZE,2,4,I,AS6,X,9.2,5.8,7.7,37,177
2013,HYUNDAI,SONATA,FULL-SIZE,2.4,4,I,AS6,X,8.7,5.6,7.3,39,168
2013,HYUNDAI,SONATA HYBRID,MID-SIZE,2.4,4,I,AS6,X,5.4,4.9,5.2,54,120
2013,HYUNDAI,SONATA HYBRID LIMITED,MID-SIZE,2.4,4,I,AS6,X,5.5,4.9,5.2,54,120
2013,HYUNDAI,TUCSON,SUV - SMALL,2,4,I,AS6,X,9.3,6.8,8.2,34,189
2013,HYUNDAI,TUCSON,SUV - SMALL,2,4,I,M5,X,10.4,7.7,9.2,31,212
2013,HYUNDAI,TUCSON,SUV - SMALL,2.4,4,I,AS6,X,9.7,6.5,8.3,34,191
2013,HYUNDAI,TUCSON 4WD,SUV - SMALL,2.4,4,I,AS6,X,10.2,7.4,9,31,207
2013,JAGUAR,XF I4T,MID-SIZE,2,4,I,AS8,Z,10.8,6.9,9.1,31,209
2013,JAGUAR,XF V6 SUPERCHARGED AWD,MID-SIZE,3,6,I,AS8,Z,13.1,7.7,10.7,26,246
2013,JEEP,GRAND CHEROKEE 4X4 FFV,SUV - STANDARD,3.6,6,I,A5,X,13,8.8,11.1,25,255
2013,KIA,RIO,COMPACT,1.6,4,I,AS6,X,7.1,5.5,6.4,44,147
2013,KIA,RIO,COMPACT,1.6,4,I,M6,X,6.9,5.3,6.1,46,140
2013,KIA,RIO ECO,COMPACT,1.6,4,I,AS6,X,6.8,5.4,6.2,46,143
2013,KIA,SORENTO,SUV - SMALL,2.4,4,I,AS6,X,9.8,6.5,8.3,34,191
2013,KIA,SORENTO,SUV - SMALL,3.5,6,I,AS6,X,10.3,7.7,9.2,31,212
2013,KIA,SORENTO 4WD,SUV - SMALL,2.4,4,I,AS6,X,10.3,7.5,9,31,207
2013,KIA,SORENTO 4WD,SUV - SMALL,3.5,6,I,AS6,X,11.5,8.2,10,28,230
2013,KIA,SPORTAGE,SUV - SMALL,2.4,4,I,AS6,X,9.7,6.5,8.3,34,191
2013,KIA,SPORTAGE,SUV - SMALL,2.4,4,I,M6,X,10.3,7.2,8.9,32,205
2013,KIA,SPORTAGE 4WD,SUV - SMALL,2,4,I,AS6,X,10.3,8.1,9.3,30,214
2013,KIA,SPORTAGE 4WD,SUV - SMALL,2.4,4,I,AS6,X,10.2,7.4,8.9,32,205
2013,LAND ROVER,RANGE ROVER,SUV - STANDARD,5,8,V,AS8,Z,15.6,10.1,13.1,22,301
2013,LAND ROVER,RANGE ROVER EVOQUE,SUV - SMALL,2,4,I,AS6,Z,10.6,7.1,9.1,31,209
2013,LAND ROVER,RANGE ROVER EVOQUE COUPE,SUV - SMALL,2,4,I,AS6,Z,10.6,7.1,9.1,31,209
2013,LAND ROVER,RANGE ROVER SPORT,SUV - STANDARD,5,8,V,AS6,Z,16.8,11.3,14.3,20,329
2013,LAND ROVER,RANGE ROVER SPORT SC,SUV - STANDARD,5,8,V,AS6,Z,18.1,11.7,15.2,19,350
2013,LEXUS,LS 600h L,MID-SIZE,5,8,V,AS8,Z,10.6,9.1,9.9,29,228
2013,MAZDA,CX-5,SUV - SMALL,2,4,I,AS6,X,7.7,6.1,7,40,161
2013,MAZDA,CX-5,SUV - SMALL,2,4,I,M6,X,7.8,5.7,6.8,42,156
2013,MAZDA,CX-5 4WD,SUV - SMALL,2,4,I,AS6,X,8,6.4,7.3,39,168
2013,MAZDA,MAZDA2,COMPACT,1.5,4,I,A4,X,7.1,5.8,6.5,43,150
2013,MAZDA,MAZDA2,COMPACT,1.5,4,I,M5,X,6.8,5.6,6.3,45,145
2013,MAZDA,MAZDA3 DI 4-DOOR,COMPACT,2,4,I,AS6,X,7.1,4.9,6.1,46,140
2013,MAZDA,MAZDA3 DI 4-DOOR,COMPACT,2,4,I,M6,X,7.7,5,6.5,43,150
2013,MAZDA,MAZDA3 DI 5-DOOR,MID-SIZE,2,4,I,AS6,X,7.1,5,6.2,46,143
2013,MAZDA,MAZDA3 DI 5-DOOR,MID-SIZE,2,4,I,M6,X,7.6,5.1,6.5,43,150
2013,MAZDA,MAZDA3 L5X,COMPACT,2.5,4,I,AS5,X,9.2,6.8,8.2,34,189
2013,MAZDA,MAZDA3 L5X,COMPACT,2.5,4,I,M6,X,10.2,7,8.8,32,202
2013,MAZDA,MAZDA3 LFX,COMPACT,2,4,I,AS5,X,8.7,6,7.5,38,172
2013,MAZDA,MAZDA3 LFX,COMPACT,2,4,I,M5,X,8.2,6,7.2,39,166
2013,MAZDA,MAZDA6,MID-SIZE,2.5,4,I,AS5,X,9.4,6.4,8,35,184
2013,MAZDA,MAZDA6,MID-SIZE,2.5,4,I,M6,X,9.8,6.6,8.4,34,193
2013,MAZDA,MAZDA6,MID-SIZE,3.7,6,I,AS6,X,11.8,7.7,9.9,29,228
2013,MITSUBISHI,LANCER,COMPACT,2,4,I,AV6,X,7.9,5.8,7,40,161
2013,MITSUBISHI,LANCER,COMPACT,2,4,I,M5,X,8.3,5.7,7.1,40,163
2013,MITSUBISHI,LANCER AWD,COMPACT,2,4,I,AM6,Z,11.9,7.9,10.1,28,232
2013,MITSUBISHI,LANCER AWD,COMPACT,2.4,4,I,AV6,X,9.2,6.9,8.2,34,189
2013,MITSUBISHI,LANCER EVOLUTION,COMPACT,2,4,I,AM6,Z,12.6,8.9,10.9,26,251
2013,MITSUBISHI,LANCER EVOLUTION,COMPACT,2,4,I,M5,Z,12.5,8.7,10.8,26,248
2013,MITSUBISHI,OUTLANDER,SUV - SMALL,2.4,4,I,AV6,X,9,7,8.1,35,186
2013,MITSUBISHI,OUTLANDER 4WD,SUV - SMALL,2.4,4,I,AV6,X,9.1,7,8.2,34,189
2013,MITSUBISHI,OUTLANDER 4WD,SUV - SMALL,3,6,I,AS6,Z,10.9,7.9,9.6,29,221
2013,NISSAN,PATHFINDER,SUV - SMALL,3.5,6,I,AV,X,10.5,7.7,9.3,30,214
2013,NISSAN,PATHFINDER 4WD,SUV - SMALL,3.5,6,I,AV,X,10.8,7.9,9.5,30,218
2013,SUBARU,FORESTER AWD,SUV - SMALL,2.5,4,I,AS4,Z,11,8.4,9.8,29,225
2013,SUBARU,FORESTER AWD,SUV - SMALL,2.5,4,I,AS4,X,9.9,7.5,8.8,32,202
2013,SUBARU,FORESTER AWD,SUV - SMALL,2.5,4,I,M5,X,9.9,7.4,8.8,32,202
2013,SUBARU,IMPREZA AWD,COMPACT,2,4,I,AV,X,7.5,5.5,6.6,43,152
2013,SUBARU,IMPREZA AWD,COMPACT,2,4,I,M5,X,8.3,5.9,7.3,39,168
2013,SUBARU,IMPREZA AWD,COMPACT,2.5,4,I,M5,Z,11.1,8,9.7,29,223
2013,SUBARU,IMPREZA AWD,COMPACT,2.5,4,I,M6,Z,12.6,8.8,10.9,26,251
2013,TOYOTA,CAMRY,MID-SIZE,2.5,4,I,AS6,X,8.2,5.5,7,40,161
2013,TOYOTA,CAMRY,MID-SIZE,3.5,6,I,AS6,X,9.6,6.3,8.2,34,189
2013,TOYOTA,CAMRY HYBRID LE,MID-SIZE,2.5,4,I,AV,X,4.5,4.9,4.7,60,108
2013,TOYOTA,CAMRY HYBRID XLE,MID-SIZE,2.5,4,I,AV,X,4.7,5.1,4.9,58,113
2013,TOYOTA,COROLLA,COMPACT,1.8,4,I,A4,X,7.8,5.7,6.8,42,156
2013,TOYOTA,COROLLA,COMPACT,1.8,4,I,M5,X,7.4,5.6,6.6,43,152
2013,TOYOTA,FJ CRUISER 4WD,SUV - SMALL,4,6,I,A5,X,12.7,9.5,11.3,25,260
2013,TOYOTA,FJ CRUISER 4WD,SUV - SMALL,4,6,I,M6,X,13.8,10.3,12.2,23,281
2013,TOYOTA,PRIUS,MID-SIZE,1.8,4,I,AV,X,3.7,4,3.8,74,87
2013,TOYOTA,PRIUS c,COMPACT,1.5,4,I,AV,X,3.5,4,3.7,76,85
2013,TOYOTA,RAV4,SUV - SMALL,2.5,4,I,AS6,X,8.7,6.4,7.7,37,177
2013,TOYOTA,RAV4 AWD,SUV - SMALL,2.5,4,I,AS6,X,9.1,6.8,8.1,35,186
2013,TOYOTA,RAV4 LIMITED AWD,SUV - SMALL,2.5,4,I,AS6,X,9.3,6.8,8.2,34,189
2013,VOLKSWAGEN,BEETLE,COMPACT,2,4,I,AS6,Z,9.9,6.5,8.4,34,193
2013,VOLKSWAGEN,BEETLE,COMPACT,2,4,I,M6,Z,10.3,6.7,8.7,32,200
2013,VOLKSWAGEN,BEETLE,COMPACT,2.5,5,I,AS6,X,9.5,7.1,8.4,34,193
2013,VOLKSWAGEN,BEETLE,COMPACT,2.5,5,I,M5,X,9.9,6.4,8.3,34,191
2013,VOLKSWAGEN,GOLF,COMPACT,2.5,5,I,AS6,X,9.1,6.5,8,35,184
2013,VOLKSWAGEN,GOLF,COMPACT,2.5,5,I,M5,X,9.9,6.2,8.2,34,189
2013,VOLKSWAGEN,GOLF R,COMPACT,2,4,I,M6,Z,10.9,7.5,9.4,30,216
2013,VOLKSWAGEN,JETTA,COMPACT,2,4,I,AS6,Z,8.8,6.1,7.6,37,175
2013,VOLKSWAGEN,JETTA,COMPACT,2,4,I,AS6,X,9.3,6.7,8.1,35,186
2013,VOLKSWAGEN,JETTA,COMPACT,2,4,I,M5,X,9.1,6,7.7,37,177
2013,VOLKSWAGEN,JETTA,COMPACT,2,4,I,M6,Z,9.8,6.2,8.2,34,189
2013,VOLKSWAGEN,JETTA,COMPACT,2.5,5,I,AS6,X,9.1,6.5,8,35,184
2013,VOLKSWAGEN,JETTA,COMPACT,2.5,5,I,M5,X,9.9,6.2,8.2,34,189
2013,VOLKSWAGEN,JETTA TURBO HYBRID,COMPACT,1.4,4,I,AM7,Z,4.5,4.2,4.4,64,101
2013,VOLKSWAGEN,PASSAT,MID-SIZE,2.5,5,I,AS6,X,9.6,6.7,8.3,34,191
2013,VOLKSWAGEN,PASSAT,MID-SIZE,2.5,5,I,M5,X,10.1,6.5,8.5,33,196
2013,VOLKSWAGEN,PASSAT,MID-SIZE,3.6,6,I,AS6,Z,10.9,7.4,9.4,30,216
2013,VOLKSWAGEN,TIGUAN,SUV - SMALL,2,4,I,AM6,Z,9.6,7.4,8.6,33,198
2013,VOLKSWAGEN,TIGUAN,SUV - SMALL,2,4,I,M6,Z,12,7.7,10.1,28,232
2013,VOLKSWAGEN,TIGUAN 4MOTION,SUV - SMALL,2,4,I,AM6,Z,10.2,7.8,9.1,31,209
2014,AUDI,A4,COMPACT,2,4,I,AV8,Z,8.6,6.2,7.5,38,173
2014,AUDI,A4 QUATTRO,COMPACT,2,4,I,AS8,Z,10.1,6.8,8.6,33,198
2014,AUDI,A4 QUATTRO,COMPACT,2,4,I,M6,Z,9.4,6.3,8,35,184
2014,AUDI,A5 CABRIOLET QUATTRO,SUBCOMPACT,2,4,I,AS8,Z,10.1,6.8,8.6,33,198
2014,AUDI,A5 QUATTRO,SUBCOMPACT,2,4,I,AS8,Z,10.1,6.8,8.6,33,198
2014,AUDI,A5 QUATTRO,SUBCOMPACT,2,4,I,M6,Z,9.4,6.3,8,35,184
2014,AUDI,A6 QUATTRO,MID-SIZE,2,4,I,AS8,Z,10.5,6.8,8.9,32,205
2014,AUDI,A6 QUATTRO,MID-SIZE,3,6,I,AS8,Z,11.3,7.3,9.5,30,219
2014,AUDI,A8,MID-SIZE,3,6,I,AS8,Z,11.6,7.4,9.7,29,223
2014,AUDI,A8L,FULL-SIZE,3,6,I,AS8,Z,11.6,7.4,9.7,29,223
2014,AUDI,A8L,FULL-SIZE,4,8,V,AS8,Z,13.2,8.2,10.9,26,251
2014,AUDI,Q5,SUV - SMALL,2,4,I,AS8,Z,10.5,7.2,9,31,207
2014,AUDI,Q5,SUV - SMALL,3,6,I,AS8,Z,11.4,7.8,9.8,29,225
2014,AUDI,Q5 HYBRID,SUV - SMALL,2,4,I,AS8,Z,8.6,6.9,7.8,36,179
2014,AUDI,Q7,SUV - STANDARD,3,6,I,AS8,Z,13.5,9.2,11.6,24,267
2014,BMW,320i,COMPACT,2,4,I,A8,Z,8.7,5.4,7.2,39,166
2014,BMW,320i,COMPACT,2,4,I,M6,Z,9.1,5.6,7.5,38,173
2014,BMW,320i xDRIVE,COMPACT,2,4,I,A8,Z,8.9,5.8,7.5,38,173
2014,BMW,328d xDRIVE,COMPACT,2,4,I,A8,D,6.4,4.5,5.6,50,151
2014,BMW,328i,COMPACT,2,4,I,A8,Z,8.7,5.4,7.2,39,166
2014,BMW,328i,COMPACT,2,4,I,M6,Z,9.1,5.6,7.5,38,173
2014,BMW,328i xDRIVE,COMPACT,2,4,I,A8,Z,9.3,6,7.8,36,179
2014,BMW,328i xDRIVE GRAN TURISMO,FULL-SIZE,2,4,I,A8,Z,9.3,6,7.8,36,179
2014,BMW,528i,MID-SIZE,2,4,I,A8,Z,8.9,5.8,7.5,38,173
2014,BMW,528i xDRIVE,MID-SIZE,2,4,I,A8,Z,9.3,6,7.8,36,179
2014,BMW,740Li xDRIVE,FULL-SIZE,3,6,I,A8,Z,11,7.2,9.3,30,214
2014,BMW,750i xDRIVE,FULL-SIZE,4.4,8,V,A8,Z,13.4,8.3,11.1,25,255
2014,BMW,750Li xDRIVE,FULL-SIZE,4.4,8,V,A8,Z,13.4,8.3,11.1,25,255
2014,BMW,M5,MID-SIZE,4.4,8,V,AM7,Z,15.6,9.8,13,22,299
2014,BMW,M5,MID-SIZE,4.4,8,V,M6,Z,14.5,9.2,12.1,23,278
2014,BMW,X1 xDRIVE28i,SUV - SMALL,2,4,I,A8,Z,9.3,6,7.8,36,179
2014,BMW,X1 xDRIVE35i,SUV - SMALL,3,6,I,A6,Z,11.7,7.5,9.8,29,225
2014,BMW,X3 xDRIVE28i,SUV - SMALL,2,4,I,A8,Z,9.8,7.1,8.6,33,198
2014,BMW,X3 xDRIVE35i,SUV - SMALL,3,6,I,A8,Z,11.1,7.7,9.6,29,221
2014,BMW,X5 xDRIVE35i,SUV - STANDARD,3,6,I,A8,Z,11.4,7.4,9.6,29,221
2014,BMW,X5 xDRIVE50i,SUV - STANDARD,4.4,8,V,A8,Z,14.6,9.2,12.2,23,281
2014,BMW,X6 M,SUV - STANDARD,4.4,8,V,A6,Z,16.3,11.7,14.2,20,327
2014,BMW,X6 xDRIVE35i,SUV - STANDARD,3,6,I,A8,Z,12.1,8.3,10.4,27,239
2014,BMW,X6 xDRIVE50i,SUV - STANDARD,4.4,8,V,A8,Z,14.7,9.6,12.4,23,285
2014,FORD,FIESTA,SUBCOMPACT,1.6,4,I,AS6,X,7.3,5.4,6.5,43,150
2014,FORD,FIESTA,SUBCOMPACT,1.6,4,I,M5,X,7.4,5.3,6.5,43,150
2014,FORD,FIESTA SFE,SUBCOMPACT,1,4,I,M5,X,6.3,4.5,5.5,51,126
2014,FORD,FIESTA SFE,SUBCOMPACT,1.6,4,I,AS6,X,6.8,4.8,5.9,48,136
2014,FORD,FIESTA ST,COMPACT,1.6,4,I,M6,X,7.7,5.7,6.8,42,156
2014,FORD,FOCUS,COMPACT,2,4,I,M6,X,8.9,6.2,7.6,37,175
2014,FORD,FOCUS FFV,COMPACT,2,4,I,A6,X,7.6,5.3,6.6,43,152
2014,FORD,FOCUS FFV,COMPACT,2,4,I,AS6,X,7.7,5.3,6.6,43,152
2014,FORD,FOCUS FFV,COMPACT,2,4,I,M5,X,7.8,5.5,6.8,42,156
2014,FORD,FOCUS SFE FFV,COMPACT,2,4,I,A6,X,7.2,4.8,6.1,46,140
2014,HONDA,ACCORD,MID-SIZE,2.4,4,I,AV,X,7.8,5.5,6.7,42,154
2014,HONDA,ACCORD,MID-SIZE,2.4,4,I,AV7,X,7.8,5.7,6.9,41,159
2014,HONDA,ACCORD,MID-SIZE,2.4,4,I,M6,X,8.8,5.8,7.4,38,170
2014,HONDA,ACCORD,MID-SIZE,3.5,6,I,A6,X,9.6,5.7,7.9,36,182
2014,HONDA,ACCORD,MID-SIZE,3.5,6,I,AS6,X,10,6.1,8.2,34,189
2014,HONDA,ACCORD,MID-SIZE,3.5,6,I,M6,X,11.5,7.1,9.5,30,219
2014,HONDA,ACCORD HYBRID,MID-SIZE,2,4,I,AV,X,3.7,4,3.8,74,87
2014,HONDA,CIVIC,COMPACT,1.8,4,I,AV,X,6.7,5,6,47,138
2014,HONDA,CIVIC,COMPACT,1.8,4,I,AV7,X,6.9,5.1,6.1,46,140
2014,HONDA,CIVIC,COMPACT,1.8,4,I,M5,X,7.3,5.5,6.5,43,150
2014,HONDA,CR-V,SUV - SMALL,2.4,4,I,A5,X,9,6.4,7.8,36,179
2014,HONDA,CR-V AWD,SUV - SMALL,2.4,4,I,A5,X,9.2,6.6,8.1,35,186
2014,HYUNDAI,ACCENT,COMPACT,1.6,4,I,A6,X,7.6,5.2,6.5,43,150
2014,HYUNDAI,ACCENT,COMPACT,1.6,4,I,M6,X,7.5,5.3,6.5,43,150
2014,HYUNDAI,ELANTRA GT,MID-SIZE,2,4,I,A6,X,8.5,6,7.3,39,168
2014,HYUNDAI,ELANTRA GT,MID-SIZE,2,4,I,M6,X,8.5,5.8,7.3,39,168
2014,HYUNDAI,SANTA FE,SUV - SMALL,3.3,6,I,A6,X,11.5,7.7,9.8,29,225
2014,HYUNDAI,SANTA FE 4WD,SUV - SMALL,3.3,6,I,A6,X,11.8,8,10.1,28,232
2014,HYUNDAI,SANTA FE SPORT,SUV - SMALL,2.4,4,I,A6,X,10.2,7.3,8.9,32,205
2014,HYUNDAI,SANTA FE SPORT 4WD,SUV - SMALL,2,4,I,A6,X,11.4,8.2,10,28,230
2014,HYUNDAI,SANTA FE SPORT 4WD,SUV - SMALL,2.4,4,I,A6,X,11,7.9,9.6,29,221
2014,HYUNDAI,SONATA,FULL-SIZE,2,4,I,A6,X,10,6.3,8.4,34,193
2014,HYUNDAI,SONATA,FULL-SIZE,2.4,4,I,A6,X,8.5,5.8,7.3,39,168
2014,HYUNDAI,SONATA HYBRID,MID-SIZE,2.4,4,I,AS6,X,5.4,4.9,5.2,54,120
2014,HYUNDAI,SONATA HYBRID LIMITED,MID-SIZE,2.4,4,I,AS6,X,5.5,4.9,5.2,54,120
2014,HYUNDAI,TUCSON,SUV - SMALL,2,4,I,A6,X,8.9,6.9,8,35,184
2014,HYUNDAI,TUCSON,SUV - SMALL,2,4,I,M6,X,10,7.2,8.7,32,200
2014,HYUNDAI,TUCSON,SUV - SMALL,2.4,4,I,A6,X,9.9,7,8.6,33,198
2014,HYUNDAI,TUCSON 4WD,SUV - SMALL,2,4,I,A6,X,10,7.8,9,31,207
2014,HYUNDAI,TUCSON 4WD,SUV - SMALL,2.4,4,I,A6,X,10.2,7.8,9.1,31,209
2014,JAGUAR,XF,MID-SIZE,2,4,I,AS8,Z,10.8,6.9,9.1,31,209
2014,JAGUAR,XF 3.0L AWD,MID-SIZE,3,6,I,AS8,Z,13.1,7.7,10.7,26,246
2014,JEEP,GRAND CHEROKEE 4X4 DIESEL,SUV - STANDARD,3,6,I,A8,D,9.8,7,8.6,33,232
2014,JEEP,GRAND CHEROKEE 4X4 FFV,SUV - STANDARD,3.6,6,I,A8,X,12.4,8.3,10.6,27,244
2014,KIA,RIO,COMPACT,1.6,4,I,A6,X,7.5,5.2,6.5,43,150
2014,KIA,RIO,COMPACT,1.6,4,I,M6,X,7.5,5.3,6.5,43,150
2014,KIA,RIO ECO,COMPACT,1.6,4,I,A6,X,7.3,5.3,6.4,44,147
2014,KIA,SORENTO,SUV - SMALL,2.4,4,I,A6,X,10.4,7.1,8.9,32,205
2014,KIA,SORENTO,SUV - SMALL,3.3,6,I,A6,X,11.4,8,9.8,29,225
2014,KIA,SORENTO 4WD,SUV - SMALL,2.4,4,I,A6,X,10.9,7.8,9.5,30,219
2014,KIA,SORENTO 4WD,SUV - SMALL,3.3,6,I,A6,X,11.9,8.4,10.3,27,237
2014,KIA,SPORTAGE,SUV - SMALL,2.4,4,I,A6,X,10,7,8.6,33,198
2014,KIA,SPORTAGE,SUV - SMALL,2.4,4,I,M6,X,11.4,7.8,9.8,29,225
2014,KIA,SPORTAGE AWD,SUV - SMALL,2,4,I,A6,X,11.2,8.2,9.8,29,225
2014,KIA,SPORTAGE AWD,SUV - SMALL,2.4,4,I,A6,X,10.6,7.7,9.3,30,214
2014,LAND ROVER,RANGE ROVER EVOQUE,SUV - SMALL,2,4,I,AS9,Z,9.9,6.6,8.4,34,193
2014,LAND ROVER,RANGE ROVER EVOQUE COUPE,SUV - SMALL,2,4,I,AS9,Z,9.9,6.6,8.4,34,193
2014,LAND ROVER,RANGE ROVER LWB V8 5.0 SC,SUV - STANDARD,5,8,V,AS8,Z,16.2,10.4,13.6,21,313
2014,LAND ROVER,RANGE ROVER LWB V8 5.0 SC FFV,SUV - STANDARD,5,8,V,AS8,Z,15.5,10.6,13.3,21,306
2014,LAND ROVER,RANGE ROVER SPORT V6 3.0 SC,SUV - STANDARD,3,6,I,AS8,Z,12.6,8.6,10.8,26,248
2014,LAND ROVER,RANGE ROVER SPORT V6 3.0 SC FFV,SUV - STANDARD,3,6,I,AS8,Z,12.6,8.6,10.8,26,248
2014,LAND ROVER,RANGE ROVER SPORT V8 5.0 SC,SUV - STANDARD,5,8,V,AS8,Z,15.5,10.4,13.2,21,304
2014,LAND ROVER,RANGE ROVER SPORT V8 5.0 SC FFV,SUV - STANDARD,5,8,V,AS8,Z,14.9,10.4,12.9,22,297
2014,LAND ROVER,RANGE ROVER V6 3.0 SC,SUV - STANDARD,3,6,I,AS8,Z,12.6,8.6,10.8,26,248
2014,LAND ROVER,RANGE ROVER V6 3.0 SC FFV,SUV - STANDARD,3,6,I,AS8,Z,12.6,8.6,10.8,26,248
2014,LAND ROVER,RANGE ROVER V8 5.0 SC,SUV - STANDARD,5,8,V,AS8,Z,16.2,10.4,13.6,21,313
2014,LAND ROVER,RANGE ROVER V8 5.0 SC FFV,SUV - STANDARD,5,8,V,AS8,Z,15.5,10.6,13.3,21,306
2014,LEXUS,LS 600h L,MID-SIZE,5,8,V,AV8,Z,10.6,9.1,9.9,29,228
2014,MAZDA,CX-5,SUV - SMALL,2,4,I,AS6,X,7.7,6.1,6.9,41,159
2014,MAZDA,CX-5,SUV - SMALL,2,4,I,M6,X,7.8,5.7,6.8,42,156
2014,MAZDA,CX-5,SUV - SMALL,2.5,4,I,AS6,X,8.3,6.2,7.3,39,168
2014,MAZDA,CX-5 4WD,SUV - SMALL,2,4,I,AS6,X,8,6.4,7.3,39,168
2014,MAZDA,CX-5 4WD,SUV - SMALL,2.5,4,I,AS6,X,8.5,6.6,7.7,37,177
2014,MAZDA,MAZDA2,COMPACT,1.5,4,I,A4,X,7.1,5.8,6.5,43,150
2014,MAZDA,MAZDA2,COMPACT,1.5,4,I,M5,X,6.8,5.6,6.3,45,145
2014,MAZDA,MAZDA3 4-DOOR,COMPACT,2,4,I,AS6,X,6.7,4.7,5.8,49,133
2014,MAZDA,MAZDA3 4-DOOR,COMPACT,2,4,I,M6,X,6.8,4.8,5.9,48,136
2014,MAZDA,MAZDA3 4-DOOR,COMPACT,2.5,4,I,AS6,X,7.2,5.1,6.2,46,143
2014,MAZDA,MAZDA3 4-DOOR (i-ELOOP),COMPACT,2.5,4,I,AS6,X,7.1,5,6.2,46,143
2014,MAZDA,MAZDA3 4-DOOR (SIL),COMPACT,2,4,I,M6,X,6.8,4.8,5.9,48,136
2014,MAZDA,MAZDA3 5-DOOR,MID-SIZE,2,4,I,AS6,X,6.8,4.9,5.9,48,136
2014,MAZDA,MAZDA3 5-DOOR,MID-SIZE,2,4,I,M6,X,7,4.9,6,47,138
2014,MAZDA,MAZDA3 5-DOOR,MID-SIZE,2.5,4,I,AS6,X,7.5,5.4,6.6,43,152
2014,MAZDA,MAZDA3 5-DOOR (i-ELOOP),MID-SIZE,2.5,4,I,AS6,X,7,5,6.1,46,140
2014,MAZDA,MAZDA3 5-DOOR (SIL),MID-SIZE,2,4,I,M6,X,7,4.9,6,47,138
2014,MAZDA,MAZDA6,MID-SIZE,2.5,4,I,AS6,X,7.6,5.1,6.5,43,150
2014,MAZDA,MAZDA6,MID-SIZE,2.5,4,I,M6,X,8.1,5.3,6.9,41,159
2014,MAZDA,MAZDA6 (i-ELOOP),MID-SIZE,2.5,4,I,AS6,X,7.2,4.9,6.1,46,140
2014,MITSUBISHI,LANCER,COMPACT,2,4,I,AV6,X,7.9,5.8,7,40,161
2014,MITSUBISHI,LANCER,COMPACT,2,4,I,M5,X,8.3,5.7,7.1,40,163
2014,MITSUBISHI,LANCER AWD,COMPACT,2.4,4,I,AV6,X,9.2,6.9,8.2,34,189
2014,MITSUBISHI,LANCER EVOLUTION,COMPACT,2,4,I,AM6,Z,12.6,8.9,10.9,26,251
2014,MITSUBISHI,LANCER EVOLUTION,COMPACT,2,4,I,M5,Z,12.5,8.7,10.8,26,248
2014,MITSUBISHI,OUTLANDER,SUV - SMALL,2.4,4,I,AV6,X,8.2,6.3,7.3,39,168
2014,MITSUBISHI,OUTLANDER 4WD,SUV - SMALL,2.4,4,I,AV6,X,8.6,6.8,7.8,36,179
2014,MITSUBISHI,OUTLANDER 4WD,SUV - SMALL,3,6,I,AS6,Z,10.1,7.1,8.8,32,202
2014,NISSAN,PATHFINDER,SUV - SMALL,3.5,6,I,AV,X,10.6,7.5,9.2,31,212
2014,NISSAN,PATHFINDER 4WD,SUV - SMALL,3.5,6,I,AV,X,10.9,7.8,9.5,30,219
2014,NISSAN,PATHFINDER HYBRID 4WD,SUV - STANDARD,2.5,4,I,AV,X,7.8,7.1,7.4,38,170
2014,SUBARU,FORESTER AWD,SUV - SMALL,2,4,I,AV,Z,8.9,7.2,8.1,35,186
2014,SUBARU,FORESTER AWD,SUV - SMALL,2.5,4,I,AV,X,8.3,6.2,7.4,38,170
2014,SUBARU,FORESTER AWD,SUV - SMALL,2.5,4,I,M6,X,9.5,7,8.4,34,193
2014,SUBARU,IMPREZA AWD,COMPACT,2,4,I,AV,X,7.5,5.5,6.6,43,152
2014,SUBARU,IMPREZA AWD,COMPACT,2.5,4,I,M5,Z,11.1,8,9.7,29,223
2014,SUBARU,IMPREZA AWD,COMPACT,2,4,I,M5,X,8.3,5.9,7.2,39,166
2014,SUBARU,IMPREZA AWD,COMPACT,2.5,4,I,M6,Z,12.6,8.8,10.9,26,251
2014,TOYOTA,CAMRY,MID-SIZE,2.5,4,I,AS6,X,8.2,5.5,7,40,161
2014,TOYOTA,CAMRY,MID-SIZE,3.5,6,I,AS6,X,9.7,6.5,8.3,34,191
2014,TOYOTA,CAMRY HYBRID LE,MID-SIZE,2.5,4,I,AV,X,4.5,4.9,4.7,60,108
2014,TOYOTA,CAMRY HYBRID XLE/SE,MID-SIZE,2.5,4,I,AV,X,4.7,5.1,4.9,58,113
2014,TOYOTA,COROLLA,MID-SIZE,1.8,4,I,A4,X,7.4,5.4,6.5,43,150
2014,TOYOTA,COROLLA,MID-SIZE,1.8,4,I,AS7,X,6.9,5.2,6.1,46,140
2014,TOYOTA,COROLLA,MID-SIZE,1.8,4,I,AV,X,6.8,4.9,5.9,48,136
2014,TOYOTA,COROLLA,MID-SIZE,1.8,4,I,M6,X,7.1,5.2,6.3,45,145
2014,TOYOTA,FJ CRUISER 4WD,SUV - SMALL,4,6,I,A5,X,12.7,9.5,11.3,25,260
2014,TOYOTA,FJ CRUISER 4WD,SUV - SMALL,4,6,I,M6,X,13.8,10.3,12.2,23,281
2014,TOYOTA,PRIUS,MID-SIZE,1.8,4,I,AV,X,3.7,4,3.8,74,87
2014,TOYOTA,PRIUS c,COMPACT,1.5,4,I,AV,X,3.6,4,3.8,74,87
2014,TOYOTA,RAV4,SUV - SMALL,2.5,4,I,AS6,X,8.7,6.4,7.7,37,177
2014,TOYOTA,RAV4 AWD,SUV - SMALL,2.5,4,I,AS6,X,9.1,6.8,8.1,35,186
2014,TOYOTA,RAV4 LIMITED AWD,SUV - SMALL,2.5,4,I,AS6,X,9.3,6.9,8.2,34,189
2014,VOLKSWAGEN,BEETLE,COMPACT,1.8,4,I,A6,X,8.2,6,7.2,39,166
2014,VOLKSWAGEN,BEETLE,COMPACT,1.8,4,I,M5,X,8.6,6,7.4,38,170
2014,VOLKSWAGEN,BEETLE,COMPACT,2,4,I,A6,Z,9,6.5,7.8,36,179
2014,VOLKSWAGEN,BEETLE,COMPACT,2,4,I,M6,Z,9.4,6.4,8,35,184
2014,VOLKSWAGEN,BEETLE,COMPACT,2.5,5,I,A6,X,9.5,7.1,8.4,34,193
2014,VOLKSWAGEN,BEETLE,COMPACT,2.5,5,I,M5,X,9.9,6.4,8.3,34,191
2014,VOLKSWAGEN,JETTA,COMPACT,1.8,4,I,A6,X,8.2,5.6,7.1,40,163
2014,VOLKSWAGEN,JETTA,COMPACT,1.8,4,I,M5,X,8.1,5.6,7,40,161
2014,VOLKSWAGEN,JETTA,COMPACT,2,4,I,A6,X,9.3,6.7,8.1,35,186
2014,VOLKSWAGEN,JETTA,COMPACT,2,4,I,M5,X,9.1,6,7.7,37,177
2014,VOLKSWAGEN,JETTA GLI,COMPACT,2,4,I,A6,Z,8.9,6.2,7.7,37,177
2014,VOLKSWAGEN,JETTA GLI,COMPACT,2,4,I,M6,Z,9.3,6.1,7.9,36,182
2014,VOLKSWAGEN,JETTA TURBO HYBRID,COMPACT,1.4,4,I,AM7,Z,4.5,4.2,4.4,64,101
2014,VOLKSWAGEN,PASSAT,MID-SIZE,1.8,4,I,A6,X,8.6,5.8,7.3,39,168
2014,VOLKSWAGEN,PASSAT,MID-SIZE,1.8,4,I,M5,X,8.7,5.7,7.3,39,168
2014,VOLKSWAGEN,PASSAT,MID-SIZE,2.5,5,I,A6,X,9.6,6.7,8.3,34,191
2014,VOLKSWAGEN,PASSAT,MID-SIZE,2.5,5,I,M5,X,10.1,6.5,8.5,33,196
2014,VOLKSWAGEN,PASSAT,MID-SIZE,3.6,6,I,A6,Z,10.9,7.4,9.4,30,216
2014,VOLKSWAGEN,TIGUAN,SUV - SMALL,2,4,I,A6,Z,10.2,8,9.3,30,214
2014,VOLKSWAGEN,TIGUAN,SUV - SMALL,2,4,I,M6,Z,12,7.7,10.1,28,232
2014,VOLKSWAGEN,TIGUAN 4MOTION,SUV - SMALL,2,4,I,A6,Z,10.3,7.9,9.3,30,214
2015,AUDI,A3,SUBCOMPACT,1.8,4,I,AM6,Z,10,7.1,8.7,32,200
2015,AUDI,A3 TDI (modified),SUBCOMPACT,2,4,I,AM6,D,7.6,5.5,6.5,43,177
2015,AUDI,A3 QUATTRO,SUBCOMPACT,2,4,I,AM6,Z,9.8,7.2,8.6,33,198
2015,AUDI,A4,COMPACT,2,4,I,AV8,Z,9.9,7.6,8.9,32,205
2015,AUDI,A4 QUATTRO,COMPACT,2,4,I,AS8,Z,11,7.8,9.6,29,221
2015,AUDI,A4 QUATTRO,COMPACT,2,4,I,M6,Z,10.6,7.3,9.1,31,209
2015,AUDI,A5 QUATTRO,SUBCOMPACT,2,4,I,AS8,Z,11,7.8,9.6,29,221
2015,AUDI,A5 QUATTRO,SUBCOMPACT,2,4,I,M6,Z,10.6,7.3,9.1,31,209
2015,AUDI,A5 CABRIOLET QUATTRO,SUBCOMPACT,2,4,I,AS8,Z,11.3,8,9.8,29,225
2015,AUDI,A6 QUATTRO,MID-SIZE,2,4,I,AS8,Z,12,8.1,10.3,27,237
2015,AUDI,A6 QUATTRO,MID-SIZE,3,6,I,AS8,Z,12.8,8.6,10.9,26,251
2015,AUDI,A6 QUATTRO TDI (modified),MID-SIZE,3,6,I,AS8,D,9.8,6.2,8.1,35,217
2015,AUDI,A8,MID-SIZE,3,6,I,AS8,Z,12.6,8,10.5,27,242
2015,AUDI,A8,MID-SIZE,4,8,V,AS8,Z,12.9,8,10.7,26,246
2015,AUDI,A8 TDI (modified),MID-SIZE,3,6,I,AS8,D,9.8,6.5,8.4,34,224
2015,AUDI,A8L,FULL-SIZE,3,6,I,AS8,Z,12.6,8,10.5,27,242
2015,AUDI,A8L,FULL-SIZE,4,8,V,AS8,Z,13.2,8.3,11,26,258
2015,AUDI,A8L TDI (modified),FULL-SIZE,3,6,I,AS8,D,9.8,6.5,8.4,34,224
2015,AUDI,Q3,COMPACT,2,4,I,AS6,Z,12,8.2,10.3,27,237
2015,AUDI,Q3 QUATTRO,COMPACT,2,4,I,AS6,Z,11.9,8.4,10.3,27,237
2015,AUDI,Q5,SUV - SMALL,2,4,I,AS8,Z,12,8.5,10.4,27,239
2015,AUDI,Q5,SUV - SMALL,3,6,I,AS8,Z,13.2,9.2,11.4,25,262
2015,AUDI,Q5 HYBRID,SUV - SMALL,2,4,I,AS8,Z,9.8,7.9,8.9,32,205
2015,AUDI,Q7,SUV - STANDARD,3,6,I,AS8,Z,15.2,11,13.3,21,306
2015,AUDI,Q7 TDI (modified),SUV - STANDARD,3,6,I,AS8,D,12.4,8.7,10.7,26,290
2015,AUDI,RS 5,SUBCOMPACT,4.2,8,V,AM7,Z,14.9,10.1,12.8,22,294
2015,AUDI,RS 5 CABRIOLET,SUBCOMPACT,4.2,8,V,AM7,Z,14.8,10.6,12.9,22,297
2015,AUDI,RS 7,MID-SIZE,4,8,V,AS8,Z,16.6,9.4,13.3,21,313
2015,BMW,228i CABRIOLET,SUBCOMPACT,2,4,I,AS8,Z,10.4,7.1,8.9,32,205
2015,BMW,228i COUPE,SUBCOMPACT,2,4,I,AS8,Z,10,6.5,8.4,34,193
2015,BMW,228i COUPE,SUBCOMPACT,2,4,I,M6,Z,10.7,6.9,9,31,207
2015,BMW,228i xDRIVE CABRIOLET,SUBCOMPACT,2,4,I,AS8,Z,10.6,7.2,9.1,31,209
2015,BMW,228i xDRIVE COUPE,SUBCOMPACT,2,4,I,AS8,Z,10.3,6.7,8.7,32,200
2015,BMW,320i SEDAN,COMPACT,2,4,I,AS8,Z,10,6.5,8.4,34,193
2015,BMW,320i SEDAN,COMPACT,2,4,I,M6,Z,10.7,6.9,9,31,207
2015,BMW,320i xDRIVE SEDAN,COMPACT,2,4,I,AS8,Z,10.3,6.7,8.7,32,200
2015,BMW,328d xDRIVE SEDAN,COMPACT,2,4,I,AS8,D,7.6,5.5,6.7,42,181
2015,BMW,328i SEDAN,COMPACT,2,4,I,AS8,Z,10,6.5,8.4,34,193
2015,BMW,328i SEDAN,COMPACT,2,4,I,M6,Z,10.7,6.9,9,31,207
2015,BMW,328i xDRIVE SEDAN,COMPACT,2,4,I,AS8,Z,10.6,7.2,9.1,31,209
2015,BMW,328i xDRIVE GRAN TURISMO,FULL-SIZE,2,4,I,AS8,Z,10.6,7.2,9.1,31,209
2015,BMW,528i SEDAN,MID-SIZE,2,4,I,AS8,Z,10.4,7.1,8.9,32,205
2015,BMW,528i xDRIVE SEDAN,MID-SIZE,2,4,I,AS8,Z,10.6,7.2,9.1,31,209
2015,BMW,740Ld xDRIVE SEDAN,FULL-SIZE,3,6,I,AS8,D,10.2,7.1,8.8,32,238
2015,BMW,740Li xDRIVE SEDAN,FULL-SIZE,3,6,I,AS8,Z,12.1,8.1,10.3,27,237
2015,BMW,750i xDRIVE SEDAN,FULL-SIZE,4.4,8,V,AS8,Z,15.2,9.8,12.8,22,294
2015,BMW,750Li xDRIVE SEDAN,FULL-SIZE,4.4,8,V,AS8,Z,15.2,9.8,12.8,22,294
2015,BMW,X1 xDRIVE28i,SUV - SMALL,2,4,I,AS8,Z,10.6,7.2,9.1,31,209
2015,BMW,X1 xDRIVE35i,SUV - SMALL,3,6,I,AS8,Z,13.2,8.9,11.2,25,258
2015,BMW,X3 xDRIVE28d,SUV - SMALL,2,4,I,AS8,D,8.6,6.9,7.9,36,213
2015,BMW,X3 xDRIVE28i,SUV - SMALL,2,4,I,AS8,Z,11.1,8.4,9.9,29,228
2015,BMW,X3 xDRIVE35i,SUV - SMALL,3,6,I,AS8,Z,12.7,8.8,10.9,26,251
2015,BMW,X5 M,SUV - STANDARD,4.4,8,V,AS8,Z,16.6,12.1,14.6,19,336
2015,BMW,X5 xDRIVE35d,SUV - STANDARD,3,6,I,AS8,D,9.9,7.2,8.7,32,235
2015,BMW,X5 xDRIVE35i,SUV - STANDARD,3,6,I,AS8,Z,13,8.9,11.1,25,255
2015,BMW,X5 xDRIVE50i,SUV - STANDARD,4.4,8,V,AS8,Z,16.1,10.9,13.8,20,317
2015,BMW,X6 M,SUV - STANDARD,4.4,8,V,AS8,Z,16.6,12.1,14.6,19,336
2015,BMW,X6 xDRIVE35i,SUV - STANDARD,3,6,I,AS8,Z,13,8.9,11.1,25,255
2015,BMW,X6 xDRIVE50i,SUV - STANDARD,4.4,8,V,AS8,Z,16.1,10.9,13.8,20,317
2015,FORD,FIESTA,SUBCOMPACT,1.6,4,I,AS6,X,8.7,6.4,7.6,37,175
2015,FORD,FIESTA,SUBCOMPACT,1.6,4,I,M5,X,8.5,6.5,7.6,37,175
2015,FORD,FIESTA SFE,SUBCOMPACT,1,3,I,M5,X,7.5,5.5,6.6,43,152
2015,FORD,FIESTA SFE,SUBCOMPACT,1.6,4,I,AS6,X,8.4,6.2,7.4,38,170
2015,FORD,FIESTA ST,SUBCOMPACT,1.6,4,I,M6,X,8.9,6.8,8,35,184
2015,FORD,FOCUS,COMPACT,1,3,I,M6,X,8.1,5.9,7.1,40,163
2015,FORD,FOCUS,COMPACT,2,4,I,M6,X,10.2,7.3,8.9,32,205
2015,FORD,FOCUS FFV,COMPACT,2,4,I,AM6,X,8.9,6.2,7.7,37,177
2015,FORD,FOCUS FFV,COMPACT,2,4,I,AS6,X,9.1,6.3,7.8,36,179
2015,FORD,FOCUS FFV,COMPACT,2,4,I,M5,X,9.3,6.7,8.1,35,186
2015,HONDA,ACCORD,MID-SIZE,2.4,4,I,AV,X,8.8,6.5,7.8,36,179
2015,HONDA,ACCORD,MID-SIZE,2.4,4,I,AV7,X,9,6.7,8,35,184
2015,HONDA,ACCORD,MID-SIZE,2.4,4,I,M6,X,10.1,6.9,8.7,32,200
2015,HONDA,ACCORD,MID-SIZE,3.5,6,I,A6,X,11,6.8,9.1,31,209
2015,HONDA,ACCORD,MID-SIZE,3.5,6,I,AS6,X,11.4,7.3,9.5,30,219
2015,HONDA,ACCORD,MID-SIZE,3.5,6,I,M6,X,13,8.4,10.9,26,251
2015,HONDA,ACCORD HYBRID,MID-SIZE,2,4,I,AV,X,4.7,5.3,5,56,115
2015,HONDA,CIVIC,COMPACT,1.8,4,I,AV,X,7.9,6.1,7.1,40,163
2015,HONDA,CIVIC,COMPACT,1.8,4,I,AV7,X,8.1,6.2,7.2,39,166
2015,HONDA,CIVIC,COMPACT,1.8,4,I,M5,X,8.6,6.6,7.7,37,177
2015,HONDA,CR-V,SUV - SMALL,2.4,4,I,AV,X,8.6,6.9,7.8,36,179
2015,HONDA,CR-V AWD,SUV - SMALL,2.4,4,I,AV,X,9.1,7.2,8.3,34,191
2015,HYUNDAI,ACCENT,COMPACT,1.6,4,I,AS6,X,8.9,6.3,7.7,37,177
2015,HYUNDAI,ACCENT,COMPACT,1.6,4,I,M6,X,8.7,6.3,7.6,37,175
2015,HYUNDAI,ELANTRA COUPE,MID-SIZE,2,4,I,AS6,X,9.6,6.8,8.3,34,191
2015,HYUNDAI,ELANTRA COUPE,MID-SIZE,2,4,I,M6,X,9.7,6.7,8.3,34,191
2015,HYUNDAI,ELANTRA GT,MID-SIZE,2,4,I,AS6,X,9.7,7.2,8.6,33,198
2015,HYUNDAI,ELANTRA GT,MID-SIZE,2,4,I,M6,X,9.8,6.9,8.5,33,196
2015,HYUNDAI,SANTA FE,SUV - SMALL,3.3,6,I,AS6,X,12.9,9.4,11.3,25,260
2015,HYUNDAI,SANTA FE AWD,SUV - SMALL,3.3,6,I,AS6,X,13,9.7,11.5,25,264
2015,HYUNDAI,SANTA FE SPORT,SUV - SMALL,2.4,4,I,AS6,X,11.7,8.7,10.3,27,237
2015,HYUNDAI,SANTA FE SPORT AWD,SUV - SMALL,2,4,I,AS6,X,12.9,9.8,11.5,25,264
2015,HYUNDAI,SANTA FE SPORT AWD,SUV - SMALL,2.4,4,I,AS6,X,12.5,9.3,11.1,25,255
2015,HYUNDAI,SANTA FE ULTIMATE AWD,SUV - SMALL,3.3,6,I,AS6,X,13.9,10.8,12.5,23,287
2015,HYUNDAI,SONATA,FULL-SIZE,2,4,I,AS6,X,10.4,7.4,9.1,31,209
2015,HYUNDAI,SONATA,FULL-SIZE,2.4,4,I,AS6,X,9.8,6.7,8.4,34,193
2015,HYUNDAI,SONATA SPORT/LIMITED,FULL-SIZE,2.4,4,I,AS6,X,9.8,6.7,8.4,34,193
2015,HYUNDAI,SONATA HYBRID,MID-SIZE,2.4,4,I,AS6,X,6.6,5.9,6.3,45,145
2015,HYUNDAI,SONATA HYBRID LIMITED,MID-SIZE,2.4,4,I,AS6,X,6.6,5.9,6.3,45,145
2015,HYUNDAI,TUCSON,SUV - SMALL,2,4,I,AS6,X,10.2,8.2,9.3,30,214
2015,HYUNDAI,TUCSON,SUV - SMALL,2,4,I,M6,X,11.4,8.5,10.1,28,232
2015,HYUNDAI,TUCSON,SUV - SMALL,2.4,4,I,AS6,X,11.3,8.3,10,28,230
2015,HYUNDAI,TUCSON AWD,SUV - SMALL,2,4,I,AS6,X,11.4,9.3,10.4,27,239
2015,HYUNDAI,TUCSON AWD,SUV - SMALL,2.4,4,I,AS6,X,11.6,9.3,10.6,27,244
2015,JAGUAR,XF,MID-SIZE,2,4,I,AS8,Z,12.3,8.2,10.5,27,242
2015,JAGUAR,XF AWD,MID-SIZE,3,6,I,AS8,Z,13.9,8.8,11.6,24,267
2015,JEEP,GRAND CHEROKEE 4X4 DIESEL,SUV - STANDARD,3,6,I,A8,D,11.2,8.4,9.9,29,267
2015,JEEP,GRAND CHEROKEE 4X4 FFV,SUV - STANDARD,3.6,6,I,A8,X,13.9,9.8,12.1,23,278
2015,KIA,RIO,COMPACT,1.6,4,I,AS6,X,8.8,6.3,7.7,37,177
2015,KIA,RIO,COMPACT,1.6,4,I,M6,X,8.7,6.4,7.7,37,177
2015,KIA,RIO ECO,COMPACT,1.6,4,I,AS6,X,8.5,6.3,7.6,37,175
2015,KIA,SORENTO,SUV - SMALL,2.4,4,I,AS6,X,11.8,8.7,10.4,27,239
2015,KIA,SORENTO,SUV - SMALL,3.3,6,I,AS6,X,12.7,9,11.1,25,255
2015,KIA,SORENTO AWD,SUV - SMALL,2.4,4,I,AS6,X,12.2,9.4,10.9,26,251
2015,KIA,SORENTO AWD,SUV - SMALL,3.3,6,I,AS6,X,13.4,10,11.8,24,271
2015,KIA,SPORTAGE,SUV - SMALL,2.4,4,I,AS6,X,11.4,8.3,10,28,230
2015,KIA,SPORTAGE,SUV - SMALL,2.4,4,I,M6,X,12.9,9.2,11.3,25,260
2015,KIA,SPORTAGE AWD,SUV - SMALL,2,4,I,AS6,X,12.6,9.7,11.3,25,260
2015,KIA,SPORTAGE AWD,SUV - SMALL,2.4,4,I,AS6,X,12,9.1,10.7,26,246
2015,LAND ROVER,RANGE ROVER,SUV - STANDARD,3,6,I,AS8,Z,13.9,10.4,12.3,23,283
2015,LAND ROVER,RANGE ROVER EVOQUE,SUV - SMALL,2,4,I,AS9,Z,11.3,7.9,9.7,29,223
2015,LAND ROVER,RANGE ROVER EVOQUE COUPE,SUV - SMALL,2,4,I,AS9,Z,11.3,7.9,9.7,29,223
2015,LAND ROVER,RANGE ROVER SPORT,SUV - STANDARD,3,6,I,AS8,Z,14,10.5,12.4,23,285
2015,LAND ROVER,RANGE ROVER SPORT SUPERCHARGED,SUV - STANDARD,5,8,V,AS8,Z,16.6,12.3,14.7,19,338
2015,LEXUS,LS 600h L,MID-SIZE,5,8,V,AV8,Z,12.7,10.1,11.5,25,264
2015,LEXUS,NX 300h AWD,SUV - SMALL,2.5,4,I,AV6,X,7.1,7.7,7.4,38,170
2015,MAZDA,CX-5,SUV - SMALL,2,4,I,AS6,X,8.9,7.3,8.2,34,189
2015,MAZDA,CX-5,SUV - SMALL,2,4,I,M6,X,9,6.8,8,35,184
2015,MAZDA,CX-5,SUV - SMALL,2.5,4,I,AS6,X,9.6,7.4,8.6,33,198
2015,MAZDA,CX-5 4WD,SUV - SMALL,2,4,I,AS6,X,9.3,7.6,8.5,33,196
2015,MAZDA,CX-5 4WD,SUV - SMALL,2.5,4,I,AS6,X,9.9,7.9,9,31,207
2015,MAZDA,MAZDA3 4-DOOR,COMPACT,2,4,I,AS6,X,7.9,5.7,6.9,41,159
2015,MAZDA,MAZDA3 4-DOOR (SIL),COMPACT,2,4,I,M6,X,8,5.8,7,40,161
2015,MAZDA,MAZDA3 4-DOOR,COMPACT,2.5,4,I,AS6,X,8.4,6.1,7.4,38,170
2015,MAZDA,MAZDA3 4-DOOR (i-ELOOP),COMPACT,2.5,4,I,AS6,X,8.2,5.9,7.2,39,166
2015,MAZDA,MAZDA3 4-DOOR (SIL),COMPACT,2.5,4,I,M6,X,9.3,6.4,8,35,184
2015,MAZDA,MAZDA3 5-DOOR,MID-SIZE,2,4,I,AS6,X,8,5.9,7,40,161
2015,MAZDA,MAZDA3 5-DOOR (SIL),MID-SIZE,2,4,I,M6,X,8.2,5.9,7.1,40,163
2015,MAZDA,MAZDA3 5-DOOR,MID-SIZE,2.5,4,I,AS6,X,8.7,6.5,7.7,37,177
2015,MAZDA,MAZDA3 5-DOOR (i-ELOOP),MID-SIZE,2.5,4,I,AS6,X,8.2,6,7.2,39,166
2015,MAZDA,MAZDA3 5-DOOR (SIL),MID-SIZE,2.5,4,I,M6,X,9.2,6.6,8.1,35,186
2015,MAZDA,MAZDA6,MID-SIZE,2.5,4,I,AS6,X,8.8,6.1,7.6,37,175
2015,MAZDA,MAZDA6,MID-SIZE,2.5,4,I,M6,X,9.4,6.4,8.1,35,186
2015,MAZDA,MAZDA6 (i-ELOOP),MID-SIZE,2.5,4,I,AS6,X,8.4,5.9,7.3,39,168
2015,MITSUBISHI,LANCER,COMPACT,2,4,I,AV6,X,9.2,6.9,8.2,34,189
2015,MITSUBISHI,LANCER,COMPACT,2,4,I,M5,X,9.6,6.9,8.4,34,193
2015,MITSUBISHI,LANCER AWD,COMPACT,2.4,4,I,AV6,X,10.5,8.2,9.5,30,219
2015,MITSUBISHI,LANCER EVOLUTION,COMPACT,2,4,I,AM6,Z,14.2,10.5,12.5,23,288
2015,MITSUBISHI,LANCER EVOLUTION,COMPACT,2,4,I,M5,Z,14,10.3,12.3,23,283
2015,MITSUBISHI,OUTLANDER,SUV - SMALL,2.4,4,I,AV6,X,9.5,7.5,8.6,33,198
2015,MITSUBISHI,OUTLANDER 4WD,SUV - SMALL,2.4,4,I,AV6,X,9.9,8.1,9.1,31,209
2015,MITSUBISHI,OUTLANDER 4WD,SUV - SMALL,3,6,I,AS6,Z,11.5,8.4,10.1,28,232
2015,NISSAN,PATHFINDER,SUV - SMALL,3.5,6,I,AV,X,11.9,8.6,10.4,27,239
2015,NISSAN,PATHFINDER 4WD,SUV - SMALL,3.5,6,I,AV,X,12.1,8.9,10.7,26,246
2015,NISSAN,PATHFINDER 4WD PLATINUM,SUV - SMALL,3.5,6,I,AV,X,12.7,9,11,26,253
2015,NISSAN,PATHFINDER HYBRID 4WD,SUV - STANDARD,2.5,4,I,AV,X,9.1,8.5,8.8,32,202
2015,SUBARU,FORESTER AWD,SUV - SMALL,2,4,I,AV8,Z,10.2,8.5,9.4,30,216
2015,SUBARU,FORESTER AWD,SUV - SMALL,2.5,4,I,AV6,X,9.6,7.5,8.7,32,200
2015,SUBARU,FORESTER AWD,SUV - SMALL,2.5,4,I,M6,X,10.6,8.4,9.6,29,221
2015,SUBARU,IMPREZA AWD,COMPACT,2,4,I,AV6,X,8.5,6.4,7.6,37,175
2015,SUBARU,IMPREZA AWD,COMPACT,2,4,I,M5,X,9.5,7,8.4,34,193
2015,SUBARU,WRX,COMPACT,2,4,I,AV8,Z,12.4,9.4,11.1,25,255
2015,SUBARU,WRX,COMPACT,2,4,I,M6,Z,11.1,8.3,9.8,29,225
2015,SUBARU,WRX,COMPACT,2.5,4,I,M6,Z,13.8,10.2,12.2,23,281
2015,TOYOTA,CAMRY,MID-SIZE,2.5,4,I,AS6,X,9.7,6.9,8.4,34,193
2015,TOYOTA,CAMRY,MID-SIZE,3.5,6,I,AS6,X,11,7.7,9.5,30,218
2015,TOYOTA,CAMRY HYBRID LE,MID-SIZE,2.5,4,I,AV,X,5.5,6,5.7,50,131
2015,TOYOTA,CAMRY HYBRID XLE/SE,MID-SIZE,2.5,4,I,AV,X,5.7,6.1,5.9,48,136
2015,TOYOTA,COROLLA,MID-SIZE,1.8,4,I,A4,X,8.6,6.5,7.6,37,175
2015,TOYOTA,COROLLA,MID-SIZE,1.8,4,I,AV7,X,7.9,6.1,7.1,40,163
2015,TOYOTA,COROLLA,MID-SIZE,1.8,4,I,AV,X,8.2,6.2,7.3,39,168
2015,TOYOTA,COROLLA,MID-SIZE,1.8,4,I,M6,X,8.3,6.2,7.4,38,170
2015,TOYOTA,PRIUS,MID-SIZE,1.8,4,I,AV,X,4.6,4.9,4.7,60,108
2015,TOYOTA,PRIUS c,COMPACT,1.5,4,I,AV,X,4.5,5.1,4.8,59,110
2015,TOYOTA,RAV4,SUV - SMALL,2.5,4,I,AS6,X,10,7.6,8.9,32,205
2015,TOYOTA,RAV4 AWD,SUV - SMALL,2.5,4,I,AS6,X,10.5,8.2,9.5,30,218
2015,TOYOTA,RAV4 LE/XLE,SUV - SMALL,2.5,4,I,AS6,X,10,7.6,8.9,32,205
2015,TOYOTA,RAV4 LIMITED AWD,SUV - SMALL,2.5,4,I,AS6,X,10.7,8.3,9.6,29,221
2015,VOLKSWAGEN,BEETLE,COMPACT,1.8,4,I,AS6,X,9.6,7.2,8.5,33,196
2015,VOLKSWAGEN,BEETLE,COMPACT,1.8,4,I,M5,X,9.9,7.2,8.7,32,200
2015,VOLKSWAGEN,BEETLE,COMPACT,2,4,I,AM6,Z,10,7.9,9.1,31,209
2015,VOLKSWAGEN,BEETLE,COMPACT,2,4,I,M6,Z,10.4,7.7,9.2,31,212
2015,VOLKSWAGEN,GOLF,COMPACT,1.8,4,I,AS6,X,9.3,6.5,8.1,35,186
2015,VOLKSWAGEN,GOLF,COMPACT,1.8,4,I,M5,X,9.3,6.4,8,35,184
2015,VOLKSWAGEN,GOLF TDI (modified),COMPACT,2,4,I,AM6,D,7.6,5.5,6.5,43,177
2015,VOLKSWAGEN,GOLF TDI (modified),COMPACT,2,4,I,M6,D,7.8,5.2,6.5,43,178
2015,VOLKSWAGEN,GOLF GTI,COMPACT,2,4,I,AM6,Z,9.5,7.2,8.5,33,196
2015,VOLKSWAGEN,GOLF GTI,COMPACT,2,4,I,M6,Z,9.4,6.9,8.3,34,191
2015,VOLKSWAGEN,JETTA,COMPACT,1.8,4,I,AS6,X,9.3,6.3,7.9,36,182
2015,VOLKSWAGEN,JETTA,COMPACT,1.8,4,I,M5,X,9.3,6.3,8,35,184
2015,VOLKSWAGEN,JETTA,COMPACT,2,4,I,AS6,X,10.4,7,8.9,32,205
2015,VOLKSWAGEN,JETTA,COMPACT,2,4,I,M5,X,9.5,6.9,8.4,34,193
2015,VOLKSWAGEN,JETTA TDI (modified),COMPACT,2,4,I,AM6,D,7.6,5.2,6.5,43,175
2015,VOLKSWAGEN,JETTA TDI (modified),COMPACT,2,4,I,M6,D,7.6,5.1,6.5,43,176
2015,VOLKSWAGEN,JETTA GLI,COMPACT,2,4,I,AM6,Z,10,7.3,8.8,32,202
2015,VOLKSWAGEN,JETTA GLI,COMPACT,2,4,I,M6,Z,10.3,7.2,8.9,32,205
2015,VOLKSWAGEN,JETTA HYBRID,COMPACT,1.4,4,I,AM7,Z,5.6,4.9,5.3,53,122
2015,VOLKSWAGEN,PASSAT,MID-SIZE,1.8,4,I,AS6,X,9.7,6.6,8.3,34,191
2015,VOLKSWAGEN,PASSAT,MID-SIZE,1.8,4,I,M5,X,9.8,6.7,8.4,34,193
2015,VOLKSWAGEN,PASSAT TDI (modified),MID-SIZE,2,4,I,AM6,D,7.8,5.6,6.9,41,185
2015,VOLKSWAGEN,PASSAT TDI (modified),MID-SIZE,2,4,I,M6,D,7.8,5.3,6.7,42,182
2015,VOLKSWAGEN,PASSAT,MID-SIZE,3.6,6,I,AM6,Z,11.9,8.5,10.4,27,239
2015,VOLKSWAGEN,TIGUAN,SUV - SMALL,2,4,I,AS6,Z,11.5,9.3,10.5,27,242
2015,VOLKSWAGEN,TIGUAN,SUV - SMALL,2,4,I,M6,Z,13,9,11.2,25,258
2015,VOLKSWAGEN,TIGUAN 4MOTION,SUV - SMALL,2,4,I,AS6,Z,11.7,9.4,10.7,26,246
2015,MERCEDES-BENZ,GLK 250 (X204),SUV,2,4,I,A7,Z,10.5,7,9,31,207
2015,LAND ROVER,DEFENDER 90 (2.2L),OFF-ROAD,2.2,4,I,M6,D,10.5,8,9.3,30,247
2015,SSANGYONG,REXTON W (2.2L - Micro),SUV,2.2,4,I,A7,D,10.5,7.5,9,31,237
2015,SSANGYONG,SUV (Ref - Post-Kyron),SUV,2,4,I,A6,D,10,7.5,8.8,32,232
2015,AUDI,Q5 3.0 TDI,SUV,3,6,I,A7,D,8.5,6,7.4,38,195
2015,MERCEDES-BENZ,GLE 250d (W166 - M-Class Ref),SUV,2.1,4,I,A9,D,8.5,6.5,7.6,37,199
2015,MERCEDES-BENZ,GL 350 d (X166),SUV,3,6,I,A7,D,9.5,7,7.7,37,201
2015,TOYOTA,LAND CRUISER PRADO,SUV,3,4,I,A5,D,10.5,7.5,9,31,238
2015,NISSAN,PATROL Y62 (5.6L - Facelift),SUV,5.6,8,V,A7,Z,17.5,12,14.9,19,350
2015,TOYOTA,VOXY (ZRR80 - Hybrid),MPV,1.8,4,I,CVT,H,5,4.5,4.8,59,112
2015,SUZUKI,SPACIA (MK32S),KEI CAR,0.7,3,I,CVT,H,3.8,3,3.5,67,85
2015,DAIHATSU,TANTO (LA600S - Smart Assist),KEI CAR,0.7,3,I,CVT,Z,5.5,4,4.8,49,115
2015,TOYOTA,ALPHARD (AH30 - 2.5L Hybrid),MPV,2.5,4,I,CVT,H,6,5,5.5,51,130
2016,AUDI,A3,SUBCOMPACT,1.8,4,I,AM6,X,10,7.1,8.7,32,204
2016,AUDI,A3 QUATTRO,SUBCOMPACT,2,4,I,AM6,X,9.8,7.2,8.6,33,201
2016,AUDI,A4,COMPACT,2,4,I,AV8,Z,9.9,7.6,8.9,32,212
2016,AUDI,A4 QUATTRO,COMPACT,2,4,I,AS8,Z,11,7.8,9.6,29,224
2016,AUDI,A4 QUATTRO,COMPACT,2,4,I,M6,Z,10.6,7.3,9.1,31,214
2016,AUDI,A5 QUATTRO,SUBCOMPACT,2,4,I,AS8,Z,11,7.8,9.6,29,224
2016,AUDI,A5 QUATTRO,SUBCOMPACT,2,4,I,M6,Z,10.6,7.3,9.1,31,214
2016,AUDI,A5 CABRIOLET QUATTRO,SUBCOMPACT,2,4,I,AS8,Z,11.3,8,9.8,29,230
2016,AUDI,A6 QUATTRO,MID-SIZE,2,4,I,AS8,Z,10.8,7.3,9.2,31,211
2016,AUDI,A6 QUATTRO,MID-SIZE,3,6,I,AS8,Z,11.6,7.9,9.9,29,232
2016,AUDI,A6 QUATTRO TDI (modified),MID-SIZE,3,6,I,AS8,D,9.4,6.2,7.8,36,213
2016,AUDI,A8 QUATTRO,MID-SIZE,3,6,I,AS8,Z,12.6,8,10.5,27,247
2016,AUDI,A8 QUATTRO,MID-SIZE,4,8,V,AS8,Z,12.9,8,10.7,26,249
2016,AUDI,A8 QUATTRO TDI (modified),MID-SIZE,3,6,I,AS8,D,9.8,6.5,8.4,34,224
2016,AUDI,A8L QUATTRO,FULL-SIZE,4,8,V,AS8,Z,13.1,8.3,10.9,26,255
2016,AUDI,Q3,COMPACT,2,4,I,AS6,Z,12,8.2,10.3,27,242
2016,AUDI,Q3 QUATTRO,COMPACT,2,4,I,AS6,Z,11.9,8.4,10.3,27,240
2016,AUDI,Q5 QUATTRO,SUV - SMALL,2,4,I,AS8,Z,12,8.5,10.4,27,244
2016,AUDI,Q5 QUATTRO,SUV - SMALL,3,6,I,AS8,Z,13.2,9.2,11.4,25,267
2016,AUDI,Q5 QUATTRO TDI (modified),SUV - SMALL,3,6,I,AS8,D,10.2,7.8,9,31,244
2016,AUDI,Q5 HYBRID QUATTRO,SUV - SMALL,2,4,I,AS8,Z,9.8,7.9,8.9,32,209
2016,AUDI,RS 7 QUATTRO,MID-SIZE,4,8,V,AS8,Z,16.6,9.4,13.3,21,313
2016,BMW,228i,SUBCOMPACT,2,4,I,AS8,Z,9.9,6.5,8.4,34,197
2016,BMW,228i,SUBCOMPACT,2,4,I,M6,Z,10.7,7,9,31,211
2016,BMW,228i xDRIVE,SUBCOMPACT,2,4,I,AS8,Z,10.4,6.8,8.8,32,207
2016,BMW,228i xDRIVE CABRIOLET,SUBCOMPACT,2,4,I,AS8,Z,10.5,6.9,8.9,32,209
2016,BMW,320i,COMPACT,2,4,I,AS8,Z,9.9,6.5,8.4,34,197
2016,BMW,320i,COMPACT,2,4,I,M6,Z,10.7,7,9,31,211
2016,BMW,320i xDRIVE,COMPACT,2,4,I,AS8,Z,10.4,6.8,8.8,32,207
2016,BMW,328d xDRIVE,COMPACT,2,4,I,AS8,D,7.7,5.7,6.8,42,183
2016,BMW,328i xDRIVE,COMPACT,2,4,I,AS8,Z,10.5,6.9,8.9,32,209
2016,BMW,328i xDRIVE GRAN TURISMO,FULL-SIZE,2,4,I,AS8,Z,10.5,6.9,8.9,32,209
2016,BMW,528i xDRIVE,MID-SIZE,2,4,I,AS8,Z,10.5,6.9,8.9,32,209
2016,BMW,750i xDRIVE,FULL-SIZE,4.4,8,V,AS8,Z,14.3,9.3,12.1,23,283
2016,BMW,750Li xDRIVE,FULL-SIZE,4.4,8,V,AS8,Z,14.3,9.3,12.1,23,283
2016,BMW,M5,MID-SIZE,4.4,8,V,AM7,Z,17.3,11.5,14.7,19,344
2016,BMW,M5,MID-SIZE,4.4,8,V,M6,Z,16.1,10.9,13.7,21,321
2016,BMW,X1 xDRIVE28i,SUV - SMALL,2,4,I,AS8,Z,10.7,7.4,9.2,31,215
2016,BMW,X3 xDRIVE28d,SUV - SMALL,2,4,I,AS8,D,8.6,6.9,7.9,36,211
2016,BMW,X3 xDRIVE28i,SUV - SMALL,2,4,I,AS8,Z,11.1,8.4,9.9,29,231
2016,BMW,X3 xDRIVE35i,SUV - SMALL,3,6,I,AS8,Z,12.7,8.8,10.9,26,257
2016,BMW,X5 M,SUV - STANDARD,4.4,8,V,AS8,Z,16.6,12.1,14.6,19,343
2016,BMW,X5 xDRIVE35d,SUV - STANDARD,3,6,I,AS8,D,10,7.6,8.9,32,233
2016,BMW,X5 xDRIVE35i,SUV - STANDARD,3,6,I,AS8,Z,13,9.7,11.5,25,269
2016,BMW,X5 xDRIVE50i,SUV - STANDARD,4.4,8,V,AS8,Z,15.7,11.4,13.8,20,322
2016,BMW,X6 M,SUV - STANDARD,4.4,8,V,AS8,Z,16.6,12.1,14.6,19,343
2016,BMW,X6 xDRIVE35i,SUV - STANDARD,3,6,I,AS8,Z,13,9.7,11.5,25,269
2016,BMW,X6 xDRIVE50i,SUV - STANDARD,4.4,8,V,AS8,Z,15.7,11.4,13.8,20,322
2016,FORD,FIESTA,SUBCOMPACT,1.6,4,I,AS6,X,8.7,6.4,7.6,37,180
2016,FORD,FIESTA,SUBCOMPACT,1.6,4,I,M5,X,8.5,6.5,7.6,37,179
2016,FORD,FIESTA SFE,SUBCOMPACT,1,3,I,M5,X,7.5,5.5,6.6,43,153
2016,FORD,FIESTA ST,COMPACT,1.6,4,I,M6,X,9,7.1,8.1,35,191
2016,FORD,FOCUS,COMPACT,1,3,I,AS6,X,8.5,5.9,7.3,39,171
2016,FORD,FOCUS,COMPACT,1,3,I,M6,X,7.8,5.7,6.8,42,160
2016,FORD,FOCUS FFV,COMPACT,2,4,I,AM6,X,8.9,6,7.6,37,178
2016,FORD,FOCUS FFV,COMPACT,2,4,I,AS6,X,9,6.2,7.8,36,183
2016,FORD,FOCUS FFV,COMPACT,2,4,I,M5,X,9.2,6.6,8,35,188
2016,FORD,FOCUS RS AWD,MID-SIZE,2.3,4,I,M6,Z,12.1,9.3,10.9,26,255
2016,FORD,FOCUS ST,MID-SIZE,2,4,I,M6,X,10.5,7.7,9.2,31,217
2016,HONDA,ACCORD,MID-SIZE,2.4,4,I,M6,X,10.3,7.2,8.9,32,207
2016,HONDA,ACCORD SEDAN,MID-SIZE,2.4,4,I,AV,X,8.6,6.4,7.6,37,177
2016,HONDA,ACCORD SEDAN,MID-SIZE,3.5,6,I,A6,X,11.3,7,9.4,30,219
2016,HONDA,CIVIC SEDAN,MID-SIZE,1.5,4,I,AV,X,7.6,5.5,6.7,42,157
2016,HONDA,CIVIC SEDAN,MID-SIZE,2,4,I,AV,X,7.8,5.8,6.9,41,162
2016,HONDA,CIVIC SEDAN,MID-SIZE,2,4,I,M6,X,8.8,5.9,7.5,38,176
2016,HONDA,CR-V,SUV - SMALL,2.4,4,I,AV,X,8.8,6.9,7.9,36,186
2016,HONDA,CR-V AWD,SUV - SMALL,2.4,4,I,AV,X,9.5,7.5,8.6,33,202
2016,HONDA,HR-V,SUV - SMALL,1.8,4,I,AV,X,8.3,6.7,7.6,37,177
2016,HONDA,HR-V,SUV - SMALL,1.8,4,I,AV7,X,8.3,6.7,7.6,37,177
2016,HONDA,HR-V,SUV - SMALL,1.8,4,I,M6,X,9.3,7,8.3,34,193
2016,HONDA,HR-V AWD,SUV - SMALL,1.8,4,I,AV,X,8.8,7.2,8.1,35,190
2016,HONDA,HR-V AWD,SUV - SMALL,1.8,4,I,AV7,X,8.8,7.2,8.1,35,190
2016,HYUNDAI,ACCENT,COMPACT,1.6,4,I,AS6,X,8.9,6.3,7.7,37,179
2016,HYUNDAI,ACCENT,COMPACT,1.6,4,I,M6,X,8.7,6.3,7.6,37,176
2016,HYUNDAI,ELANTRA GT,MID-SIZE,2,4,I,AS6,X,9.8,7.2,8.6,33,203
2016,HYUNDAI,ELANTRA GT,MID-SIZE,2,4,I,M6,X,9.8,7.1,8.6,33,202
2016,HYUNDAI,SANTA FE,SUV - SMALL,3.3,6,I,AS6,X,12.9,9.4,11.3,25,265
2016,HYUNDAI,SANTA FE AWD,SUV - SMALL,3.3,6,I,AS6,X,13,9.7,11.5,25,269
2016,HYUNDAI,SANTA FE SPORT,SUV - SMALL,2.4,4,I,AS6,X,11.7,8.7,10.3,27,239
2016,HYUNDAI,SANTA FE SPORT AWD,SUV - SMALL,2,4,I,AS6,X,12.9,9.7,11.5,25,266
2016,HYUNDAI,SANTA FE SPORT AWD,SUV - SMALL,2.4,4,I,AS6,X,12.5,9.3,11.1,25,257
2016,HYUNDAI,SANTA FE ULTIMATE AWD,SUV - SMALL,3.3,6,I,AS6,X,13.9,10.8,12.5,23,295
2016,HYUNDAI,SONATA,FULL-SIZE,2,4,I,AS6,X,10.4,7.4,9.1,31,214
2016,HYUNDAI,SONATA,FULL-SIZE,2.4,4,I,AS6,X,9.4,6.5,8.1,35,191
2016,HYUNDAI,SONATA SPORT/LIMITED,FULL-SIZE,2.4,4,I,AS6,X,10,7,8.6,33,204
2016,HYUNDAI,SONATA HYBRID,MID-SIZE,2,4,I,AM6,X,5.9,5.3,5.6,50,133
2016,HYUNDAI,SONATA HYBRID LIMITED,MID-SIZE,2,4,I,AM6,X,6,5.5,5.8,49,136
2016,HYUNDAI,TUCSON,SUV - SMALL,2,4,I,AS6,X,10.1,7.6,9,31,211
2016,HYUNDAI,TUCSON AWD,SUV - SMALL,1.6,4,I,AM7,X,9.9,8.4,9.2,31,219
2016,HYUNDAI,TUCSON AWD,SUV - SMALL,2,4,I,AS6,X,11,9,10.1,28,240
2016,JAGUAR,XF AWD ,MID-SIZE,3,6,I,AS8,Z,11.9,8.3,10.3,27,241
2016,JEEP,GRAND CHEROKEE 4X4,SUV - STANDARD,3.6,6,I,A8,X,12.8,9.5,11.3,25,265
2016,JEEP,GRAND CHEROKEE 4X4 DIESEL,SUV - STANDARD,3,6,I,A8,D,11.2,8.4,9.9,29,267
2016,KIA,RIO,COMPACT,1.6,4,I,AS6,X,8.7,6.3,7.7,37,178
2016,KIA,RIO,COMPACT,1.6,4,I,M6,X,8.8,6.4,7.7,37,179
2016,KIA,RIO ECO,COMPACT,1.6,4,I,AS6,X,8.5,6.3,7.6,37,175
2016,KIA,SORENTO,SUV - SMALL,2,4,I,AS6,X,11.7,8.6,10.3,27,245
2016,KIA,SORENTO,SUV - SMALL,2.4,4,I,AS6,X,11.1,8.2,9.8,29,233
2016,KIA,SORENTO AWD,SUV - SMALL,2,4,I,AS6,X,12.3,9.3,10.9,26,259
2016,KIA,SORENTO AWD,SUV - SMALL,2.4,4,I,AS6,X,11.4,9.2,10.4,27,245
2016,KIA,SORENTO AWD,SUV - SMALL,3.3,6,I,AS6,X,13.4,9.4,11.6,24,275
2016,KIA,SPORTAGE,SUV - SMALL,2.4,4,I,AS6,X,11.4,8.3,10,28,231
2016,KIA,SPORTAGE,SUV - SMALL,2.4,4,I,M6,X,12.9,9.2,11.3,25,261
2016,KIA,SPORTAGE AWD,SUV - SMALL,2,4,I,AS6,X,12.6,9.7,11.3,25,261
2016,KIA,SPORTAGE AWD,SUV - SMALL,2.4,4,I,AS6,X,12,9.3,10.8,26,251
2016,LAND ROVER,DISCOVERY SPORT,SUV - SMALL,2,4,I,AS9,Z,11.9,9,10.6,27,248
2016,LAND ROVER,RANGE ROVER,SUV - STANDARD,3,6,I,AS8,Z,14.2,10.2,12.4,23,291
2016,LAND ROVER,RANGE ROVER TD6 DIESEL,SUV - STANDARD,3,6,I,AS8,D,10.6,8.1,9.4,30,254
2016,LAND ROVER,RANGE ROVER SPORT,SUV - STANDARD,3,6,I,AS8,Z,14.2,10.2,12.4,23,291
2016,LAND ROVER,RANGE ROVER SPORT TD6 DIESEL,SUV - STANDARD,3,6,I,AS8,D,10.6,8.1,9.4,30,254
2016,LAND ROVER,RANGE ROVER SPORT SUPERCHARGED,SUV - STANDARD,5,8,V,AS8,Z,16.6,12.3,14.7,19,344
2016,LAND ROVER,RANGE ROVER EVOQUE,SUV - SMALL,2,4,I,AS9,Z,11.3,7.9,9.7,29,229
2016,LEXUS,IS 300 AWD,COMPACT,3.5,6,I,AS6,Z,12.6,9.2,11.1,25,258
2016,LEXUS,LS 600h L,MID-SIZE,5,8,V,AV8,Z,12.7,10.1,11.5,25,268
2016,LEXUS,NX 300h AWD,SUV - SMALL,2.5,4,I,AV6,X,7.1,7.7,7.4,38,172
2016,MAZDA,CX-3,COMPACT,2,4,I,AS6,X,8.2,6.7,7.6,37,179
2016,MAZDA,CX-5,SUV - SMALL,2,4,I,AS6,X,9,7.3,8.2,34,192
2016,MAZDA,CX-5,SUV - SMALL,2.5,4,I,AS6,X,8.9,7.1,8.1,35,190
2016,MAZDA,CX-5 (SIL),SUV - SMALL,2,4,I,M6,X,9,6.8,8,35,188
2016,MAZDA,CX-5 4WD,SUV - SMALL,2,4,I,AS6,X,9.3,7.6,8.5,33,199
2016,MAZDA,CX-5 4WD,SUV - SMALL,2.5,4,I,AS6,X,9.8,7.9,9,31,210
2016,MAZDA,MAZDA3 4-DOOR,COMPACT,2,4,I,AS6,X,7.9,5.7,6.9,41,162
2016,MAZDA,MAZDA3 4-DOOR (SIL),COMPACT,2,4,I,M6,X,8,5.8,7,40,165
2016,MAZDA,MAZDA3 4-DOOR,COMPACT,2.5,4,I,AS6,X,8.4,6.1,7.4,38,173
2016,MAZDA,MAZDA3 4-DOOR (i-ELOOP),COMPACT,2.5,4,I,AS6,X,8.2,5.9,7.2,39,169
2016,MAZDA,MAZDA3 4-DOOR (SIL),COMPACT,2.5,4,I,M6,X,9.3,6.4,8,35,189
2016,MAZDA,MAZDA3 5-DOOR,MID-SIZE,2,4,I,AS6,X,8,5.9,7,40,165
2016,MAZDA,MAZDA3 5-DOOR (SIL),MID-SIZE,2,4,I,M6,X,8.2,5.9,7.1,40,167
2016,MAZDA,MAZDA3 5-DOOR,MID-SIZE,2.5,4,I,AS6,X,8.7,6.5,7.7,37,182
2016,MAZDA,MAZDA3 5-DOOR (i-ELOOP),MID-SIZE,2.5,4,I,AS6,X,8.2,6,7.2,39,170
2016,MAZDA,MAZDA3 5-DOOR (SIL),MID-SIZE,2.5,4,I,M6,X,9.2,6.6,8.1,35,190
2016,MAZDA,MAZDA6,MID-SIZE,2.5,4,I,AS6,X,8.8,6.1,7.6,37,178
2016,MAZDA,MAZDA6 (i-ELOOP),MID-SIZE,2.5,4,I,AS6,X,8.5,5.9,7.3,39,171
2016,MAZDA,MAZDA6 (SIL),MID-SIZE,2.5,4,I,M6,X,9.4,6.4,8.1,35,188
2016,MITSUBISHI,LANCER,COMPACT,2,4,I,AV6,X,8.6,6.8,7.8,36,181
2016,MITSUBISHI,LANCER,COMPACT,2,4,I,M5,X,9.6,7,8.4,34,198
2016,MITSUBISHI,LANCER,COMPACT,2.4,4,I,AV6,X,9.8,7.6,8.8,32,204
2016,MITSUBISHI,LANCER,COMPACT,2.4,4,I,M5,X,10.5,7.7,9.2,31,217
2016,MITSUBISHI,LANCER 4WD,COMPACT,2.4,4,I,AV6,X,10.2,7.8,9.1,31,210
2016,MITSUBISHI,OUTLANDER,SUV - SMALL,2.4,4,I,AV6,X,9.2,7.5,8.4,34,193
2016,MITSUBISHI,OUTLANDER 4WD,SUV - SMALL,2.4,4,I,AV6,X,9.7,8.1,9,31,207
2016,MITSUBISHI,OUTLANDER 4WD,SUV - SMALL,3,6,I,AS6,Z,11.9,8.5,10.4,27,238
2016,NISSAN,PATHFINDER,SUV - SMALL,3.5,6,I,AV,X,11.9,8.6,10.4,27,245
2016,NISSAN,PATHFINDER 4WD,SUV - SMALL,3.5,6,I,AV,X,12.1,8.9,10.7,26,251
2016,NISSAN,PATHFINDER 4WD PLATINUM,SUV - SMALL,3.5,6,I,AV,X,12.7,9,11,26,258
2016,SUBARU,FORESTER AWD,SUV - SMALL,2,4,I,AV8,Z,10.2,8.5,9.4,30,222
2016,SUBARU,FORESTER AWD,SUV - SMALL,2.5,4,I,AV6,X,9.6,7.5,8.7,32,204
2016,SUBARU,FORESTER AWD,SUV - SMALL,2.5,4,I,M6,X,10.6,8.4,9.6,29,227
2016,SUBARU,IMPREZA AWD,COMPACT,2,4,I,AV6,X,8.5,6.4,7.6,37,177
2016,SUBARU,IMPREZA AWD,COMPACT,2,4,I,M5,X,9.5,7,8.4,34,197
2016,SUBARU,WRX,COMPACT,2,4,I,AV8,Z,12.5,9.5,11.2,25,254
2016,SUBARU,WRX,COMPACT,2,4,I,M6,Z,11.3,8.4,10,28,233
2016,SUBARU,WRX,COMPACT,2.5,4,I,M6,Z,13.8,10.2,12.2,23,285
2016,TOYOTA,CAMRY,MID-SIZE,2.5,4,I,AS6,X,9.4,6.7,8.2,34,192
2016,TOYOTA,CAMRY,MID-SIZE,3.5,6,I,AS6,X,11,7.7,9.5,30,222
2016,TOYOTA,CAMRY HYBRID LE,MID-SIZE,2.5,4,I,AV,X,5.5,6,5.7,50,134
2016,TOYOTA,CAMRY HYBRID XLE/SE,MID-SIZE,2.5,4,I,AV,X,5.7,6,5.9,48,137
2016,TOYOTA,COROLLA,MID-SIZE,1.8,4,I,A4,X,8.6,6.5,7.6,37,179
2016,TOYOTA,COROLLA,MID-SIZE,1.8,4,I,AV,X,8.2,6.2,7.3,39,171
2016,TOYOTA,COROLLA,MID-SIZE,1.8,4,I,AV7,X,7.9,6.1,7.1,40,166
2016,TOYOTA,COROLLA,MID-SIZE,1.8,4,I,M6,X,8.4,6.4,7.5,38,174
2016,TOYOTA,PRIUS,MID-SIZE,1.8,4,I,AV,X,4.4,4.6,4.5,63,104
2016,TOYOTA,PRIUS c,COMPACT,1.5,4,I,AV,X,4.5,5.1,4.7,60,111
2016,TOYOTA,RAV4,SUV - SMALL,2.5,4,I,AS6,X,10.1,7.7,9,31,212
2016,TOYOTA,RAV4 AWD,SUV - SMALL,2.5,4,I,AS6,X,10.5,8.2,9.5,30,220
2016,TOYOTA,RAV4 HYBRID AWD,SUV - SMALL,2.5,4,I,AV6,X,6.9,7.6,7.2,39,169
2016,TOYOTA,RAV4 LE/XLE,SUV - SMALL,2.5,4,I,AS6,X,10,7.6,8.9,32,208
2016,TOYOTA,RAV4 LIMITED/SE AWD,SUV - SMALL,2.5,4,I,AS6,X,10.6,8.1,9.4,30,220
2016,VOLKSWAGEN,BEETLE,COMPACT,1.8,4,I,AS6,X,9.6,7,8.4,34,196
2016,VOLKSWAGEN,BEETLE,COMPACT,1.8,4,I,M5,X,9.5,6.9,8.4,34,196
2016,VOLKSWAGEN,GOLF,COMPACT,1.8,4,I,AS6,X,9.3,6.5,8.1,35,189
2016,VOLKSWAGEN,GOLF,COMPACT,1.8,4,I,M5,X,9.3,6.4,8,35,187
2016,VOLKSWAGEN,GOLF GTI,COMPACT,2,4,I,AM6,X,9.5,7.2,8.5,33,198
2016,VOLKSWAGEN,GOLF GTI,COMPACT,2,4,I,M6,X,9.4,6.9,8.3,34,193
2016,VOLKSWAGEN,GOLF R,COMPACT,2,4,I,AM6,Z,10.4,7.9,9.3,30,216
2016,VOLKSWAGEN,GOLF R,COMPACT,2,4,I,M6,Z,10.9,7.7,9.4,30,220
2016,VOLKSWAGEN,JETTA,COMPACT,1.4,4,I,AS6,X,8.5,6,7.3,39,173
2016,VOLKSWAGEN,JETTA,COMPACT,1.4,4,I,M5,X,8.3,5.9,7.2,39,168
2016,VOLKSWAGEN,JETTA,COMPACT,1.8,4,I,AS6,X,9.2,6.4,8,35,186
2016,VOLKSWAGEN,JETTA,COMPACT,1.8,4,I,M5,X,9.4,6.4,8.1,35,189
2016,VOLKSWAGEN,JETTA,COMPACT,2,4,I,AM6,X,9.8,7,8.6,33,201
2016,VOLKSWAGEN,JETTA,COMPACT,2,4,I,M6,X,10.1,7.2,8.8,32,207
2016,VOLKSWAGEN,JETTA HYBRID,COMPACT,1.4,4,I,AM7,Z,5.7,4.9,5.3,53,124
2016,VOLKSWAGEN,PASSAT,MID-SIZE,1.8,4,I,AS6,X,9.4,6.3,8,35,187
2016,VOLKSWAGEN,PASSAT,MID-SIZE,1.8,4,I,M6,X,9.5,6.4,8.1,35,189
2016,VOLKSWAGEN,PASSAT,MID-SIZE,3.6,6,I,AM6,X,11.9,8.5,10.4,27,243
2016,VOLKSWAGEN,TIGUAN,SUV - SMALL,2,4,I,AS6,Z,11.7,9.5,10.7,26,251
2016,VOLKSWAGEN,TIGUAN,SUV - SMALL,2,4,I,M6,Z,13,9,11.2,25,259
2016,VOLKSWAGEN,TIGUAN 4MOTION,SUV - SMALL,2,4,I,AS6,Z,11.6,9.3,10.6,27,248
2016,MERCEDES-BENZ,GLC 250 (X253),SUV,2,4,I,A9,Z,9.5,6.5,8.2,34,189
2017,AUDI,A3,SUBCOMPACT,2,4,I,AM7,X,9.1,6.8,8,35,188
2017,AUDI,A3 QUATTRO,SUBCOMPACT,2,4,I,AM6,X,9.7,7.5,8.7,32,205
2017,AUDI,A4 ULTRA,COMPACT,2,4,I,AM7,Z,8.6,6.4,7.6,37,177
2017,AUDI,A4 QUATTRO,COMPACT,2,4,I,AM7,Z,9.8,7.7,8.8,32,205
2017,AUDI,A4 QUATTRO,COMPACT,2,4,I,M6,Z,9.9,7,8.6,33,204
2017,AUDI,A5 QUATTRO,SUBCOMPACT,2,4,I,AS8,Z,11,8,9.7,29,226
2017,AUDI,A5 QUATTRO,SUBCOMPACT,2,4,I,M6,Z,10.4,7.3,9,31,210
2017,AUDI,A5 CABRIOLET QUATTRO,SUBCOMPACT,2,4,I,AS8,Z,11.3,8.2,9.9,29,231
2017,AUDI,A6 QUATTRO,MID-SIZE,2,4,I,AS8,Z,10.9,7.5,9.4,30,220
2017,AUDI,A6 QUATTRO,MID-SIZE,3,6,I,AS8,Z,11.5,8.2,10,28,238
2017,AUDI,A8,MID-SIZE,3,6,I,AS8,Z,12.6,8,10.5,27,246
2017,AUDI,A8,MID-SIZE,4,8,V,AS8,Z,12.9,8,10.7,26,249
2017,AUDI,A8L,FULL-SIZE,4,8,V,AS8,Z,13.1,8.3,10.9,26,255
2017,AUDI,Q3,COMPACT,2,4,I,AS6,Z,11.9,8.4,10.3,27,243
2017,AUDI,Q3 QUATTRO,COMPACT,2,4,I,AS6,Z,11.9,8.4,10.3,27,241
2017,AUDI,Q5,SUV - SMALL,2,4,I,AS8,Z,12,8.6,10.5,27,246
2017,AUDI,Q5,SUV - SMALL,3,6,I,AS8,Z,13.2,9.2,11.4,25,267
2017,AUDI,Q7,SUV - STANDARD,2,4,I,AS8,Z,11.9,9.6,10.8,26,253
2017,AUDI,Q7,SUV - STANDARD,3,6,I,AS8,Z,12.6,9.4,11.1,25,260
2017,AUDI,RS 7,MID-SIZE,4,8,V,AS8,Z,16.2,9.3,13.1,22,309
2017,BMW,230i CABRIOLET,SUBCOMPACT,2,4,I,AS8,Z,10,7.2,8.7,32,207
2017,BMW,230i COUPE,SUBCOMPACT,2,4,I,AS8,Z,9.8,6.8,8.4,34,197
2017,BMW,230i COUPE,SUBCOMPACT,2,4,I,M6,Z,11.1,7.3,9.4,30,219
2017,BMW,230i xDRIVE CABRIOLET,SUBCOMPACT,2,4,I,AS8,Z,10.5,7.4,9.1,31,213
2017,BMW,230i xDRIVE COUPE,SUBCOMPACT,2,4,I,AS8,Z,10.2,7.4,9,31,210
2017,BMW,320i,COMPACT,2,4,I,AS8,Z,10,6.5,8.4,34,200
2017,BMW,320i,COMPACT,2,4,I,M6,Z,10.2,6.7,8.6,33,202
2017,BMW,320i xDRIVE,COMPACT,2,4,I,AS8,Z,10.3,6.9,8.8,32,206
2017,BMW,328d xDRIVE,COMPACT,2,4,I,AS8,D,7.9,5.9,7,40,189
2017,BMW,530i xDRIVE,MID-SIZE,2,4,I,AS8,Z,10.5,7.4,9.1,31,213
2017,BMW,740Li xDRIVE,FULL-SIZE,3,6,I,AS8,Z,11.9,8.1,10.2,28,238
2017,BMW,750i xDRIVE,FULL-SIZE,4.4,8,V,AS8,Z,13.8,9.1,11.7,24,273
2017,BMW,750Li xDRIVE,FULL-SIZE,4.4,8,V,AS8,Z,14.7,9.7,12.5,23,292
2017,BMW,X1 xDRIVE28i,SUV - SMALL,2,4,I,AS8,Z,10.5,7.4,9.1,31,213
2017,BMW,X3 xDRIVE28d,SUV - SMALL,2,4,I,AS8,D,8.7,7.1,8,35,211
2017,BMW,X3 xDRIVE28i,SUV - SMALL,2,4,I,AS8,Z,11.1,8.5,10,28,233
2017,BMW,X3 xDRIVE35i,SUV - SMALL,3,6,I,AS8,Z,12.7,9.1,11.1,25,260
2017,BMW,X5 M,SUV - STANDARD,4.4,8,V,AS8,Z,16.6,12.1,14.6,19,341
2017,BMW,X5 xDRIVE35d,SUV - STANDARD,3,6,I,AS8,D,10.3,8,9.3,30,249
2017,BMW,X5 xDRIVE35i,SUV - STANDARD,3,6,I,AS8,Z,13,9.8,11.5,25,270
2017,BMW,X5 xDRIVE50i,SUV - STANDARD,4.4,8,V,AS8,Z,15.6,11.3,13.7,21,320
2017,BMW,X6 M,SUV - STANDARD,4.4,8,V,AS8,Z,16.6,12.1,14.6,19,341
2017,BMW,X6 xDRIVE35i,SUV - STANDARD,3,6,I,AS8,Z,13,9.8,11.5,25,270
2017,BMW,X6 xDRIVE50i,SUV - STANDARD,4.4,8,V,AS8,Z,15.6,11.3,13.7,21,320
2017,FORD,FIESTA,SUBCOMPACT,1.6,4,I,AS6,X,8.6,6.4,7.6,37,178
2017,FORD,FIESTA,SUBCOMPACT,1.6,4,I,M5,X,8.6,6.7,7.8,36,182
2017,FORD,FIESTA SFE,SUBCOMPACT,1,3,I,M5,X,7.6,5.7,6.8,42,158
2017,FORD,FIESTA ST,COMPACT,1.6,4,I,M6,X,9,7.1,8.2,34,192
2017,FORD,FOCUS (Start/Stop),COMPACT,1,3,I,AS6,X,8.5,6.2,7.5,38,176
2017,FORD,FOCUS (Start/Stop),COMPACT,1,3,I,M6,X,7.9,5.9,7,40,164
2017,FORD,FOCUS FFV,COMPACT,2,4,I,AM6,X,9.1,6.4,7.9,36,185
2017,FORD,FOCUS FFV,COMPACT,2,4,I,AS6,X,9.2,6.6,8,35,189
2017,FORD,FOCUS FFV,COMPACT,2,4,I,M5,X,9.5,7,8.3,34,195
2017,FORD,FOCUS RS AWD,MID-SIZE,2.3,4,I,M6,Z,12.2,9.4,10.9,26,256
2017,FORD,FOCUS ST,MID-SIZE,2,4,I,M6,X,10.5,7.8,9.3,30,219
2017,HONDA,ACCORD,MID-SIZE,2.4,4,I,AV7,X,9.2,6.9,8.2,34,190
2017,HONDA,ACCORD,MID-SIZE,2.4,4,I,M6,X,10.4,7.4,9,31,210
2017,HONDA,ACCORD SEDAN,MID-SIZE,2.4,4,I,AV,X,8.7,6.6,7.8,36,180
2017,HONDA,ACCORD SEDAN,MID-SIZE,3.5,6,I,A6,X,11.4,7.2,9.5,30,223
2017,HONDA,ACCORD HYBRID,MID-SIZE,2,4,I,AV,X,4.9,5.1,5,56,114
2017,HONDA,CIVIC SEDAN,MID-SIZE,1.5,4,I,AV,X,7.4,5.6,6.6,43,153
2017,HONDA,CIVIC SEDAN,MID-SIZE,2,4,I,AV,X,7.8,6,7,40,163
2017,HONDA,CIVIC SEDAN,MID-SIZE,2,4,I,M6,X,8.5,6,7.4,38,172
2017,HONDA,CIVIC HATCHBACK,FULL-SIZE,1.5,4,I,AV,X,7.7,6,6.9,41,162
2017,HONDA,CIVIC HATCHBACK,FULL-SIZE,1.5,4,I,AV7,X,7.9,6.6,7.3,39,170
2017,HONDA,CIVIC HATCHBACK,FULL-SIZE,1.5,4,I,AV7,Z,7.9,6.6,7.3,39,170
2017,HONDA,CIVIC HATCHBACK,FULL-SIZE,1.5,4,I,M6,X,8,6.2,7.2,39,167
2017,HONDA,CIVIC HATCHBACK,FULL-SIZE,1.5,4,I,M6,Z,8,6.2,7.2,39,167
2017,HONDA,CR-V,SUV - SMALL,1.5,4,I,AV,X,8.4,7,7.8,36,181
2017,HONDA,CR-V AWD,SUV - SMALL,1.5,4,I,AV,X,8.7,7.2,8,35,188
2017,HYUNDAI,ACCENT,COMPACT,1.6,4,I,AS6,X,8.9,6.6,7.9,36,182
2017,HYUNDAI,ACCENT,COMPACT,1.6,4,I,M6,X,8.8,6.5,7.8,36,184
2017,HYUNDAI,ELANTRA GT,MID-SIZE,2,4,I,AS6,X,9.8,7.3,8.7,32,206
2017,HYUNDAI,ELANTRA GT,MID-SIZE,2,4,I,M6,X,9.8,7.2,8.7,32,204
2017,HYUNDAI,IONIQ,FULL-SIZE,1.6,4,I,AM6,X,4.3,4.4,4.4,64,103
2017,HYUNDAI,IONIQ BLUE,FULL-SIZE,1.6,4,I,AM6,X,4.2,4,4.1,69,96
2017,HYUNDAI,SANTA FE,SUV - SMALL,3.3,6,I,AS6,X,12.9,9.4,11.3,25,265
2017,HYUNDAI,SANTA FE AWD,SUV - SMALL,3.3,6,I,AS6,X,13,9.7,11.5,25,269
2017,HYUNDAI,SANTA FE SPORT,SUV - SMALL,2.4,4,I,AS6,X,11.1,8.6,10,28,235
2017,HYUNDAI,SANTA FE SPORT AWD,SUV - SMALL,2,4,I,AS6,X,12.5,9.6,11.2,25,264
2017,HYUNDAI,SANTA FE SPORT AWD,SUV - SMALL,2.4,4,I,AS6,X,12,9.1,10.7,26,253
2017,HYUNDAI,SANTA FE ULTIMATE AWD,SUV - SMALL,3.3,6,I,AS6,X,13.9,10.8,12.5,23,295
2017,HYUNDAI,SONATA,FULL-SIZE,2,4,I,AS6,X,10.5,7.6,9.2,31,216
2017,HYUNDAI,SONATA,FULL-SIZE,2.4,4,I,AS6,X,9.4,6.7,8.2,34,194
2017,HYUNDAI,SONATA SPORT/LIMITED,FULL-SIZE,2.4,4,I,AS6,X,10,7.2,8.7,32,207
2017,HYUNDAI,SONATA HYBRID,MID-SIZE,2,4,I,AS6,X,6.3,5.7,6,47,143
2017,HYUNDAI,SONATA HYBRID SE,MID-SIZE,2,4,I,AS6,X,6,5.3,5.7,50,137
2017,HYUNDAI,TUCSON,SUV - SMALL,1.6,4,I,AM7,X,9.9,8.5,9.3,30,221
2017,HYUNDAI,TUCSON,SUV - SMALL,2,4,I,AS6,X,10.1,7.8,9,31,213
2017,HYUNDAI,TUCSON AWD,SUV - SMALL,2,4,I,AS6,X,11,9.1,10.2,28,241
2017,JAGUAR,XF 20d AWD,MID-SIZE,2,4,I,AS8,D,7.8,5.8,6.9,41,186
2017,JAGUAR,XF 35t AWD,MID-SIZE,3,6,I,AS8,Z,12,8.4,10.4,27,243
2017,JEEP,GRAND CHEROKEE 4X4,SUV - STANDARD,3.6,6,I,A8,X,12.7,9.6,11.3,25,265
2017,KIA,RIO,COMPACT,1.6,4,I,AS6,X,8.8,6.5,7.8,36,181
2017,KIA,RIO,COMPACT,1.6,4,I,M6,X,8.8,6.6,7.8,36,181
2017,KIA,SORENTO,SUV - SMALL,2.4,4,I,AS6,X,11.2,8.3,9.9,29,234
2017,KIA,SORENTO AWD,SUV - SMALL,2,4,I,AS6,X,12.3,9.4,11,26,259
2017,KIA,SORENTO AWD,SUV - SMALL,2.4,4,I,AS6,X,11.5,9.3,10.5,27,246
2017,KIA,SORENTO AWD,SUV - SMALL,3.3,6,I,AS6,X,14,10.1,12.2,23,289
2017,KIA,SORENTO AWD FE,SUV - SMALL,3.3,6,I,AS6,X,13.2,9.3,11.4,25,270
2017,KIA,SPORTAGE,SUV - SMALL,2.4,4,I,AS6,X,10.4,8,9.3,30,220
2017,KIA,SPORTAGE AWD,SUV - SMALL,2,4,I,AS6,X,11.9,10.2,11.1,25,263
2017,KIA,SPORTAGE AWD,SUV - SMALL,2.4,4,I,AS6,X,11.3,9.5,10.5,27,247
2017,LAND ROVER,DISCOVERY SPORT,SUV - SMALL,2,4,I,AS9,Z,12,9.2,10.7,26,252
2017,LAND ROVER,RANGE ROVER EVOQUE,SUV - SMALL,2,4,I,AS9,Z,11.3,8,9.8,29,231
2017,LAND ROVER,RANGE ROVER EVOQUE CONVERTIBLE,SUV - SMALL,2,4,I,AS9,Z,12,8.5,10.4,27,243
2017,LEXUS,IS 300 AWD,COMPACT,3.5,6,I,AS6,Z,12.6,9.2,11,26,258
2017,LEXUS,NX 300h AWD,SUV - SMALL,2.5,4,I,AV6,X,7.2,7.9,7.5,38,176
2017,MAZDA,CX-3,COMPACT,2,4,I,AS6,X,8.2,6.9,7.6,37,179
2017,MAZDA,CX-5,SUV - SMALL,2,4,I,M6,X,9.4,7.4,8.5,33,199
2017,MAZDA,CX-5,SUV - SMALL,2.5,4,I,AS6,X,9.8,7.7,8.6,33,204
2017,MAZDA,CX-5 4WD,SUV - SMALL,2.5,4,I,AS6,X,10.2,8.3,9.2,31,221
2017,MAZDA,MAZDA3 4-DOOR,COMPACT,2,4,I,AS6,X,8.4,6.4,7.5,38,176
2017,MAZDA,MAZDA3 4-DOOR,COMPACT,2,4,I,M6,X,8.5,6.2,7.5,38,175
2017,MAZDA,MAZDA3 4-DOOR (SIL),COMPACT,2,4,I,M6,X,8.5,6.2,7.5,38,175
2017,MAZDA,MAZDA3 4-DOOR,COMPACT,2.5,4,I,AS6,X,8.8,6.6,7.8,36,182
2017,MAZDA,MAZDA3 4-DOOR (i-ELOOP),COMPACT,2.5,4,I,AS6,X,8.5,6.4,7.6,37,176
2017,MAZDA,MAZDA3 4-DOOR (SIL),COMPACT,2.5,4,I,M6,X,9.3,6.9,8.2,34,194
2017,MAZDA,MAZDA3 5-DOOR,MID-SIZE,2,4,I,AS6,X,8.4,6.4,7.5,38,174
2017,MAZDA,MAZDA3 5-DOOR (SIL),MID-SIZE,2,4,I,M6,X,8.6,6.4,7.6,37,178
2017,MAZDA,MAZDA3 5-DOOR,MID-SIZE,2.5,4,I,AS6,X,9,6.7,7.8,36,183
2017,MAZDA,MAZDA3 5-DOOR (i-ELOOP),MID-SIZE,2.5,4,I,AS6,X,8.7,6.6,7.8,36,181
2017,MAZDA,MAZDA3 5-DOOR (SIL),MID-SIZE,2.5,4,I,M6,X,9.6,7,8.4,34,198
2017,MAZDA,MAZDA6,MID-SIZE,2.5,4,I,AS6,X,9.1,6.7,8,35,187
2017,MAZDA,MAZDA6 (i-ELOOP),MID-SIZE,2.5,4,I,AS6,X,8.9,6.7,7.9,36,186
2017,MAZDA,MAZDA6 (SIL),MID-SIZE,2.5,4,I,M6,X,9.8,6.9,8.4,34,196
2017,MITSUBISHI,LANCER,COMPACT,2,4,I,AV6,X,8.7,6.9,7.9,36,183
2017,MITSUBISHI,LANCER,COMPACT,2,4,I,M5,X,9.7,7.1,8.5,33,200
2017,MITSUBISHI,LANCER,COMPACT,2.4,4,I,AV6,X,9.9,7.7,8.9,32,206
2017,MITSUBISHI,LANCER,COMPACT,2.4,4,I,M5,X,10.5,7.8,9.3,30,218
2017,MITSUBISHI,LANCER 4WD,COMPACT,2.4,4,I,AV6,X,10.2,7.9,9.2,31,212
2017,MITSUBISHI,OUTLANDER,SUV - SMALL,2.4,4,I,AV6,X,9.2,7.5,8.4,34,197
2017,MITSUBISHI,OUTLANDER 4WD,SUV - SMALL,2.4,4,I,AV6,X,9.8,8.1,9,31,211
2017,MITSUBISHI,OUTLANDER 4WD,SUV - SMALL,3,6,I,AS6,Z,11.9,8.5,10.4,27,242
2017,NISSAN,PATHFINDER,SUV - SMALL,3.5,6,I,AV,X,11.6,8.5,10.2,28,240
2017,NISSAN,PATHFINDER 4WD,SUV - SMALL,3.5,6,I,AV,X,12.1,8.9,10.7,26,250
2017,NISSAN,PATHFINDER 4WD PLATINUM,SUV - SMALL,3.5,6,I,AV,X,12.4,9.2,11,26,258
2017,SUBARU,FORESTER AWD,SUV - SMALL,2,4,I,AV8,Z,10.2,8.6,9.5,30,223
2017,SUBARU,FORESTER AWD,SUV - SMALL,2.5,4,I,AV6,X,9.2,7.4,8.4,34,196
2017,SUBARU,FORESTER AWD,SUV - SMALL,2.5,4,I,M6,X,10.9,8.3,9.7,29,228
2017,SUBARU,IMPREZA 4-DOOR AWD,MID-SIZE,2,4,I,AV7,X,8.3,6.4,7.5,38,174
2017,SUBARU,IMPREZA 4-DOOR AWD,MID-SIZE,2,4,I,M5,X,10,7.5,8.9,32,208
2017,SUBARU,WRX AWD,COMPACT,2,4,I,AV8,Z,12.5,9.6,11.2,25,255
2017,SUBARU,WRX AWD,COMPACT,2,4,I,M6,Z,11.3,8.5,10,28,235
2017,SUBARU,WRX AWD,COMPACT,2.5,4,I,M6,Z,13.8,10.2,12.2,23,285
2017,TOYOTA,86,MINICOMPACT,2,4,I,AS6,Z,9.9,7.3,8.7,32,204
2017,TOYOTA,86,MINICOMPACT,2,4,I,M6,Z,11.3,8.3,9.9,29,232
2017,TOYOTA,CAMRY,MID-SIZE,2.5,4,I,AS6,X,9.8,7.1,8.6,33,199
2017,TOYOTA,CAMRY,MID-SIZE,3.5,6,I,AS6,X,11,7.8,9.6,29,224
2017,TOYOTA,CAMRY HYBRID LE,MID-SIZE,2.5,4,I,AV,X,5.6,6.2,5.9,48,137
2017,TOYOTA,CAMRY HYBRID XLE/SE,MID-SIZE,2.5,4,I,AV,X,5.8,6.3,6,47,141
2017,TOYOTA,COROLLA,MID-SIZE,1.8,4,I,AV,X,8.3,6.5,7.5,38,174
2017,TOYOTA,COROLLA,MID-SIZE,1.8,4,I,AV7,X,8.3,6.7,7.5,38,178
2017,TOYOTA,COROLLA,MID-SIZE,1.8,4,I,M6,X,8.4,6.5,7.5,38,176
2017,TOYOTA,PRIUS,MID-SIZE,1.8,4,I,AV,X,4.4,4.6,4.5,63,105
2017,TOYOTA,PRIUS c,COMPACT,1.5,4,I,AV,X,4.9,5.5,5.1,55,120
2017,TOYOTA,RAV4,SUV - SMALL,2.5,4,I,AS6,X,10.3,8,9.2,31,217
2017,TOYOTA,RAV4 LE/XLE,SUV - SMALL,2.5,4,I,AS6,X,10,7.8,9,31,210
2017,TOYOTA,RAV4 AWD,SUV - SMALL,2.5,4,I,AS6,X,10.5,8.3,9.5,30,222
2017,TOYOTA,RAV4 LIMITED/SE AWD,SUV - SMALL,2.5,4,I,AS6,X,10.7,8.4,9.7,29,226
2017,TOYOTA,RAV4 HYBRID AWD,SUV - SMALL,2.5,4,I,AV6,X,6.9,7.8,7.3,39,170
2017,VOLKSWAGEN,BEETLE,COMPACT,1.8,4,I,AS6,X,9.7,7.2,8.5,33,199
2017,VOLKSWAGEN,BEETLE,COMPACT,1.8,4,I,M5,X,9.5,7.1,8.4,34,198
2017,VOLKSWAGEN,GOLF,COMPACT,1.8,4,I,AS6,X,9.4,6.7,8.2,34,192
2017,VOLKSWAGEN,GOLF,COMPACT,1.8,4,I,M5,X,9.3,6.6,8.1,35,190
2017,VOLKSWAGEN,GOLF GTI,COMPACT,2,4,I,AM6,X,9.6,7.2,8.5,33,199
2017,VOLKSWAGEN,GOLF GTI,COMPACT,2,4,I,M6,X,9.7,7,8.5,33,198
2017,VOLKSWAGEN,GOLF R,COMPACT,2,4,I,AM6,Z,10.4,7.9,9.3,30,216
2017,VOLKSWAGEN,GOLF R,COMPACT,2,4,I,M6,Z,10.9,7.7,9.4,30,220
2017,VOLKSWAGEN,JETTA,COMPACT,1.4,4,I,AS6,X,8.5,6.2,7.4,38,175
2017,VOLKSWAGEN,JETTA,COMPACT,1.4,4,I,M5,X,8.3,5.9,7.2,39,168
2017,VOLKSWAGEN,JETTA,COMPACT,1.8,4,I,AM6,X,9.4,6.8,8.2,34,193
2017,VOLKSWAGEN,JETTA,COMPACT,2,4,I,AS6,X,9.8,7.4,8.7,32,205
2017,VOLKSWAGEN,JETTA,COMPACT,2,4,I,M6,X,10.2,7.2,8.9,32,208
2017,VOLKSWAGEN,PASSAT,MID-SIZE,1.8,4,I,AS6,X,10.1,7,8.7,32,204
2017,VOLKSWAGEN,PASSAT,MID-SIZE,3.6,6,I,AM6,X,11.9,8.5,10.4,27,242
2017,VOLKSWAGEN,TIGUAN,SUV - SMALL,2,4,I,AS6,Z,11.7,9.6,10.7,26,256
2017,VOLKSWAGEN,TIGUAN 4MOTION,SUV - SMALL,2,4,I,AS6,Z,12,10,11.1,25,263
2018,Audi,A3,Subcompact,2,4,I,AM7,X,9.1,6.8,8,35,188
2018,Audi,A3 quattro,Subcompact,2,4,I,AM6,X,9.7,7.5,8.7,32,205
2018,Audi,A4,Compact,2,4,I,AM7,Z,8.6,6.4,7.6,37,177
2018,Audi,A4 quattro,Compact,2,4,I,AM7,Z,10,7,8.7,32,203
2018,Audi,A4 quattro,Compact,2,4,I,M6,Z,9.9,7.1,8.7,32,204
2018,Audi,A5 quattro,Subcompact,2,4,I,AM7,Z,10,7,8.7,32,203
2018,Audi,A5 quattro,Subcompact,2,4,I,M6,Z,9.9,7.1,8.7,32,204
2018,Audi,A5 Cabriolet quattro,Subcompact,2,4,I,AM7,Z,10,7,8.7,32,203
2018,Audi,A5 Sportback quattro,Mid-size,2,4,I,AM7,Z,10,7,8.7,32,203
2018,Audi,A6 quattro,Mid-size,2,4,I,AS8,Z,10.6,7.5,9.2,31,216
2018,Audi,A6 quattro,Mid-size,3,6,I,AS8,Z,11.5,8.2,10,28,235
2018,Audi,A8,Full-size,3,6,I,AS8,Z,12.6,8,10.5,27,247
2018,Audi,A8,Full-size,4,8,V,AS8,Z,15.1,9.1,12.4,23,290
2018,Audi,A8L,Full-size,4,8,V,AS8,Z,15.1,9.1,12.4,23,290
2018,Audi,Q3,Compact,2,4,I,AS6,Z,11.6,8.3,10.1,28,236
2018,Audi,Q3 quattro,Compact,2,4,I,AS6,Z,11.9,8.4,10.3,27,240
2018,Audi,Q5,SUV: Small,2,4,I,AS7,Z,10.4,8.6,9.6,29,226
2018,Audi,Q7,SUV: Standard,2,4,I,AS8,Z,12.2,9.5,11,26,258
2018,Audi,Q7,SUV: Standard,3,6,I,AS8,Z,12.6,9.4,11.1,25,260
2018,Audi,RS 3,Subcompact,2.5,5,I,AM7,Z,12.4,8.3,10.5,27,248
2018,Audi,RS 5,Subcompact,2.9,6,I,AM8,Z,12.9,8.9,11.1,25,260
2018,Audi,RS 7,Mid-size,4,8,V,AS8,Z,17,9.6,13.7,21,318
2018,BMW,230i xDrive Cabriolet,Subcompact,2,4,I,AS8,Z,10.2,7.2,8.9,32,208
2018,BMW,230i Coupe,Subcompact,2,4,I,AS8,Z,9.8,6.8,8.4,34,197
2018,BMW,230i Coupe,Subcompact,2,4,I,M6,Z,11.1,7.3,9.4,30,219
2018,BMW,230i xDrive Coupe,Subcompact,2,4,I,AS8,Z,9.9,7.1,8.6,33,202
2018,BMW,328d xDrive,Compact,2,4,I,AS8,D,7.8,5.9,7,40,184
2018,BMW,530i xDrive,Mid-size,2,4,I,AS8,Z,10.2,7.2,8.9,32,208
2018,BMW,750i xDrive,Full-size,4.4,8,V,AS8,Z,14.7,9.6,12.4,23,292
2018,BMW,750i xDrive SWB,Full-size,4.4,8,V,AS8,Z,14.3,9.4,12.1,23,283
2018,BMW,X1 xDrive28i,SUV: Small,2,4,I,AS8,Z,10.7,7.5,9.3,30,217
2018,BMW,X2 xDrive28i,SUV: Small,2,4,I,AS8,Z,11,7.7,9.5,30,222
2018,BMW,X3 xDrive30i,SUV: Small,2,4,I,AS8,Z,10.8,8,9.5,30,223
2018,BMW,X3 M40i,SUV: Small,3,6,I,AS8,Z,11.7,8.6,10.3,27,241
2018,BMW,X5 xDrive35d,SUV: Standard,3,6,I,AS8,D,10.3,8,9.3,30,246
2018,BMW,X5 xDrive35i,SUV: Standard,3,6,I,AS8,Z,13,9.8,11.5,25,270
2018,BMW,X5 xDrive50i,SUV: Standard,4.4,8,V,AS8,Z,15.4,11.2,13.5,21,317
2018,BMW,X5 M,SUV: Standard,4.4,8,V,AS8,Z,16.6,12.1,14.6,19,341
2018,BMW,X6 xDrive35i,SUV: Standard,3,6,I,AS8,Z,13,9.8,11.5,25,270
2018,BMW,X6 xDrive50i,SUV: Standard,4.4,8,V,AS8,Z,15.4,11.2,13.5,21,317
2018,BMW,X6 M,SUV: Standard,4.4,8,V,AS8,Z,16.6,12.1,14.6,19,341
2018,Ford,Fiesta,Subcompact,1.6,4,I,AM6,X,8.6,6.4,7.6,37,179
2018,Ford,Fiesta,Subcompact,1.6,4,I,M5,X,8.6,6.7,7.8,36,182
2018,Ford,Fiesta ST,Subcompact,1.6,4,I,M6,X,9,7.1,8.2,34,192
2018,Ford,Focus,Compact,1,3,I,AS6,X,8.5,6.2,7.5,38,176
2018,Ford,Focus,Compact,1,3,I,M6,X,7.9,5.9,7,40,164
2018,Ford,Focus,Compact,2,4,I,AM6,X,8.9,6.1,7.7,37,179
2018,Ford,Focus,Compact,2,4,I,AS6,X,9.8,7,8.5,33,200
2018,Ford,Focus,Compact,2,4,I,M5,X,9.5,6.9,8.3,34,196
2018,Ford,Focus RS AWD,Mid-size,2.3,4,I,M6,Z,12.2,9,10.8,26,252
2018,Ford,Focus ST,Mid-size,2,4,I,M6,X,10.5,7.8,9.3,30,219
2018,Honda,Accord,Full-size,1.5,4,I,AV,X,7.9,6.3,7.2,39,168
2018,Honda,Accord,Full-size,1.5,4,I,AV7,X,8.2,6.8,7.6,37,177
2018,Honda,Accord,Full-size,1.5,4,I,M6,X,8.9,6.7,7.9,36,185
2018,Honda,Accord,Full-size,2,4,I,M6,X,10.7,7.3,9.2,31,214
2018,Honda,Accord Sport/Touring,Mid-size,2,4,I,AS10,X,10.4,7.4,9.1,31,211
2018,Honda,Accord Hybrid,Full-size,2,4,I,AV,X,5,5.1,5.1,55,118
2018,Honda,Civic Hatchback,Full-size,1.5,4,I,AV,X,7.7,6,6.9,41,162
2018,Honda,Civic Hatchback,Full-size,1.5,4,I,AV7,X,7.9,6.6,7.3,39,170
2018,Honda,Civic Hatchback,Full-size,1.5,4,I,M6,X,8,6.2,7.2,39,167
2018,Honda,Civic Sedan,Mid-size,1.5,4,I,AV,X,7.4,5.6,6.6,43,153
2018,Honda,Civic Sedan,Mid-size,2,4,I,AV,X,7.8,6,7,40,163
2018,Honda,Civic Sedan,Mid-size,2,4,I,M6,X,8.5,6,7.4,38,172
2018,Honda,CR-V,SUV: Small,1.5,4,I,AV,X,8.4,7,7.8,36,181
2018,Honda,CR-V AWD,SUV: Small,1.5,4,I,AV,X,8.7,7.2,8,35,188
2018,Hyundai,Accent,Compact,1.6,4,I,AS6,X,8.3,6.2,7.4,38,173
2018,Hyundai,Accent,Compact,1.6,4,I,M6,X,8.2,6.3,7.3,39,173
2018,Hyundai,Elantra GT,Full-size,1.6,4,I,AM7,X,9.2,7.1,8.3,34,194
2018,Hyundai,Elantra GT,Full-size,1.6,4,I,M6,X,10.7,8.1,9.6,29,226
2018,Hyundai,Elantra GT,Full-size,2,4,I,AS6,X,9.4,7.2,8.4,34,198
2018,Hyundai,Elantra GT,Full-size,2,4,I,M6,X,9.8,7.3,8.7,32,205
2018,Hyundai,IONIQ,Full-size,1.6,4,I,AM6,X,4.3,4.4,4.3,66,102
2018,Hyundai,IONIQ Blue,Full-size,1.6,4,I,AM6,X,4.2,4,4.1,69,96
2018,Hyundai,Santa Fe,SUV: Small,3.3,6,I,AS6,X,12.9,9.4,11.3,25,265
2018,Hyundai,Santa Fe AWD,SUV: Small,3.3,6,I,AS6,X,13,9.7,11.5,25,269
2018,Hyundai,Santa Fe Ultimate AWD,SUV: Small,3.3,6,I,AS6,X,13.9,10.8,12.5,23,295
2018,Hyundai,Santa Fe Sport,SUV: Small,2.4,4,I,AS6,X,11.1,8.6,10,28,235
2018,Hyundai,Santa Fe Sport AWD,SUV: Small,2.4,4,I,AS6,X,12,9.1,10.7,26,253
2018,Hyundai,Santa Fe Sport Ultimate AWD,SUV: Small,2,4,I,AS6,X,12.5,9.6,11.2,25,264
2018,Hyundai,Sonata,Full-size,2,4,I,AS8,X,10.4,7.4,9.1,31,212
2018,Hyundai,Sonata,Full-size,2.4,4,I,AS6,X,9.8,6.9,8.5,33,202
2018,Hyundai,Sonata Hybrid,Mid-size,2,4,I,AM6,X,6,5.3,5.7,50,135
2018,Hyundai,Sonata Hybrid SE,Mid-size,2,4,I,AM6,X,5.9,5.1,5.6,50,132
2018,Hyundai,Tucson,SUV: Small,2,4,I,AS6,X,10.1,7.8,9,31,213
2018,Hyundai,Tucson AWD,SUV: Small,1.6,4,I,AM7,X,9.9,8.5,9.3,30,221
2018,Hyundai,Tucson AWD,SUV: Small,2,4,I,AS6,X,11,9.1,10.2,28,241
2018,Jaguar,XF 20d AWD,Mid-size,2,4,I,AS8,D,7.8,5.8,6.9,41,186
2018,Jaguar,XF 25t AWD,Mid-size,2,4,I,AS8,Z,10.1,7.2,8.8,32,207
2018,Jaguar,XF 35t AWD,Mid-size,3,6,I,AS8,Z,12,8.4,10.4,27,243
2018,Jeep,Grand Cherokee 4X4,SUV: Standard,3,6,I,A8,D,11.2,8.5,10,28,268
2018,Jeep,Grand Cherokee 4X4,SUV: Standard,3.6,6,I,A8,X,12.7,9.6,11.3,25,265
2018,Kia,Rio,Compact,1.6,4,I,AS6,X,8.5,6.4,7.5,38,177
2018,Kia,Rio,Compact,1.6,4,I,M6,X,8.3,6.4,7.5,38,175
2018,Kia,Sorento,SUV: Small,2.4,4,I,AS6,X,11.2,8.3,9.9,29,234
2018,Kia,Sorento AWD,SUV: Small,2,4,I,AS6,X,12.3,9.4,11,26,259
2018,Kia,Sorento AWD,SUV: Small,2.4,4,I,AS6,X,11.5,9.3,10.5,27,246
2018,Kia,Sorento AWD,SUV: Small,3.3,6,I,AS6,X,14,10.1,12.2,23,289
2018,Kia,Sorento AWD FE,SUV: Small,3.3,6,I,AS6,X,13.2,9.3,11.4,25,270
2018,Kia,Sportage,SUV: Small,2.4,4,I,AS6,X,10.3,7.8,9.2,31,218
2018,Kia,Sportage AWD,SUV: Small,2,4,I,AS6,X,11.9,10.2,11.1,25,263
2018,Kia,Sportage AWD,SUV: Small,2.4,4,I,AS6,X,11.3,9.5,10.5,27,247
2018,Land Rover,Discovery Sport,SUV: Small,2,4,I,AS9,Z,11.4,9.3,10.5,27,246
2018,Land Rover,Range Rover Evoque,SUV: Small,2,4,I,AS9,Z,10.9,8,9.6,29,225
2018,Land Rover,Range Rover Evoque Convertible,SUV: Small,2,4,I,AS9,Z,11.2,8.2,9.8,29,231
2018,Land Rover,Range Rover Velar,SUV: Small,2,4,I,AS8,D,9.2,7.8,8.5,33,229
2018,Land Rover,Range Rover Velar,SUV: Small,3,6,I,AS8,Z,13,10,11.6,24,273
2018,Lexus,IS 300,Compact,2,4,I,AS8,Z,10.6,7.3,9.1,31,214
2018,Lexus,IS 300 AWD,Compact,3.5,6,I,AS6,Z,12.3,9.1,10.9,26,254
2018,Lexus,LS 500,Mid-size,3.4,6,I,AS10,Z,12.2,7.8,10.2,28,240
2018,Lexus,LS 500h,Mid-size,3.5,6,I,AV10,Z,9.4,7.1,8.4,34,195
2018,Lexus,NX 300 AWD,SUV: Small,2,4,I,AS6,Z,10.6,8.5,9.7,29,226
2018,Lexus,NX 300h AWD,SUV: Small,2.5,4,I,AV6,X,7.2,7.9,7.5,38,176
2018,Mazda,CX-3,Compact,2,4,I,AS6,X,8.2,6.9,7.6,37,180
2018,Mazda,CX-3,Compact,2,4,I,M6,X,9,7,8.1,35,189
2018,Mazda,CX-5 ,SUV: Small,2,4,I,M6,X,9.7,7.7,8.8,32,206
2018,Mazda,CX-5,SUV: Small,2.5,4,I,AS6,X,9.7,7.8,8.8,32,206
2018,Mazda,CX-5 (Cylinder Deactivation),SUV: Small,2.5,4,I,AS6,X,9.3,7.6,8.5,33,201
2018,Mazda,CX-5 4WD,SUV: Small,2.5,4,I,AS6,X,10.2,8.2,9.3,30,217
2018,Mazda,CX-5 4WD (Cylinder Deactivation),SUV: Small,2.5,4,I,AS6,X,9.8,7.9,9,31,209
2018,Mazda,Mazda3 4-Door,Compact,2,4,I,AS6,X,8.4,6.4,7.5,38,176
2018,Mazda,Mazda3 4-Door,Compact,2,4,I,M6,X,8.5,6.2,7.5,38,175
2018,Mazda,Mazda3 4-Door (SIL),Compact,2,4,I,M6,X,8.5,6.2,7.5,38,175
2018,Mazda,Mazda3 4-Door,Compact,2.5,4,I,AS6,X,8.8,6.6,7.8,36,182
2018,Mazda,Mazda3 4-Door (i-ELOOP),Compact,2.5,4,I,AS6,X,8.5,6.4,7.6,37,176
2018,Mazda,Mazda3 4-Door (SIL),Compact,2.5,4,I,M6,X,9.3,6.9,8.2,34,194
2018,Mazda,Mazda3 5-Door,Mid-size,2,4,I,AS6,X,8.4,6.4,7.5,38,174
2018,Mazda,Mazda3 5-Door (SIL),Mid-size,2,4,I,M6,X,8.6,6.4,7.6,37,178
2018,Mazda,Mazda3 5-Door,Mid-size,2.5,4,I,AS6,X,9,6.7,7.8,36,187
2018,Mazda,Mazda3 5-Door (i-ELOOP),Mid-size,2.5,4,I,AS6,X,8.7,6.6,7.8,36,181
2018,Mazda,Mazda3 5-Door (SIL),Mid-size,2.5,4,I,M6,X,9.6,7,8.4,34,198
2018,Mazda,Mazda6,Mid-size,2.5,4,I,AS6,X,9.1,6.7,8,35,187
2018,Mazda,Mazda6 Turbo,Mid-size,2.5,4,I,AS6,X,10,7.5,8.9,32,208
2018,Mitsubishi,Outlander 4WD,SUV: Small,2.4,4,I,AV6,X,9.9,8.1,9.1,31,212
2018,Mitsubishi,Outlander 4WD,SUV: Small,3,6,I,AS6,Z,12,8.8,10.6,27,248
2018,Nissan,Pathfinder,SUV: Small,3.5,6,I,AV,X,11.6,8.5,10.2,28,240
2018,Nissan,Pathfinder 4WD,SUV: Small,3.5,6,I,AV,X,12.1,8.9,10.7,26,250
2018,Nissan,Pathfinder 4WD Platinum,SUV: Small,3.5,6,I,AV,X,12.4,9.2,11,26,259
2018,Subaru,Forester AWD,SUV: Small,2,4,I,AV8,Z,10.2,8.6,9.5,30,223
2018,Subaru,Forester AWD,SUV: Small,2.5,4,I,AV6,X,9.2,7.4,8.4,34,196
2018,Subaru,Forester AWD,SUV: Small,2.5,4,I,M6,X,10.9,8.3,9.7,29,228
2018,Subaru,Impreza 4-Door AWD,Mid-size,2,4,I,AV7,X,8.3,6.4,7.5,38,174
2018,Subaru,Impreza 4-Door AWD,Mid-size,2,4,I,M5,X,10,7.5,8.9,32,208
2018,Subaru,WRX AWD,Compact,2,4,I,AV8,Z,12.6,9.6,11.2,25,256
2018,Subaru,WRX AWD,Compact,2,4,I,M6,Z,11.3,8.5,10,28,235
2018,Subaru,WRX STI AWD,Compact,2.5,4,I,M6,Z,14.1,10.5,12.5,23,291
2018,Subaru,WRX STI AWD Type RA,Compact,2.5,4,I,M6,Z,14.3,10.9,12.8,22,296
2018,Toyota,86,Minicompact,2,4,I,AS6,Z,9.9,7.3,8.7,32,204
2018,Toyota,86,Minicompact,2,4,I,M6,Z,11.3,8.3,9.9,29,232
2018,Toyota,Camry,Mid-size,2.5,4,I,AS8,X,8.1,5.7,6.9,41,164
2018,Toyota,Camry LE/SE,Mid-size,2.5,4,I,AS8,X,8.4,6,7.3,39,172
2018,Toyota,Camry XLE/XSE,Mid-size,2.5,4,I,AS8,X,8.5,6.1,7.4,38,173
2018,Toyota,Camry,Mid-size,3.5,6,I,AS8,X,10.5,7.1,9,31,210
2018,Toyota,Camry XSE,Mid-size,3.5,6,I,AS8,X,10.7,7.4,9.2,31,215
2018,Toyota,Camry Hybrid LE,Mid-size,2.5,4,I,AV6,X,4.9,4.8,4.9,58,113
2018,Toyota,Camry Hybrid XLE/SE,Mid-size,2.5,4,I,AV6,X,5.3,5,5.1,55,121
2018,Toyota,C-HR,Compact,2,4,I,AV7,X,8.7,7.5,8.2,34,189
2018,Toyota,Corolla,Mid-size,1.8,4,I,AV,X,8.3,6.5,7.5,38,174
2018,Toyota,Corolla,Mid-size,1.8,4,I,AV7,X,8.3,6.7,7.5,38,178
2018,Toyota,Corolla,Mid-size,1.8,4,I,M6,X,8.5,6.6,7.6,37,178
2018,Toyota,Prius,Mid-size,1.8,4,I,AV,X,4.3,4.6,4.5,63,105
2018,Toyota,Prius c,Compact,1.5,4,I,AV,X,4.9,5.5,5.1,55,120
2018,Toyota,RAV4 LE/XLE,SUV: Small,2.5,4,I,AS6,X,10,7.8,9,31,210
2018,Toyota,RAV4 AWD,SUV: Small,2.5,4,I,AS6,X,10.5,8.3,9.5,30,222
2018,Toyota,RAV4 Limited/SE AWD,SUV: Small,2.5,4,I,AS6,X,10.7,8.4,9.7,29,226
2018,Toyota,RAV4 Hybrid AWD,SUV: Small,2.5,4,I,AV6,X,6.9,7.8,7.3,39,171
2018,Volkswagen,Beetle,Compact,2,4,I,AS6,X,9,7.2,8.2,34,191
2018,Volkswagen,Golf,Compact,1.8,4,I,AS6,X,9.6,7.2,8.5,33,199
2018,Volkswagen,Golf,Compact,1.8,4,I,M5,X,9.3,6.9,8.2,34,192
2018,Volkswagen,Golf GTI,Compact,2,4,I,AM6,X,9.6,7.3,8.6,33,200
2018,Volkswagen,Golf GTI,Compact,2,4,I,M6,X,9.6,7.2,8.5,33,199
2018,Volkswagen,Golf R,Compact,2,4,I,AM7,Z,10.6,8,9.4,30,220
2018,Volkswagen,Golf R,Compact,2,4,I,M6,Z,11.1,8.1,9.8,29,227
2018,Volkswagen,Passat,Mid-size,2,4,I,AS6,X,9.3,6.5,8.1,35,188
2018,Volkswagen,Passat,Mid-size,3.6,6,I,AM6,X,12.2,8.5,10.6,27,246
2018,Volkswagen,Tiguan,SUV: Small,2,4,I,AS8,X,10.6,8.7,9.8,29,229
2018,Volkswagen,Tiguan 4MOTION,SUV: Small,2,4,I,AS8,X,11.3,8.8,10.2,28,237
2019,Audi,A3,Subcompact,2,4,I,AM7,X,9.1,6.8,8.1,35,188
2019,Audi,A3 quattro,Subcompact,2,4,I,AM7,X,10.9,7.9,9.6,29,225
2019,Audi,A4,Compact,2,4,I,AM7,Z,8.6,6.9,7.8,36,182
2019,Audi,A4 quattro,Compact,2,4,I,AM7,Z,10,7,8.7,32,204
2019,Audi,A5 quattro,Subcompact,2,4,I,AM7,Z,10,7,8.7,32,204
2019,Audi,A5 Cabriolet quattro,Subcompact,2,4,I,AM7,Z,10,7,8.7,32,204
2019,Audi,A5 Sportback quattro,Mid-size,2,4,I,AM7,Z,10,7,8.7,32,204
2019,Audi,A6 quattro,Mid-size,3,6,I,AM7,Z,10.7,8.2,9.6,29,224
2019,Audi,A8L,Full-size,3,6,I,AS8,Z,12.5,8.6,10.8,26,252
2019,Audi,Q3 quattro,SUV: Small,2,4,I,AS8,X,12.3,8.6,10.6,27,248
2019,Audi,Q5,SUV: Small,2,4,I,AM7,Z,10.9,8.7,9.9,29,230
2019,Audi,Q7,SUV: Standard,2,4,I,AS8,Z,12.2,9.5,11,26,258
2019,Audi,Q7,SUV: Standard,3,6,I,AS8,Z,12.6,9.4,11.1,25,260
2019,Audi,Q8,SUV: Standard,3,6,I,AS8,Z,14,10.7,12.5,23,294
2019,Audi,RS 3,Subcompact,2.5,5,I,AM7,Z,12.4,8.4,10.6,27,247
2019,Audi,RS 5 Coupe,Subcompact,2.9,6,I,AS8,Z,13.3,8.7,11.3,25,262
2019,Audi,RS 5 Sportback,Mid-size,2.9,6,I,AS8,Z,13.5,9,11.5,25,268
2019,BMW,230i xDrive Cabriolet,Subcompact,2,4,I,AS8,Z,10.2,7.2,8.8,32,207
2019,BMW,230i Coupe,Subcompact,2,4,I,AS8,Z,9.8,6.8,8.5,33,198
2019,BMW,230i Coupe,Subcompact,2,4,I,M6,Z,11.1,7.3,9.4,30,219
2019,BMW,230i xDrive Coupe,Subcompact,2,4,I,AS8,Z,9.9,7.1,8.6,33,202
2019,BMW,530i xDrive,Mid-size,2,4,I,AS8,Z,10.2,7.2,8.8,32,207
2019,BMW,750i xDrive,Full-size,4.4,8,V,AS8,Z,13.3,9.2,11.5,25,269
2019,BMW,750Li xDrive,Full-size,4.4,8,V,AS8,Z,14,9.6,12,24,282
2019,BMW,M5,Mid-size,4.4,8,V,AS8,Z,16,11.2,13.9,20,324
2019,BMW,X1 xDrive28i,SUV: Small,2,4,I,AS8,Z,10.7,7.5,9.3,30,217
2019,BMW,X2 xDrive28i,SUV: Small,2,4,I,AS8,Z,11,7.7,9.5,30,222
2019,BMW,X2 M35i,SUV: Small,2,4,I,AS8,Z,10.3,8,9.3,30,217
2019,BMW,X3 xDrive30i,SUV: Small,2,4,I,AS8,Z,10.8,8,9.6,29,223
2019,BMW,X3 M40i,SUV: Small,3,6,I,AS8,Z,11.9,8.7,10.4,27,245
2019,BMW,X5 xDrive40i,SUV: Standard,3,6,I,AS8,Z,11.7,9.1,10.5,27,245
2019,BMW,X5 xDrive50i,SUV: Standard,4.4,8,V,AS8,Z,15.3,11.1,13.4,21,314
2019,BMW,X6 xDrive35i,SUV: Standard,3,6,I,AS8,Z,13,9.9,11.6,24,272
2019,BMW,X6 xDrive50i,SUV: Standard,4.4,8,V,AS8,Z,14.3,10.6,12.6,22,294
2019,BMW,X6 M,SUV: Standard,4.4,8,V,AS8,Z,16.6,12.1,14.6,19,341
2019,BMW,X7 xDrive40i,SUV: Standard,3,6,I,AS8,Z,12,9.4,10.8,26,254
2019,BMW,X7 xDrive50i,SUV: Standard,4.4,8,V,AS8,Z,14.3,10.6,12.6,22,294
2019,Ford,Fiesta,Subcompact,1.6,4,I,AM6,X,8.6,6.4,7.6,37,178
2019,Ford,Fiesta,Subcompact,1.6,4,I,M5,X,8.8,6.8,7.9,36,184
2019,Ford,Fiesta ST,Subcompact,1.6,4,I,M6,X,9.2,7.4,8.4,34,196
2019,Honda,Accord,Full-size,1.5,4,I,AV,X,7.9,6.3,7.2,39,168
2019,Honda,Accord,Full-size,1.5,4,I,AV7,X,8.2,6.8,7.6,37,177
2019,Honda,Accord,Full-size,1.5,4,I,M6,X,8.9,6.7,7.9,36,185
2019,Honda,Accord,Full-size,2,4,I,M6,X,10.7,7.3,9.2,31,214
2019,Honda,Accord Sport/Touring,Mid-size,2,4,I,AS10,X,10.4,7.4,9.1,31,211
2019,Honda,Accord Hybrid,Full-size,2,4,I,AV,X,5,5,5,56,117
2019,Honda,Civic Hatchback,Full-size,1.5,4,I,AV,X,7.7,6,6.9,41,162
2019,Honda,Civic Hatchback,Full-size,1.5,4,I,AV7,X,7.9,6.6,7.3,39,170
2019,Honda,Civic Hatchback,Full-size,1.5,4,I,M6,X,8,6.2,7.2,39,167
2019,Honda,Civic Sedan,Mid-size,1.5,4,I,AV7,X,7.8,6.2,7.1,40,165
2019,Honda,Civic Sedan,Mid-size,2,4,I,AV,X,7.9,6.1,7.1,40,167
2019,Honda,Civic Sedan,Mid-size,2,4,I,AV7,X,8.2,6.5,7.4,38,172
2019,Honda,Civic Sedan,Mid-size,2,4,I,M6,X,9.3,6.5,8,35,186
2019,Honda,CR-V,SUV: Small,1.5,4,I,AV,X,8.4,7,7.8,36,181
2019,Honda,CR-V AWD,SUV: Small,1.5,4,I,AV,X,8.7,7.2,8,35,188
2019,Honda,Insight EX,Mid-size,1.5,4,I,AV,X,4.6,5.3,4.9,58,114
2019,Honda,Insight Touring,Mid-size,1.5,4,I,AV,X,4.6,5.3,4.9,58,114
2019,Hyundai,Accent,Compact,1.6,4,I,AS6,X,8.2,6.2,7.3,39,172
2019,Hyundai,Accent,Compact,1.6,4,I,M6,X,8.2,6.3,7.3,39,173
2019,Hyundai,Elantra GT,Full-size,1.6,4,I,AM7,X,9.7,7.4,8.6,33,205
2019,Hyundai,Elantra GT,Full-size,1.6,4,I,M6,X,10.3,7.9,9.2,31,218
2019,Hyundai,Elantra GT,Full-size,2,4,I,AS6,X,9.4,7.1,8.4,34,200
2019,Hyundai,Elantra GT,Full-size,2,4,I,M6,X,9.8,7.4,8.7,32,207
2019,Hyundai,IONIQ,Full-size,1.6,4,I,AM6,X,4.3,4.4,4.3,66,104
2019,Hyundai,IONIQ Blue,Full-size,1.6,4,I,AM6,X,4.2,4,4.1,69,96
2019,Hyundai,Santa Fe,SUV: Small,2.4,4,I,AS8,X,10.8,8,9.6,29,225
2019,Hyundai,Santa Fe AWD,SUV: Small,2,4,I,AS8,X,12.3,9.8,11.2,25,262
2019,Hyundai,Santa Fe AWD,SUV: Small,2.4,4,I,AS8,X,11.2,8.7,10.1,28,237
2019,Hyundai,Santa Fe XL,SUV: Small,3.3,6,I,AS6,X,13.2,9.4,11.5,25,268
2019,Hyundai,Santa Fe XL AWD,SUV: Small,3.3,6,I,AS6,X,13.4,9.7,11.7,24,276
2019,Hyundai,Santa Fe XL Ultimate AWD,SUV: Small,3.3,6,I,AS6,X,14.1,10.8,12.6,22,297
2019,Hyundai,Sonata,Full-size,2,4,I,AS8,X,10.4,7.4,9.1,31,212
2019,Hyundai,Sonata,Full-size,2.4,4,I,AS6,X,9.3,7.1,8.3,34,198
2019,Hyundai,Sonata SE,Full-size,2.4,4,I,AS6,X,9.2,6.8,8.1,35,190
2019,Hyundai,Sonata Hybrid,Mid-size,2,4,I,AM6,X,6,5.3,5.7,50,135
2019,Hyundai,Sonata Hybrid SE,Mid-size,2,4,I,AM6,X,5.9,5.1,5.6,50,132
2019,Hyundai,Tucson,SUV: Small,2,4,I,AS6,X,10,7.9,9.1,31,216
2019,Hyundai,Tucson AWD,SUV: Small,2,4,I,AS6,X,10.8,9.2,10.1,28,239
2019,Hyundai,Tucson AWD,SUV: Small,2.4,4,I,AS6,X,11,9.1,10.1,28,240
2019,Jaguar,XF 20d AWD,Mid-size,2,4,I,AS8,D,7.8,5.8,6.9,41,186
2019,Jaguar,XF 25t AWD,Mid-size,2,4,I,AS8,Z,10.1,7.2,8.8,32,207
2019,Jaguar,XF 35t AWD,Mid-size,3,6,I,AS8,Z,12,8.4,10.4,27,243
2019,Jeep,Grand Cherokee 4X4,SUV: Standard,3.6,6,I,A8,X,12.7,9.6,11.3,25,265
2019,Jeep,Grand Cherokee 4X4 EcoDiesel,SUV: Standard,3,6,I,A8,D,11.2,8.5,10,28,268
2019,Kia,Rio,Compact,1.6,4,I,AS6,X,8.5,6.4,7.5,38,177
2019,Kia,Rio,Compact,1.6,4,I,M6,X,8.3,6.4,7.5,38,175
2019,Kia,Sorento,SUV: Small,2.4,4,I,AS6,X,10.7,8.2,9.6,29,225
2019,Kia,Sorento AWD,SUV: Small,2.4,4,I,AS6,X,11.2,9,10.2,28,242
2019,Kia,Sorento AWD,SUV: Small,3.3,6,I,AS8,X,12.5,9.7,11.2,25,265
2019,Kia,Sportage,SUV: Small,2.4,4,I,AS6,X,10.3,7.8,9.2,31,218
2019,Kia,Sportage AWD,SUV: Small,2,4,I,AS6,X,11.9,10.2,11.1,25,263
2019,Kia,Sportage AWD,SUV: Small,2.4,4,I,AS6,X,11.3,9.5,10.5,27,247
2019,Land Rover,Discovery,SUV: Standard,3,6,I,AS8,Z,14.8,11.4,13.3,21,311
2019,Land Rover,Discovery Td6 Diesel,SUV: Standard,3,6,I,AS8,D,11.3,9.2,10.4,27,279
2019,Land Rover,Discovery Sport,SUV: Small,2,4,I,AS9,Z,11.4,9.3,10.5,27,246
2019,Land Rover,Range Rover 3.0,SUV: Standard,3,6,I,AS8,Z,14.1,10.3,12.4,23,291
2019,Land Rover,Range Rover Td6 Diesel,SUV: Standard,3,6,I,AS8,D,10.7,8.3,9.6,29,256
2019,Land Rover,Range Rover 5.0 Supercharged,SUV: Standard,5,8,V,AS8,Z,14.4,11.3,13,22,305
2019,Land Rover,Range Rover SVAutobiography LWB,SUV: Standard,5,8,V,AS8,Z,17.9,12.7,15.5,18,365
2019,Land Rover,Range Rover Sport 3.0,SUV: Standard,3,6,I,AS8,Z,14.1,10.3,12.4,23,291
2019,Land Rover,Range Rover Sport Td6 Diesel,SUV: Standard,3,6,I,AS8,D,10.7,8.3,9.6,29,256
2019,Land Rover,Range Rover Sport Supercharged,SUV: Standard,5,8,V,AS8,Z,14.1,10.7,12.6,22,294
2019,Land Rover,Range Rover Evoque,SUV: Small,2,4,I,AS9,Z,10.9,8,9.6,29,225
2019,Land Rover,Range Rover Evoque Convertible,SUV: Small,2,4,I,AS9,Z,11.2,8.2,9.8,29,231
2019,Land Rover,Range Rover Velar D180,SUV: Small,2,4,I,AS8,D,9.2,7.8,8.5,33,229
2019,Land Rover,Range Rover Velar P300,SUV: Small,2,4,I,AS8,Z,11.7,9.2,10.6,27,248
2019,Land Rover,Range Rover Velar P380,SUV: Small,3,6,I,AS8,Z,13,10,11.6,24,273
2019,Lexus,IS 300,Compact,2,4,I,AS8,Z,11,7.6,9.5,30,220
2019,Lexus,IS 300 AWD,Compact,3.5,6,I,AS6,Z,12.3,9.1,10.9,26,254
2019,Lexus,NX 300 AWD,SUV: Small,2,4,I,AS6,Z,10.7,8.5,9.7,29,226
2019,Lexus,NX 300h AWD,SUV: Small,2.5,4,I,AV6,X,7.2,7.9,7.5,38,176
2019,Mazda,CX-3,Compact,2,4,I,AS6,X,8.3,6.9,7.7,37,179
2019,Mazda,CX-3,Compact,2,4,I,M6,X,8.8,7,8,35,186
2019,Mazda,CX-5,SUV: Small,2,4,I,M6,X,9.7,7.7,8.8,32,206
2019,Mazda,CX-5,SUV: Small,2.5,4,I,AS6,X,9.7,7.8,8.8,32,206
2019,Mazda,CX-5 (Cylinder Deactivation),SUV: Small,2.5,4,I,AS6,X,9.3,7.6,8.5,33,201
2019,Mazda,CX-5 4WD,SUV: Small,2.5,4,I,AS6,X,10.2,8.2,9.3,30,217
2019,Mazda,CX-5 4WD (Cylinder Deactivation),SUV: Small,2.5,4,I,AS6,X,9.8,7.9,9,31,209
2019,Mazda,CX-5 Turbo 4WD,SUV: Small,2.5,4,I,AS6,X,10.8,8.7,9.8,29,230
2019,Mazda,CX-5 Diesel 4WD,SUV: Small,2.2,4,I,AS6,D,8.9,7.9,8.4,34,227
2019,Mazda,Mazda3 4-Door,Compact,2,4,I,AS6,X,8.4,6.6,7.6,37,178
2019,Mazda,Mazda3 4-Door (SIL),Compact,2,4,I,M6,X,8.7,6.4,7.7,37,180
2019,Mazda,Mazda3 4-Door,Compact,2.5,4,I,AS6,X,8.8,6.4,7.7,37,181
2019,Mazda,Mazda3 4-Door (Cylinder Deactivation),Compact,2.5,4,I,AS6,X,8.8,6.6,7.8,36,183
2019,Mazda,Mazda3 4-Door 4WD,Compact,2.5,4,I,AS6,X,9.2,7,8.2,34,192
2019,Mazda,Mazda3 5-Door,Mid-size,2,4,I,AS6,X,8.6,6.7,7.7,37,181
2019,Mazda,Mazda3 5-Door (SIL),Mid-size,2,4,I,M6,X,8.7,6.6,7.8,36,181
2019,Mazda,Mazda3 5-Door,Mid-size,2.5,4,I,AS6,X,9,6.8,8,35,187
2019,Mazda,Mazda3 5-Door,Mid-size,2.5,4,I,M6,X,9.2,6.6,8.1,35,189
2019,Mazda,Mazda3 5-Door 4WD,Mid-size,2.5,4,I,AS6,X,9.8,7.4,8.7,32,204
2019,Mazda,Mazda6,Mid-size,2.5,4,I,AS6,X,9.1,6.7,8,35,187
2019,Mazda,Mazda6 Turbo,Mid-size,2.5,4,I,AS6,X,10,7.5,8.9,32,208
2019,Mitsubishi,Outlander 4WD,SUV: Small,2.4,4,I,AV6,X,9.9,8.1,9.1,31,212
2019,Mitsubishi,Outlander 4WD,SUV: Small,3,6,I,AS6,Z,12,8.8,10.6,27,246
2019,Nissan,Pathfinder,SUV: Small,3.5,6,I,AV,X,11.6,8.5,10.2,28,240
2019,Nissan,Pathfinder 4WD,SUV: Small,3.5,6,I,AV,X,12.1,8.9,10.7,26,250
2019,Nissan,Pathfinder 4WD Platinum,SUV: Small,3.5,6,I,AV,X,12.4,9.2,11,26,259
2019,Subaru,Forester AWD,SUV: Small,2.5,4,I,AV7,X,9,7.2,8.2,34,192
2019,Subaru,Impreza 4-Door AWD,Mid-size,2,4,I,AV7,X,8.3,6.4,7.5,38,174
2019,Subaru,Impreza 4-Door AWD,Mid-size,2,4,I,M5,X,10.1,7.5,8.9,32,209
2019,Subaru,WRX AWD,Compact,2,4,I,AV8,Z,12.6,9.6,11.2,25,256
2019,Subaru,WRX AWD,Compact,2,4,I,M6,Z,11.3,8.5,10,28,235
2019,Subaru,WRX STI AWD,Compact,2.5,4,I,M6,Z,14.3,10.7,12.7,22,296
2019,Toyota,86,Minicompact,2,4,I,AS6,Z,9.9,7.3,8.7,32,204
2019,Toyota,86,Minicompact,2,4,I,M6,Z,11.3,8.3,9.9,29,232
2019,Toyota,Camry,Mid-size,2.5,4,I,AS8,X,8.1,5.7,6.9,41,164
2019,Toyota,Camry LE/SE,Mid-size,2.5,4,I,AS8,X,8.4,6.1,7.4,38,173
2019,Toyota,Camry XLE/XSE,Mid-size,2.5,4,I,AS8,X,8.5,6.2,7.5,38,175
2019,Toyota,Camry,Mid-size,3.5,6,I,AS8,X,10.5,7.1,9,31,210
2019,Toyota,Camry XSE,Mid-size,3.5,6,I,AS8,X,10.7,7.4,9.2,31,215
2019,Toyota,Camry Hybrid LE,Mid-size,2.5,4,I,AV6,X,4.9,4.8,4.9,58,113
2019,Toyota,Camry Hybrid XLE/SE,Mid-size,2.5,4,I,AV6,X,5.3,5,5.1,55,121
2019,Toyota,C-HR,Compact,2,4,I,AS7,X,8.7,7.5,8.2,34,189
2019,Toyota,Corolla,Mid-size,1.8,4,I,AV,X,8.3,6.5,7.5,38,174
2019,Toyota,Corolla,Mid-size,1.8,4,I,AV7,X,8.3,6.7,7.6,37,178
2019,Toyota,Corolla,Mid-size,1.8,4,I,M6,X,8.5,6.6,7.6,37,178
2019,Toyota,Corolla Hatchback,Compact,2,4,I,AV10,X,7.5,5.8,6.7,42,157
2019,Toyota,Corolla Hatchback,Compact,2,4,I,M6,X,8.4,6.3,7.5,38,174
2019,Toyota,Prius,Mid-size,1.8,4,I,AV,X,4.4,4.6,4.4,64,105
2019,Toyota,Prius AWD,Mid-size,1.8,4,I,AV,X,4.5,4.9,4.7,60,109
2019,Toyota,Prius c,Compact,1.5,4,I,AV,X,4.9,5.5,5.1,55,120
2019,Toyota,RAV4,SUV: Small,2.5,4,I,AS8,X,8.8,6.7,7.8,36,183
2019,Toyota,RAV4 AWD,SUV: Small,2.5,4,I,AS8,X,9.2,7.1,8.3,34,190
2019,Toyota,RAV4 Hybrid AWD,SUV: Small,2.5,4,I,AV6,X,5.8,6.3,6,47,140
2019,Volkswagen,Beetle,Compact,2,4,I,AS6,X,9,7.1,8.2,34,191
2019,Volkswagen,Golf,Compact,1.4,4,I,AS8,X,8.1,6.4,7.4,38,172
2019,Volkswagen,Golf,Compact,1.4,4,I,M6,X,8.2,6.3,7.4,38,172
2019,Volkswagen,Golf GTI,Compact,2,4,I,AM7,X,9.6,7.5,8.6,33,202
2019,Volkswagen,Golf GTI,Compact,2,4,I,M6,X,9.8,7.3,8.7,32,203
2019,Volkswagen,Golf R,Compact,2,4,I,AM7,Z,10.2,7.9,9.2,31,213
2019,Volkswagen,Golf R,Compact,2,4,I,M6,Z,11.4,8.2,9.9,29,232
2019,Volkswagen,Jetta,Compact,1.4,4,I,AS8,X,7.8,5.9,7,40,162
2019,Volkswagen,Jetta,Compact,1.4,4,I,M6,X,7.9,5.9,7,40,163
2019,Volkswagen,Jetta GLI,Compact,2,4,I,AM7,X,9.3,7.2,8.4,34,196
2019,Volkswagen,Jetta GLI,Compact,2,4,I,M6,X,9.6,7.3,8.5,33,200
2019,Volkswagen,Passat,Mid-size,2,4,I,AS6,X,9.3,6.5,8.1,35,188
2019,Volkswagen,Tiguan,SUV: Small,2,4,I,AS8,X,10.7,8,9.5,30,221
2019,Volkswagen,Tiguan 4MOTION,SUV: Small,2,4,I,AS8,X,11.1,8.1,9.8,29,228
2019,Volvo,XC40 T5 AWD,SUV: Small,2,4,I,AS8,Z,10.3,7.5,9,31,211
2020,Audi,A3,Subcompact,2,4,I,AM7,X,8.8,6.5,7.8,36,182
2020,Audi,A3 quattro,Subcompact,2,4,I,AM7,X,10.8,8,9.5,30,224
2020,Audi,A4 quattro,Compact,2,4,I,AM7,Z,10,7.3,8.8,32,205
2020,Audi,A5 quattro,Subcompact,2,4,I,AM7,Z,10,7.3,8.8,32,205
2020,Audi,A5 Cabriolet quattro,Subcompact,2,4,I,AM7,Z,10,7.4,8.8,32,206
2020,Audi,A5 Sportback quattro,Mid-size,2,4,I,AM7,Z,10,7.3,8.8,32,205
2020,Audi,A6 quattro ,Mid-size,2,4,I,AM7,Z,9.8,7.4,8.7,32,205
2020,Audi,A6 quattro ,Mid-size,3,6,I,AM7,Z,10.9,8.2,9.7,29,227
2020,Audi,A8L ,Full-size,3,6,I,AS8,Z,13.5,8.9,11.5,25,267
2020,Audi,A8L ,Full-size,4,8,V,AS8,Z,15.4,10.4,13.2,21,308
2020,Audi,Q3 quattro,SUV: Small,2,4,I,AS8,X,12.3,8.6,10.6,27,248
2020,Audi,Q5,SUV: Small,2,4,I,AM7,Z,10.7,8.4,9.7,29,226
2020,Audi,Q7,SUV: Standard,2,4,I,AS8,Z,12.4,10.1,11.3,25,264
2020,Audi,Q7,SUV: Standard,3,6,I,AS8,Z,13.8,11.4,12.7,22,296
2020,Audi,Q8,SUV: Standard,3,6,I,AS8,Z,13.8,11.4,12.7,22,296
2020,Audi,RS 3,Subcompact,2.5,5,I,AM7,Z,12.1,8.4,10.4,27,243
2020,BMW,228i xDrive Gran Coupe,Compact,2,4,I,AS8,Z,10.2,7.2,8.8,32,205
2020,BMW,230i Cabriolet,Subcompact,2,4,I,AS8,Z,10.1,7,8.7,32,204
2020,BMW,230i xDrive Cabriolet,Subcompact,2,4,I,AS8,Z,10.9,7.5,9.4,30,219
2020,BMW,230i Coupe,Subcompact,2,4,I,AS8,Z,9.5,7.4,8.5,33,200
2020,BMW,230i Coupe,Subcompact,2,4,I,M6,Z,11.1,7.3,9.4,30,219
2020,BMW,230i xDrive Coupe,Subcompact,2,4,I,AS8,Z,10.9,7.5,9.4,30,219
2020,BMW,530i xDrive Sedan,Mid-size,2,4,I,AS8,Z,9.9,7.5,8.8,32,206
2020,BMW,750i xDrive Sedan,Full-size,4.4,8,V,AS8,Z,14.5,9.9,12.4,23,290
2020,BMW,750Li xDrive Sedan,Full-size,4.4,8,V,AS8,Z,14.5,9.9,12.4,23,290
2020,BMW,X1 xDrive28i,SUV: Small,2,4,I,AS8,Z,10.3,7.7,9.1,31,213
2020,BMW,X2 xDrive28i,SUV: Small,2,4,I,AS8,Z,9.9,7.6,8.8,32,207
2020,BMW,X2 M35i,SUV: Small,2,4,I,AS8,Z,10,7.8,9,31,210
2020,BMW,X3 xDrive30i,SUV: Small,2,4,I,AS8,Z,10,8.2,9.2,31,215
2020,BMW,X3 M,SUV: Small,3,6,I,AS8,Z,16.6,12.1,14.6,19,339
2020,BMW,X3 M Competition,SUV: Small,3,6,I,AS8,Z,16.6,12.1,14.6,19,339
2020,BMW,X3 M40i,SUV: Small,3,6,I,AS8,Z,11.3,8.7,10.1,28,235
2020,BMW,X5 xDrive40i,SUV: Standard,3,6,I,AS8,Z,11.7,9.1,10.5,27,245
2020,BMW,X5 xDrive50i,SUV: Standard,4.4,8,V,AS8,Z,14.5,10.7,12.8,22,302
2020,BMW,X5 M,SUV: Standard,4.4,8,V,AS8,Z,17.8,12.9,15.6,18,362
2020,BMW,X5 M Competition,SUV: Standard,4.4,8,V,AS8,Z,17.8,12.9,15.6,18,362
2020,BMW,X5 M50i,SUV: Standard,4.4,8,V,AS8,Z,14.5,10.7,12.8,22,302
2020,BMW,X6 xDrive40i,SUV: Standard,3,6,I,AS8,Z,11.7,9.1,10.5,27,245
2020,BMW,X6 M,SUV: Standard,4.4,8,V,AS8,Z,17.8,12.9,15.6,18,362
2020,BMW,X6 M Competition,SUV: Standard,4.4,8,V,AS8,Z,17.8,12.9,15.6,18,362
2020,BMW,X6 M50i,SUV: Standard,4.4,8,V,AS8,Z,14.5,10.7,12.8,22,302
2020,BMW,X7 xDrive40i,SUV: Standard,3,6,I,AS8,Z,12,9.4,10.8,26,254
2020,BMW,X7 xDrive50i,SUV: Standard,4.4,8,V,AS8,Z,15.5,11.4,13.6,21,318
2020,BMW,X7 M50i,SUV: Standard,4.4,8,V,AS8,Z,15.5,11.4,13.6,21,318
2020,Honda,Accord,Full-size,1.5,4,I,AV,X,7.9,6.3,7.2,39,170
2020,Honda,Accord,Full-size,1.5,4,I,AV7,X,8.2,6.8,7.6,37,177
2020,Honda,Accord,Full-size,1.5,4,I,M6,X,8.9,6.7,7.9,36,185
2020,Honda,Accord,Full-size,2,4,I,M6,X,10.7,7.3,9.2,31,214
2020,Honda,Accord Sport/Touring,Mid-size,2,4,I,AS10,X,10.4,7.4,9.1,31,211
2020,Honda,Accord Hybrid,Full-size,2,4,I,AV,X,5,5,5,56,117
2020,Honda,Civic Hatchback,Full-size,1.5,4,I,AV,X,7.7,6,6.9,41,162
2020,Honda,Civic Hatchback,Full-size,1.5,4,I,M6,X,8,6.2,7.2,39,167
2020,Honda,Civic Sedan,Mid-size,1.5,4,I,AV7,X,7.8,6.2,7.1,40,165
2020,Honda,Civic Sedan,Mid-size,2,4,I,AV,X,7.9,6.1,7.1,40,167
2020,Honda,Civic Sedan,Mid-size,2,4,I,AV7,X,8.2,6.5,7.4,38,172
2020,Honda,Civic Sedan,Mid-size,2,4,I,M6,X,9.3,6.5,8,35,186
2020,Honda,CR-V,SUV: Small,1.5,4,I,AV,X,8.3,7,7.7,37,180
2020,Honda,CR-V AWD,SUV: Small,1.5,4,I,AV,X,8.7,7.4,8.1,35,189
2020,Honda,Insight EX/Touring,Mid-size,1.5,4,I,AV,X,4.6,5.3,4.9,58,115
2020,Hyundai,Accent,Compact,1.6,4,I,AV,X,7.3,6,6.7,42,160
2020,Hyundai,Accent,Compact,1.6,4,I,M6,X,7.8,6.1,7,40,168
2020,Hyundai,Elantra GT,Full-size,1.6,4,I,AM7,X,9.7,7.4,8.6,33,205
2020,Hyundai,Elantra GT,Full-size,1.6,4,I,M6,X,10.3,7.9,9.2,31,218
2020,Hyundai,Elantra GT,Full-size,2,4,I,AS6,X,9.4,7.1,8.4,34,199
2020,Hyundai,Elantra GT,Full-size,2,4,I,M6,X,9.8,7.4,8.7,32,207
2020,Hyundai,IONIQ,Full-size,1.6,4,I,AM6,X,4.2,4.2,4.2,67,99
2020,Hyundai,IONIQ Blue,Full-size,1.6,4,I,AM6,X,4.2,4,4.1,69,96
2020,Hyundai,Santa Fe,SUV: Small,2.4,4,I,AS8,X,10.8,8,9.6,29,225
2020,Hyundai,Santa Fe AWD,SUV: Small,2,4,I,AS8,X,12,9.2,10.7,26,255
2020,Hyundai,Santa Fe AWD,SUV: Small,2.4,4,I,AS8,X,11.3,8.8,10.1,28,238
2020,Hyundai,Sonata,Full-size,1.6,4,I,AS8,X,8.6,6.6,7.7,37,181
2020,Hyundai,Sonata,Full-size,2.5,4,I,AS8,X,8.8,6.4,7.7,37,182
2020,Hyundai,Sonata Hybrid,Full-size,2,4,I,AM6,X,5.3,4.6,5,56,117
2020,Hyundai,Tucson,SUV: Small,2,4,I,AS6,X,10,7.9,9.1,31,216
2020,Hyundai,Tucson AWD,SUV: Small,2,4,I,AS6,X,10.8,9.2,10.1,28,239
2020,Hyundai,Tucson AWD,SUV: Small,2.4,4,I,AS6,X,11,9.1,10.1,28,241
2020,Jaguar,XF 25t AWD,Mid-size,2,4,I,AS8,Z,10.1,7.2,8.8,32,207
2020,Jaguar,XF 30t AWD,Mid-size,2,4,I,AS8,Z,10.6,7.6,9.2,31,217
2020,Jaguar,XF S AWD,Mid-size,3,6,I,AS8,Z,12,8.4,10.4,27,243
2020,Jeep,Grand Cherokee 4X4,SUV: Standard,3.6,6,I,A8,X,12.7,9.6,11.3,25,265
2020,Kia,Rio,Compact,1.6,4,I,AV,X,7.2,5.9,6.6,43,151
2020,Kia,Rio,Compact,1.6,4,I,M6,X,7.7,6.1,7,40,166
2020,Kia,Sorento AWD,SUV: Small,2.4,4,I,AS6,X,11.2,9,10.2,28,242
2020,Kia,Sorento AWD,SUV: Small,3.3,6,I,AS8,X,12.3,9.5,11.1,25,261
2020,Kia,Sportage,SUV: Small,2.4,4,I,AS6,X,10.1,7.6,9,31,214
2020,Kia,Sportage AWD,SUV: Small,2,4,I,AS6,X,12.1,9.6,11,26,261
2020,Kia,Sportage AWD,SUV: Small,2.4,4,I,AS6,X,10.8,9.1,10,28,239
2020,Land Rover,Discovery,SUV: Standard,3,6,I,AS8,Z,14.8,11.4,13.3,21,311
2020,Land Rover,Discovery Td6 Diesel,SUV: Standard,3,6,I,AS8,D,11.3,9.2,10.4,27,279
2020,Land Rover,Discovery Sport P250,SUV: Small,2,4,I,AS9,Z,12.6,9.7,11.3,25,266
2020,Land Rover,Discovery Sport P290,SUV: Small,2,4,I,AS9,Z,12.3,9.8,11.1,25,262
2020,Land Rover,Range Rover 3.0,SUV: Standard,3,6,I,AS8,Z,12.2,9.4,11,26,258
2020,Land Rover,Range Rover Td6 Diesel,SUV: Standard,3,6,I,AS8,D,10.7,8.3,9.6,29,256
2020,Land Rover,Range Rover 5.0 Supercharged,SUV: Standard,5,8,V,AS8,Z,14.4,11.2,12.9,22,305
2020,Land Rover,Range Rover 5.0 Supercharged LWB,SUV: Standard,5,8,V,AS8,Z,14.4,11.3,13,22,305
2020,Land Rover,Range Rover SVAutobiography Dynamic,SUV: Standard,5,8,V,AS8,Z,17.1,12.6,15.1,19,354
2020,Land Rover,Range Rover SVAutobiography LWB,SUV: Standard,5,8,V,AS8,Z,17.9,12.7,15.5,18,365
2020,Land Rover,Range Rover Sport 3.0,SUV: Standard,3,6,I,AS8,Z,12.6,9.6,11.3,25,264
2020,Land Rover,Range Rover Sport Td6 Diesel,SUV: Standard,3,6,I,AS8,D,10.7,8.3,9.6,29,256
2020,Land Rover,Range Rover Sport Supercharged,SUV: Standard,5,8,V,AS8,Z,14.1,10.7,12.6,22,294
2020,Land Rover,Range Rover Sport SVR,SUV: Standard,5,8,V,AS8,Z,16.2,12,14.3,20,336
2020,Land Rover,Range Rover Evoque P250,SUV: Small,2,4,I,AS9,Z,11.8,8.7,10.4,27,245
2020,Land Rover,Range Rover Evoque P300,SUV: Small,2,4,I,AS9,Z,11.4,8.9,10.3,27,242
2020,Land Rover,Range Rover Velar P250,SUV: Small,2,4,I,AS8,Z,11.2,8.9,10.2,28,238
2020,Land Rover,Range Rover Velar P300,SUV: Small,2,4,I,AS8,Z,11.7,9.2,10.6,27,248
2020,Land Rover,Range Rover Velar P340,SUV: Small,3,6,I,AS8,Z,13,10,11.6,24,273
2020,Land Rover,Range Rover Velar P380,SUV: Small,3,6,I,AS8,Z,13,10,11.6,24,273
2020,Land Rover,Range Rover Velar SVAutobiography Dynamic,SUV: Small,5,8,V,AS8,Z,15.2,11.5,13.5,21,318
2020,Lexus,IS 300,Compact,2,4,I,AS8,Z,11,7.6,9.5,30,220
2020,Lexus,IS 300 AWD,Compact,3.5,6,I,AS6,Z,12.3,9.1,10.9,26,254
2020,Lexus,NX 300 AWD,SUV: Small,2,4,I,AS6,Z,10.7,8.5,9.7,29,226
2020,Lexus,NX 300h AWD,SUV: Small,2.5,4,I,AV6,X,7.2,7.9,7.5,38,176
2020,Mazda,CX-3,Compact,2,4,I,AS6,X,8.3,6.9,7.7,37,179
2020,Mazda,CX-5,SUV: Small,2.5,4,I,AS6,X,9.7,7.8,8.8,32,206
2020,Mazda,CX-5 (Cylinder Deactivation),SUV: Small,2.5,4,I,AS6,X,9.3,7.6,8.5,33,201
2020,Mazda,CX-5 4WD,SUV: Small,2.5,4,I,AS6,X,10.2,8.2,9.3,30,217
2020,Mazda,CX-5 4WD (Cylinder Deactivation),SUV: Small,2.5,4,I,AS6,X,9.8,7.9,9,31,209
2020,Mazda,CX-5 Turbo 4WD,SUV: Small,2.5,4,I,AS6,X,10.8,8.7,9.8,29,230
2020,Mazda,Mazda3 4-Door,Compact,2,4,I,AS6,X,8.4,6.6,7.6,37,178
2020,Mazda,Mazda3 4-Door (SIL),Compact,2,4,I,M6,X,8.7,6.4,7.7,37,180
2020,Mazda,Mazda3 4-Door,Compact,2.5,4,I,AS6,X,8.8,6.4,7.7,37,181
2020,Mazda,Mazda3 4-Door (Cylinder Deactivation),Compact,2.5,4,I,AS6,X,8.8,6.6,7.8,36,183
2020,Mazda,Mazda3 4-Door 4WD,Compact,2.5,4,I,AS6,X,9.2,7,8.2,34,192
2020,Mazda,Mazda3 5-Door,Mid-size,2,4,I,AS6,X,8.6,6.7,7.7,37,181
2020,Mazda,Mazda3 5-Door (SIL),Mid-size,2,4,I,M6,X,8.7,6.6,7.8,36,181
2020,Mazda,Mazda3 5-Door,Mid-size,2.5,4,I,AS6,X,9,6.8,8,35,187
2020,Mazda,Mazda3 5-Door (SIL),Mid-size,2.5,4,I,M6,X,9.2,6.6,8.1,35,189
2020,Mazda,Mazda3 5-Door 4WD,Mid-size,2.5,4,I,AS6,X,9.8,7.4,8.7,32,204
2020,Mazda,Mazda6,Mid-size,2.5,4,I,AS6,X,9,6.7,8,35,188
2020,Mazda,Mazda6 Turbo,Mid-size,2.5,4,I,AS6,X,10,7.5,8.9,32,208
2020,Mitsubishi,Outlander 4WD,SUV: Small,2.4,4,I,AV6,X,9.9,8.1,9.1,31,212
2020,Mitsubishi,Outlander 4WD,SUV: Small,3,6,I,A6,Z,12,8.8,10.6,27,246
2020,Nissan,Pathfinder,SUV: Small,3.5,6,I,AV,X,11.6,8.5,10.2,28,240
2020,Nissan,Pathfinder 4WD,SUV: Small,3.5,6,I,AV,X,12.1,8.9,10.7,26,251
2020,Nissan,Pathfinder 4WD Platinum,SUV: Small,3.5,6,I,AV,X,12.4,9.2,11,26,257
2020,Subaru,Forester AWD,SUV: Small,2.5,4,I,AV7,X,9,7.2,8.2,34,192
2020,Subaru,Impreza 4-Door AWD,Mid-size,2,4,I,AV7,X,8.3,6.4,7.5,38,174
2020,Subaru,Impreza 4-Door AWD,Mid-size,2,4,I,M5,X,10.1,7.6,9,31,210
2020,Subaru,WRX AWD,Compact,2,4,I,AV8,Z,12.9,9.7,11.5,25,263
2020,Subaru,WRX AWD,Compact,2,4,I,M6,Z,11.3,8.5,10.1,28,236
2020,Subaru,WRX STI AWD,Compact,2.5,4,I,M6,Z,14.3,10.8,12.7,22,297
2020,Toyota,86,Minicompact,2,4,I,AS6,Z,9.9,7.3,8.7,32,204
2020,Toyota,86,Minicompact,2,4,I,M6,Z,11.2,8.3,9.9,29,232
2020,Toyota,C-HR,Compact,2,4,I,AS7,X,8.7,7.5,8.2,34,189
2020,Toyota,Camry,Mid-size,2.5,4,I,AS8,X,8.1,5.7,6.9,41,164
2020,Toyota,Camry LE/SE,Mid-size,2.5,4,I,AS8,X,8.5,6.1,7.4,38,173
2020,Toyota,Camry XLE/XSE,Mid-size,2.5,4,I,AS8,X,8.6,6.3,7.6,37,177
2020,Toyota,Camry,Mid-size,3.5,6,I,AS8,X,10.5,7.1,9,31,210
2020,Toyota,Camry XSE,Mid-size,3.5,6,I,AS8,X,10.7,7.4,9.2,31,215
2020,Toyota,Camry TRD,Mid-size,3.5,6,I,AS8,X,10.8,7.6,9.4,30,220
2020,Toyota,Camry AWD LE/SE,Mid-size,2.5,4,I,AS8,X,9.3,6.8,8.2,34,190
2020,Toyota,Camry AWD XLE/XSE,Mid-size,2.5,4,I,AS8,X,9.5,7,8.4,34,197
2020,Toyota,Camry Hybrid LE,Mid-size,2.5,4,I,AV,X,4.9,4.8,4.9,58,113
2020,Toyota,Camry Hybrid XLE/SE,Mid-size,2.5,4,I,AV,X,5.3,5,5.1,55,121
2020,Toyota,Corolla,Compact,1.8,4,I,AV,X,7.9,6.1,7.1,40,165
2020,Toyota,Corolla,Compact,1.8,4,I,M6,X,8,6,7.1,40,165
2020,Toyota,Corolla,Compact,2,4,I,AV10,X,7.6,5.8,6.7,42,158
2020,Toyota,Corolla,Compact,2,4,I,M6,X,8.2,6.5,7.4,38,173
2020,Toyota,Corolla Hatchback,Compact,2,4,I,AV10,X,7.5,5.8,6.7,42,158
2020,Toyota,Corolla Hatchback,Compact,2,4,I,M6,X,8.4,6.3,7.5,38,174
2020,Toyota,Corolla Hybrid,Compact,1.8,4,I,AV,X,4.4,4.5,4.5,63,106
2020,Toyota,Prius,Mid-size,1.8,4,I,AV,X,4.4,4.7,4.5,63,106
2020,Toyota,Prius AWD,Mid-size,1.8,4,I,AV,X,4.5,4.9,4.7,60,109
2020,Toyota,Prius c,Compact,1.5,4,I,AV,X,4.9,5.5,5.1,55,120
2020,Toyota,RAV4,SUV: Small,2.5,4,I,AS8,X,8.8,6.8,7.9,36,184
2020,Toyota,RAV4 AWD,SUV: Small,2.5,4,I,AS8,X,9.2,7.1,8.2,34,194
2020,Toyota,RAV4 AWD TRD Off-Road,SUV: Small,2.5,4,I,AS8,X,9.5,7.5,8.6,33,200
2020,Toyota,RAV4 Hybrid AWD,SUV: Small,2.5,4,I,AV,X,5.7,6.3,6,47,139
2020,Volkswagen,Golf,Compact,1.4,4,I,AS8,X,8.1,6.6,7.4,38,174
2020,Volkswagen,Golf,Compact,1.4,4,I,M6,X,8.4,6.6,7.6,37,177
2020,Volkswagen,Golf GTI,Compact,2,4,I,AM7,X,9.7,7.5,8.7,32,203
2020,Volkswagen,Golf GTI,Compact,2,4,I,M6,X,9.8,7.3,8.7,32,203
2020,Volkswagen,Jetta,Compact,1.4,4,I,AS8,X,7.8,5.9,7,40,162
2020,Volkswagen,Jetta,Compact,1.4,4,I,M6,X,7.9,5.9,7,40,163
2020,Volkswagen,Jetta GLI,Compact,2,4,I,AM7,X,9.3,7.2,8.4,34,196
2020,Volkswagen,Jetta GLI,Compact,2,4,I,M6,X,9.6,7.1,8.5,33,198
2020,Volkswagen,Passat,Mid-size,2,4,I,AS6,X,10.2,6.9,8.7,32,205
2020,Volkswagen,Tiguan,SUV: Small,2,4,I,AS8,X,10.5,8.1,9.4,30,221
2020,Volkswagen,Tiguan 4MOTION,SUV: Small,2,4,I,AS8,X,11.5,8.7,10.2,28,241
2020,Volvo,XC40 T4,SUV: Small,2,4,I,AS8,X,10.1,7.2,8.8,32,205
2020,Volvo,XC40 T4 AWD,SUV: Small,2,4,I,AS8,X,10.2,7.5,9,31,210
2020,Volvo,XC40 T5 AWD,SUV: Small,2,4,I,AS8,Z,10.7,7.7,9.4,30,219
2020,MERCEDES-BENZ,GLC 300 (X253 Ref),SUV,2,4,I,A9,Z,8.5,6,7.4,38,170
2020,LAND ROVER,NEW DEFENDER 110 P300,SUV,2,4,I,A8,Z,11.5,8.5,10.2,28,235
2020,SSANGYONG,REXTON (G4 - 2.2L),SUV,2.2,4,I,A8,D,9.8,7,8.4,34,221
2020,SSANGYONG,SUV (Modern Diesel Ref),SUV,2,4,I,A8,D,9.5,7,8.3,34,218
2020,AUDI,Q5 45 TFSI,SUV,2,4,I,A7,Z,9,6.5,7.9,36,185
2020,MERCEDES-BENZ,GLE 450 (V167),SUV,3,6,I,A9,Z,11.5,8,9.9,28,230
2020,MERCEDES-BENZ,GLS 450 (X167 - Mild-Hybrid),SUV,3,6,I,A9,Z,12.5,8.5,10.7,26,247
2020,TOYOTA,LAND CRUISER 200,SUV,4.5,8,V,A6,D,13,9,11,26,290
2020,NISSAN,PATROL Y62 (5.6L - VVEL),SUV,5.6,8,V,A7,Z,17,11.5,14.5,19,340
2020,TOYOTA,VOXY (ZRR80 - Petrol),MPV,2,4,I,CVT,Z,8.5,6.5,7.6,37,178
2020,SUZUKI,SPACIA CUSTOM (MK53S),KEI CAR,0.7,3,I,CVT,H,3.6,2.8,3.3,71,80
2020,DAIHATSU,TANTO (LA650S - Turbo/Non-Hybrid),KEI CAR,0.7,3,I,CVT,Z,5.2,3.8,4.5,52,108
2020,TOYOTA,ALPHARD (AH30 - 3.5L V6),MPV,3.5,6,I,A8,Z,13.5,9,11.5,25,270
2021,Audi,A4 Sedan 40 TFSI quattro,Compact,2,4,I,AM7,Z,9.3,7,8.3,34,194
2021,Audi,A4 Sedan 45 TFSI quattro,Compact,2,4,I,AM7,Z,9.8,7.6,8.8,32,205
2021,Audi,A5 Cabriolet 45 TFSI quattro,Subcompact,2,4,I,AM7,Z,10.4,7.5,9.1,31,212
2021,Audi,A5 Coupe 45 TFSI quattro,Subcompact,2,4,I,AM7,Z,9.8,7.6,8.8,32,205
2021,Audi,A5 Sportback 45 TFSI quattro,Mid-size,2,4,I,AM7,Z,9.8,7.6,8.8,32,205
2021,Audi,A6 Sedan 45 TFSI quattro,Mid-size,2,4,I,AM7,Z,10.3,7.8,9.2,31,214
2021,Audi,A6 Sedan 55 TFSI quattro,Mid-size,3,6,I,AM7,Z,10.9,8.2,9.7,29,227
2021,Audi,A8 L Sedan 55 TFSI quattro,Full-size,3,6,I,AS8,Z,13.5,8.9,11.5,25,267
2021,Audi,A8 L Sedan 60 TFSI quattro,Full-size,4,8,V,AS8,Z,15.4,10.4,13.2,21,308
2021,Audi,Q3 40 TFSI quattro,SUV: Small,2,4,I,AS8,X,10.6,7.7,9.3,30,218
2021,Audi,Q3 45 TFSI quattro,SUV: Small,2,4,I,AS8,X,11.7,8.4,10.2,28,239
2021,Audi,Q5 45 TFSI quattro,SUV: Small,2,4,I,AM7,Z,10.1,8.3,9.3,30,217
2021,Audi,Q7 45 TFSI quattro,SUV: Standard,2,4,I,AS8,Z,12.4,10.1,11.3,25,264
2021,Audi,Q7 55 TFSI quattro,SUV: Standard,3,6,I,AS8,Z,13.4,10.4,12,24,281
2021,Audi,RS 5 Coupe quattro,Subcompact,2.9,6,I,AS8,Z,13.1,9.5,11.5,25,269
2021,Audi,RS 5 Sportback quattro,Mid-size,2.9,6,I,AS8,Z,13.1,9.3,11.4,25,266
2021,Audi,RS 7 Sportback quattro,Mid-size,4,8,V,AS8,Z,16,10.5,13.5,21,315
2021,BMW,228i xDrive Gran Coupe,Compact,2,4,I,AS8,Z,10.2,7.2,8.8,32,206
2021,BMW,230i xDrive Cabriolet,Subcompact,2,4,I,AS8,Z,11.2,7.7,9.6,29,225
2021,BMW,230i xDrive Coupe,Subcompact,2,4,I,AS8,Z,11.2,7.7,9.6,29,225
2021,BMW,530i xDrive Sedan,Mid-size,2,4,I,AS8,Z,10.1,7.5,8.9,32,206
2021,BMW,750i xDrive Sedan,Full-size,4.4,8,V,AS8,Z,14,9.7,12,24,281
2021,BMW,750Li xDrive Sedan,Full-size,4.4,8,V,AS8,Z,14,9.7,12,24,281
2021,BMW,X1 xDrive28i,SUV: Small,2,4,I,AS8,Z,10.3,7.7,9.1,31,213
2021,BMW,X2 xDrive28i,SUV: Small,2,4,I,AS8,Z,9.8,7.5,8.8,32,205
2021,BMW,X2 M35i,SUV: Small,2,4,I,AS8,Z,10,7.7,8.9,32,209
2021,BMW,X3 xDrive30i,SUV: Small,2,4,I,AS8,Z,10.2,8.2,9.3,30,217
2021,BMW,X3 M,SUV: Small,3,6,I,AS8,Z,16.6,12.1,14.6,19,339
2021,BMW,X3 M Competition,SUV: Small,3,6,I,AS8,Z,16.6,12.1,14.6,19,339
2021,BMW,X3 M40i,SUV: Small,3,6,I,AS8,Z,11.3,8.7,10.1,28,235
2021,BMW,X5 xDrive40i,SUV: Standard,3,6,I,AS8,Z,11.4,9.2,10.4,27,242
2021,BMW,X5 M,SUV: Standard,4.4,8,V,AS8,Z,17.9,13,15.7,18,364
2021,BMW,X5 M Competition,SUV: Standard,4.4,8,V,AS8,Z,17.9,13,15.7,18,364
2021,BMW,X5 M50i,SUV: Standard,4.4,8,V,AS8,Z,14.4,10.6,12.7,22,302
2021,BMW,X6 xDrive40i,SUV: Standard,3,6,I,AS8,Z,11.4,9.2,10.4,27,242
2021,BMW,X6 M,SUV: Standard,4.4,8,V,AS8,Z,17.9,13,15.7,18,364
2021,BMW,X6 M Competition,SUV: Standard,4.4,8,V,AS8,Z,17.9,13,15.7,18,364
2021,BMW,X6 M50i,SUV: Standard,4.4,8,V,AS8,Z,14.4,10.6,12.7,22,302
2021,BMW,X7 xDrive40i,SUV: Standard,3,6,I,AS8,Z,12.1,9.8,11.1,25,256
2021,BMW,X7 M50i,SUV: Standard,4.4,8,V,AS8,Z,15.7,11.5,13.8,20,321
2021,Honda,Accord,Full-size,1.5,4,I,AV,X,7.8,6.5,7.2,39,168
2021,Honda,Accord Sport/Touring,Full-size,1.5,4,I,AV7,X,8.1,6.8,7.5,38,176
2021,Honda,Accord Sport/Touring,Full-size,2,4,I,AS10,X,10.4,7.4,9.1,31,211
2021,Honda,Accord Hybrid,Full-size,2,4,I,AV,X,5,5,5,56,117
2021,Honda,Accord Hybrid Sport/Touring,Full-size,2,4,I,AV,X,5.3,5.7,5.5,51,129
2021,Honda,Civic Hatchback,Full-size,1.5,4,I,M6,X,8.1,6.4,7.3,39,171
2021,Honda,Civic Sedan,Mid-size,1.5,4,I,AV7,X,7.8,6.2,7.1,40,165
2021,Honda,Civic Sedan,Mid-size,2,4,I,AV,X,7.9,6.1,7.1,40,167
2021,Honda,Civic Sedan,Mid-size,2,4,I,AV7,X,8.2,6.5,7.4,38,172
2021,Honda,CR-V,SUV: Small,1.5,4,I,AV,X,8.3,7,7.7,37,180
2021,Honda,CR-V AWD,SUV: Small,1.5,4,I,AV,X,8.7,7.4,8.1,35,189
2021,Honda,Insight EX,Mid-size,1.5,4,I,AV,X,4.6,5.3,4.9,58,115
2021,Honda,Insight Touring,Compact,1.5,4,I,AV,X,4.6,5.3,4.9,58,115
2021,Hyundai,Elantra (ISG),Mid-size,2,4,I,AV1,X,7.1,5.5,6.4,44,152
2021,Hyundai,Elantra Hybrid Blue,Mid-size,1.6,4,I,AM6,X,4.5,4.2,4.4,64,103
2021,Hyundai,IONIQ,Full-size,1.6,4,I,AM6,X,4.3,4.1,4.2,67,99
2021,Hyundai,IONIQ Blue,Full-size,1.6,4,I,AM6,X,4,3.9,4,71,94
2021,Hyundai,Santa Fe,SUV: Small,2.5,4,I,AS8,X,9.6,8.5,9.1,31,214
2021,Hyundai,Santa Fe AWD,SUV: Small,2.5,4,I,AM8,X,11,8.5,9.9,29,233
2021,Hyundai,Santa Fe AWD,SUV: Small,2.5,4,I,AS8,X,10.6,9.3,10,28,235
2021,Hyundai,Santa Fe Hybrid,SUV: Small,1.6,4,I,AM6,X,7.1,7.9,7.4,38,176
2021,Hyundai,Sonata,Full-size,1.6,4,I,AS8,X,8.8,6.4,7.7,37,182
2021,Hyundai,Sonata,Full-size,2.5,4,I,AM8,X,10.1,7.2,8.8,32,208
2021,Hyundai,Sonata,Full-size,2.5,4,I,AS8,X,8.8,6.4,7.7,37,182
2021,Hyundai,Sonata Hybrid,Full-size,2,4,I,AM6,X,5.3,4.6,5,56,117
2021,Hyundai,Tucson,SUV: Small,2,4,I,AS6,X,10,7.9,9.1,31,216
2021,Hyundai,Tucson AWD,SUV: Small,2,4,I,AS6,X,10.8,9.2,10.1,28,239
2021,Hyundai,Tucson AWD,SUV: Small,2.4,4,I,AS6,X,11,9.1,10.1,28,241
2021,Jeep,Grand Cherokee 4X4,SUV: Standard,3.6,6,I,A8,X,12.7,9.6,11.3,25,265
2021,Jeep,Grand Cherokee L 4X4,SUV: Standard,3.6,6,I,A8,X,13,9.4,11.3,25,266
2021,Kia,Rio,Compact,1.6,4,I,AV1,X,7.2,6,6.7,42,159
2021,Kia,Rio,Compact,1.6,4,I,M6,X,7.7,6.1,7,40,166
2021,Kia,Seltos,SUV: Small,2,4,I,AV8,X,8.2,7.1,7.7,37,182
2021,Kia,Seltos AWD,SUV: Small,1.6,4,I,AM7,X,9.4,7.9,8.7,32,205
2021,Kia,Seltos AWD,SUV: Small,2,4,I,AV8,X,8.8,7.6,8.2,34,195
2021,Kia,Sorento AWD,SUV: Small,2.5,4,I,AM8,X,11.1,8.4,9.9,29,233
2021,Kia,Sorento AWD,SUV: Small,2.5,4,I,AS8,X,10.1,9.2,9.7,29,227
2021,Kia,Sportage,SUV: Small,2.4,4,I,AS6,X,10.1,7.6,9,31,214
2021,Kia,Sportage AWD,SUV: Small,2,4,I,AS6,X,12.1,9.6,11,26,261
2021,Kia,Sportage AWD,SUV: Small,2.4,4,I,AS6,X,10.7,9,10,28,237
2021,Lexus,IS 300,Compact,2,4,I,AS8,Z,11,7.6,9.5,30,221
2021,Lexus,IS 300 AWD,Compact,3.5,6,I,AS6,Z,12.2,9,10.8,26,253
2021,Lexus,NX 300 AWD,SUV: Small,2,4,I,AS6,Z,10.7,8.5,9.7,29,226
2021,Lexus,NX 300h AWD,SUV: Small,2.5,4,I,AV6,X,7.2,7.9,7.5,38,175
2021,Mazda,CX-3,Compact,2,4,I,AS6,X,8.3,6.9,7.7,37,179
2021,Mazda,CX-5,SUV: Small,2.5,4,I,AS6,X,9.7,7.8,8.8,32,206
2021,Mazda,CX-5 (Cylinder Deactivation),SUV: Small,2.5,4,I,AS6,X,9.3,7.6,8.5,33,201
2021,Mazda,CX-5 4WD,SUV: Small,2.5,4,I,AS6,X,10.2,8.2,9.3,30,217
2021,Mazda,CX-5 4WD (Cylinder Deactivation),SUV: Small,2.5,4,I,AS6,X,9.8,7.9,9,31,209
2021,Mazda,CX-5 Turbo 4WD,SUV: Small,2.5,4,I,AS6,X,10.8,8.7,9.8,29,230
2021,Mazda,Mazda3 4-Door,Compact,2,4,I,AS6,X,8.4,6.6,7.6,37,178
2021,Mazda,Mazda3 4-Door (SIL),Compact,2,4,I,M6,X,8.7,6.4,7.7,37,180
2021,Mazda,Mazda3 4-Door,Compact,2.5,4,I,AS6,X,8.9,6.5,7.8,36,184
2021,Mazda,Mazda3 4-Door 4WD,Compact,2.5,4,I,AS6,X,9.3,7,8.2,34,193
2021,Mazda,Mazda3 4-Door Turbo 4WD,Compact,2.5,4,I,AS6,X,10.1,7.3,8.8,32,207
2021,Mazda,Mazda3 5-Door,Mid-size,2,4,I,AS6,X,8.6,6.7,7.7,37,181
2021,Mazda,Mazda3 5-Door (SIL),Mid-size,2,4,I,M6,X,8.7,6.6,7.8,36,181
2021,Mazda,Mazda3 5-Door,Mid-size,2.5,4,I,AS6,X,9.2,6.9,8.1,35,190
2021,Mazda,Mazda3 5-Door (SIL),Mid-size,2.5,4,I,M6,X,9.5,7,8.4,34,197
2021,Mazda,Mazda3 5-Door 4WD,Mid-size,2.5,4,I,AS6,X,9.5,7.4,8.5,33,200
2021,Mazda,Mazda3 5-Door Turbo 4WD,Mid-size,2.5,4,I,AS6,X,10.1,7.5,8.9,32,209
2021,Mazda,Mazda6,Mid-size,2.5,4,I,AS6,X,9.1,6.7,8,35,187
2021,Mazda,Mazda6 Turbo,Mid-size,2.5,4,I,AS6,X,10,7.5,8.9,32,208
2021,Subaru,Forester AWD,SUV: Small,2.5,4,I,AV7,X,9,7.2,8.2,34,192
2021,Subaru,Impreza 4-Door AWD,Mid-size,2,4,I,AV7,X,8.3,6.4,7.5,38,174
2021,Subaru,Impreza 4-Door AWD,Mid-size,2,4,I,M5,X,10.1,7.6,9,31,210
2021,Subaru,WRX AWD,Compact,2,4,I,AV8,Z,12.9,9.7,11.5,25,269
2021,Subaru,WRX AWD,Compact,2,4,I,M6,Z,11.7,8.7,10.4,27,243
2021,Subaru,WRX STI AWD,Compact,2.5,4,I,M6,Z,14.4,10.8,12.8,22,301
2021,Toyota,C-HR,Compact,2,4,I,AS7,X,8.7,7.5,8.2,34,189
2021,Toyota,Camry LE/SE,Mid-size,2.5,4,I,AS8,X,8.5,6.1,7.4,38,173
2021,Toyota,Camry XLE/XSE,Mid-size,2.5,4,I,AS8,X,8.6,6.3,7.6,37,177
2021,Toyota,Camry,Mid-size,3.5,6,I,AS8,X,10.5,7.1,9,31,210
2021,Toyota,Camry XSE,Mid-size,3.5,6,I,AS8,X,10.7,7.4,9.2,31,215
2021,Toyota,Camry TRD,Mid-size,3.5,6,I,AS8,X,10.8,7.6,9.4,30,220
2021,Toyota,Camry AWD LE/SE,Mid-size,2.5,4,I,AS8,X,9.3,6.8,8.2,34,190
2021,Toyota,Camry AWD XLE/XSE,Mid-size,2.5,4,I,AS8,X,9.5,7,8.4,34,197
2021,Toyota,Camry Hybrid LE,Mid-size,2.5,4,I,AV,X,4.9,4.8,4.9,58,113
2021,Toyota,Camry Hybrid SE/XLE/XSE,Mid-size,2.5,4,I,AV,X,5.3,5,5.1,55,121
2021,Toyota,Corolla,Compact,1.8,4,I,AV,X,7.9,6.1,7.1,40,165
2021,Toyota,Corolla,Compact,1.8,4,I,M6,X,8,6,7.1,40,165
2021,Toyota,Corolla,Compact,2,4,I,AV10,X,7.6,5.9,6.8,42,159
2021,Toyota,Corolla,Compact,2,4,I,M6,X,8.2,6.5,7.4,38,173
2021,Toyota,Corolla Hatchback,Compact,2,4,I,AV10,X,7.5,5.8,6.7,42,158
2021,Toyota,Corolla Hatchback,Compact,2,4,I,M6,X,8.4,6.7,7.6,37,179
2021,Toyota,Corolla Hybrid,Compact,1.8,4,I,AV,X,4.4,4.5,4.5,63,106
2021,Toyota,Prius,Mid-size,1.8,4,I,AV,X,4.4,4.7,4.5,63,106
2021,Toyota,Prius AWD,Mid-size,1.8,4,I,AV,X,4.6,5,4.8,59,111
2021,Toyota,RAV4,SUV: Small,2.5,4,I,AS8,X,8.8,6.8,7.9,36,184
2021,Toyota,RAV4 (Stop/Start),SUV: Small,2.5,4,I,AS8,X,8.5,6.8,7.7,37,180
2021,Toyota,RAV4 AWD,SUV: Small,2.5,4,I,AS8,X,9.4,7.1,8.4,34,195
2021,Toyota,RAV4 AWD (Stop/Start),SUV: Small,2.5,4,I,AS8,X,8.8,7.1,8,35,187
2021,Toyota,RAV4 AWD LE,SUV: Small,2.5,4,I,AS8,X,8.7,6.9,7.9,36,184
2021,Toyota,RAV4 AWD TRD Off-Road,SUV: Small,2.5,4,I,AS8,X,9.5,7.4,8.5,33,200
2021,Toyota,RAV4 Hybrid AWD,SUV: Small,2.5,4,I,AV,X,5.8,6.3,6,47,140
2021,Volkswagen,Golf,Compact,1.4,4,I,AS8,X,8.2,6.5,7.5,38,174
2021,Volkswagen,Golf,Compact,1.4,4,I,M6,X,8,6.1,7.1,40,166
2021,Volkswagen,Golf GTI,Compact,2,4,I,AM7,X,9.7,7.3,8.6,33,201
2021,Volkswagen,Golf GTI,Compact,2,4,I,M6,X,10.1,7.9,9.1,31,213
2021,Volkswagen,Jetta,Compact,1.4,4,I,AS8,X,8,6,7.1,40,165
2021,Volkswagen,Jetta,Compact,1.4,4,I,M6,X,7.9,5.8,6.9,41,162
2021,Volkswagen,Jetta GLI,Compact,2,4,I,AM7,X,9.7,6.8,8.4,34,195
2021,Volkswagen,Jetta GLI,Compact,2,4,I,M6,X,9.7,7,8.5,33,198
2021,Volkswagen,Passat,Mid-size,2,4,I,AS6,X,9.8,6.6,8.3,34,195
2021,Volkswagen,Tiguan,SUV: Small,2,4,I,AS8,X,10.4,8.1,9.4,30,219
2021,Volkswagen,Tiguan 4MOTION,SUV: Small,2,4,I,AS8,X,11,8.6,9.9,29,232
2021,Volvo,XC40 T4 AWD,SUV: Small,2,4,I,AS8,X,10.7,7.6,9.3,30,217
2021,Volvo,XC40 T5 AWD,SUV: Small,2,4,I,AS8,Z,10.7,7.7,9.4,30,219
2022,Audi,A3 Sedan 40 TFSI quattro,Subcompact,2,4,I,AM7,X,8.5,6.6,7.6,37,178
2022,Audi,A4 Sedan 40 TFSI quattro,Compact,2,4,I,AM7,Z,9.1,7,8.2,34,190
2022,Audi,A4 Sedan 45 TFSI quattro,Compact,2,4,I,AM7,Z,9.8,7.6,8.8,32,205
2022,Audi,A5 Cabriolet 45 TFSI quattro,Subcompact,2,4,I,AM7,Z,10.4,7.5,9.1,31,214
2022,Audi,A5 Coupe 45 TFSI quattro,Subcompact,2,4,I,AM7,Z,9.8,7.6,8.8,32,205
2022,Audi,A5 Sportback 45 TFSI quattro,Mid-size,2,4,I,AM7,Z,9.8,7.6,8.8,32,205
2022,Audi,A6 Sedan 45 TFSI quattro,Mid-size,2,4,I,AM7,Z,10.2,7.4,8.9,32,208
2022,Audi,A6 Sedan 55 TFSI quattro,Mid-size,3,6,I,AM7,Z,11.1,7.8,9.6,29,224
2022,Audi,A8 L Sedan 55 TFSI quattro,Full-size,3,6,I,AS8,Z,12.6,8.3,10.6,27,248
2022,Audi,Q3 40 TFSI quattro,SUV: Small,2,4,I,AS8,X,10.4,7.7,9.2,31,215
2022,Audi,Q3 45 TFSI quattro,SUV: Small,2,4,I,AS8,X,11.4,8.3,10,28,233
2022,Audi,Q5 40 TFSI quattro,SUV: Small,2,4,I,AM7,Z,10.3,8.1,9.3,30,217
2022,Audi,Q5 45 TFSI quattro,SUV: Small,2,4,I,AM7,Z,10.3,8.4,9.4,30,220
2022,Audi,Q7 45 TFSI quattro,SUV: Standard,2,4,I,AS8,Z,12,9.4,10.8,26,252
2022,Audi,Q7 55 TFSI quattro,SUV: Standard,3,6,I,AS8,Z,12.8,10.5,11.7,24,273
2022,Audi,RS 5 Coupe quattro,Subcompact,2.9,6,I,AS8,Z,13,9.4,11.4,25,267
2022,Audi,RS 5 Sportback quattro,Mid-size,2.9,6,I,AS8,Z,13.1,9.4,11.4,25,268
2022,Audi,RS 7 Sportback quattro,Mid-size,4,8,V,AS8,Z,16,10.5,13.5,21,315
2022,BMW,530i xDrive Sedan,Mid-size,2,4,I,AS8,Z,10.1,7.4,8.9,32,206
2022,BMW,750i xDrive Sedan,Full-size,4.4,8,V,AS8,Z,13.9,9.6,12,24,279
2022,BMW,750Li xDrive Sedan,Full-size,4.4,8,V,AS8,Z,13.9,9.6,12,24,279
2022,BMW,X1 xDrive28i,SUV: Small,2,4,I,AS8,Z,10.3,7.7,9.1,31,213
2022,BMW,X2 xDrive28i,SUV: Small,2,4,I,AS8,Z,9.9,7.6,8.8,32,207
2022,BMW,X2 M35i,SUV: Small,2,4,I,AS8,Z,9.9,7.6,8.9,32,207
2022,BMW,X3 xDrive30i,SUV: Small,2,4,I,AS8,Z,11,8.5,9.9,29,230
2022,BMW,X3 M,SUV: Small,3,6,I,AS8,Z,15.7,11.7,13.9,20,323
2022,BMW,X3 M Competition,SUV: Small,3,6,I,AS8,Z,15.7,11.7,13.9,20,323
2022,BMW,X3 M40i,SUV: Small,3,6,I,AS8,Z,11.2,9.1,10.3,27,241
2022,BMW,X5 xDrive40i,SUV: Standard,3,6,I,AS8,Z,11.3,9.2,10.4,27,241
2022,BMW,X5 M,SUV: Standard,4.4,8,V,AS8,Z,17.9,13,15.7,18,364
2022,BMW,X5 M Competition,SUV: Standard,4.4,8,V,AS8,Z,17.9,13,15.7,18,364
2022,BMW,X5 M50i,SUV: Standard,4.4,8,V,AS8,Z,14.4,10.6,12.7,22,302
2022,BMW,X6 xDrive40i,SUV: Standard,3,6,I,AS8,Z,11.3,9.2,10.4,27,241
2022,BMW,X6 M,SUV: Standard,4.4,8,V,AS8,Z,17.9,13,15.7,18,364
2022,BMW,X6 M Competition,SUV: Standard,4.4,8,V,AS8,Z,17.9,13,15.7,18,364
2022,BMW,X6 M50i,SUV: Standard,4.4,8,V,AS8,Z,14.4,10.6,12.7,22,302
2022,BMW,X7 xDrive40i,SUV: Standard,3,6,I,AS8,Z,12.1,9.8,11.1,25,256
2022,BMW,X7 M50i,SUV: Standard,4.4,8,V,AS8,Z,15.7,11.5,13.8,20,321
2022,Honda,Accord,Full-size,1.5,4,I,AV,X,7.8,6.5,7.2,39,168
2022,Honda,Accord Sport/Touring,Full-size,1.5,4,I,AV7,X,8.1,6.8,7.5,38,176
2022,Honda,Accord Sport/Touring,Full-size,2,4,I,AS10,X,10.4,7.4,9.1,31,211
2022,Honda,Accord Hybrid,Full-size,2,4,I,AV,X,5,5,5,56,117
2022,Honda,Accord Hybrid Sport/Touring,Full-size,2,4,I,AV,X,5.3,5.7,5.5,51,129
2022,Honda,Civic Hatchback,Full-size,1.5,4,I,AV7,X,7.7,6.3,7.1,40,166
2022,Honda,Civic Hatchback,Full-size,1.5,4,I,M6,X,8.5,6.3,7.5,38,175
2022,Honda,Civic Hatchback,Full-size,2,4,I,AV,X,8,6.2,7.2,39,167
2022,Honda,Civic Hatchback,Full-size,2,4,I,M6,X,9.1,6.6,8,35,186
2022,Honda,Civic Sedan,Mid-size,1.5,4,I,AV7,X,7.6,6.1,6.9,41,162
2022,Honda,Civic Sedan,Mid-size,2,4,I,AV,X,7.7,6,6.9,41,162
2022,Honda,Civic Sedan,Mid-size,2,4,I,AV7,X,7.8,6.3,7.1,40,165
2022,Honda,CR-V,SUV: Small,1.5,4,I,AV,X,8.3,7,7.7,37,180
2022,Honda,CR-V AWD,SUV: Small,1.5,4,I,AV,X,8.7,7.4,8.1,35,189
2022,Hyundai,Elantra (ISG),Mid-size,2,4,I,AV1,X,7.1,5.5,6.4,44,151
2022,Hyundai,Elantra N,Mid-size,2,4,I,AM8,Z,12.1,7.9,10.2,28,241
2022,Hyundai,Elantra N,Mid-size,2,4,I,M6,Z,10.9,7.7,9.4,30,223
2022,Hyundai,Elantra Hybrid Blue,Mid-size,1.6,4,I,AM6,X,4.5,4.2,4.4,64,103
2022,Hyundai,IONIQ,Full-size,1.6,4,I,AM6,X,4.3,4.1,4.2,67,99
2022,Hyundai,IONIQ Blue,Full-size,1.6,4,I,AM6,X,4,3.9,4,71,94
2022,Hyundai,Santa Fe AWD,SUV: Small,2.5,4,I,AM8,X,11,8.5,9.9,29,233
2022,Hyundai,Santa Fe AWD,SUV: Small,2.5,4,I,AS8,X,10.6,9.3,10,28,235
2022,Hyundai,Santa Fe Hybrid,SUV: Small,1.6,4,I,AM6,X,7.1,7.9,7.4,38,176
2022,Hyundai,Sonata,Full-size,1.6,4,I,AS8,X,8.8,6.4,7.7,37,183
2022,Hyundai,Sonata,Full-size,2.5,4,I,AM8,X,10.1,7.2,8.8,32,208
2022,Hyundai,Sonata,Full-size,2.5,4,I,AS8,X,8.8,6.4,7.7,37,182
2022,Hyundai,Sonata Hybrid,Full-size,2,4,I,AM6,X,5.3,4.6,5,56,117
2022,Hyundai,Tucson,SUV: Small,2.5,4,I,AS8,X,9.1,7.1,8.2,34,194
2022,Hyundai,Tucson AWD,SUV: Small,2.5,4,I,AS8,X,9.9,8,9,31,214
2022,Hyundai,Tucson Hybrid,SUV: Small,1.6,4,I,AM6,X,6.3,6.6,6.4,44,152
2022,Jeep,Grand Cherokee 4X4,SUV: Standard,3.6,6,I,A8,X,12.3,9.2,10.9,26,256
2022,Jeep,Grand Cherokee L 4X4,SUV: Standard,3.6,6,I,A8,X,13,9.4,11.3,25,266
2022,Jeep,Grand Cherokee WK 4X4,SUV: Standard,3.6,6,I,A8,X,12.7,9.6,11.3,25,265
2022,Kia,Rio,Compact,1.6,4,I,AV1,X,7.2,6,6.7,42,159
2022,Kia,Rio,Compact,1.6,4,I,M6,X,7.7,6.1,7,40,166
2022,Kia,Seltos,SUV: Small,2,4,I,AV8,X,8.2,7.1,7.7,37,182
2022,Kia,Seltos AWD,SUV: Small,1.6,4,I,AM7,X,9.4,7.9,8.7,32,205
2022,Kia,Seltos AWD,SUV: Small,2,4,I,AV8,X,8.8,7.6,8.2,34,195
2022,Kia,Sorento AWD,SUV: Small,2.5,4,I,AM8,X,10.9,8.7,9.9,29,234
2022,Kia,Sorento AWD,SUV: Small,2.5,4,I,AS8,X,10.1,9.2,9.7,29,227
2022,Kia,Sorento Hybrid AWD,SUV: Small,1.6,4,I,AM6,X,6.4,7,6.6,43,157
2022,Kia,Sportage,SUV: Small,2.4,4,I,AS6,X,10.1,7.6,9,31,214
2022,Kia,Sportage AWD,SUV: Small,2,4,I,AS6,X,12.1,9.6,11,26,261
2022,Kia,Sportage AWD,SUV: Small,2.4,4,I,AS6,X,10.8,9.1,10,28,238
2022,Land Rover,Discovery P300,SUV: Standard,2,4,I,AS8,Z,12.2,10.6,11.5,25,271
2022,Land Rover,Discovery P360,SUV: Standard,3,6,I,AS8,Z,12.8,9.8,11.4,25,270
2022,Land Rover,Range Rover P360,SUV: Standard,3,6,I,AS8,Z,13.3,10.2,11.9,24,279
2022,Land Rover,Range Rover P400,SUV: Standard,3,6,I,AS8,Z,13.3,10.2,11.9,24,279
2022,Land Rover,Range Rover P525,SUV: Standard,5,8,V,AS8,Z,14.4,11.3,13,22,305
2022,Land Rover,Range Rover P525 LWB,SUV: Standard,5,8,V,AS8,Z,14.4,11.3,13,22,305
2022,Land Rover,Range Rover SVAutobiography,SUV: Standard,5,8,V,AS8,Z,17.1,12.6,15.1,19,354
2022,Land Rover,Range Rover SVAutobiography LWB,SUV: Standard,5,8,V,AS8,Z,17.9,12.7,15.5,18,365
2022,Land Rover,Range Rover Sport P360,SUV: Standard,3,6,I,AS8,Z,12.7,9.9,11.4,25,269
2022,Land Rover,Range Rover Sport HST P400,SUV: Standard,3,6,I,AS8,Z,12.7,9.9,11.4,25,269
2022,Land Rover,Range Rover Sport P525,SUV: Standard,5,8,V,AS8,Z,14.1,10.7,12.6,22,294
2022,Land Rover,Range Rover Sport P575 SVR,SUV: Standard,5,8,V,AS8,Z,16.2,12,14.3,20,336
2022,Lexus,IS 300,Compact,2,4,I,AS6,Z,11,7.6,9.5,30,221
2022,Lexus,IS 300 AWD,Compact,3.5,6,I,AS6,Z,12.2,9,10.8,26,253
2022,Lexus,IS 500,Compact,5,8,V,AS8,Z,14.1,9.3,11.9,24,280
2022,Lexus,NX 350 AWD F SPORT,SUV: Small,2.4,4,I,AS8,Z,10.5,8.4,9.5,30,222
2022,Mazda,CX-3,Compact,2,4,I,AS6,X,8.3,6.9,7.7,37,179
2022,Mazda,CX-5 4WD,SUV: Small,2.5,4,I,AS6,X,10.2,8.2,9.3,30,216
2022,Mazda,CX-5 4WD (Cylinder Deactivation),SUV: Small,2.5,4,I,AS6,X,9.9,7.9,9,31,209
2022,Mazda,CX-5 Turbo 4WD,SUV: Small,2.5,4,I,AS6,X,10.8,8.7,9.8,29,230
2022,Mazda,Mazda3 4-Door,Compact,2,4,I,AS6,X,8.4,6.6,7.6,37,178
2022,Mazda,Mazda3 4-Door (SIL),Compact,2,4,I,M6,X,8.7,6.4,7.7,37,180
2022,Mazda,Mazda3 4-Door,Compact,2.5,4,I,AS6,X,8.9,6.5,7.8,36,183
2022,Mazda,Mazda3 4-Door 4WD,Compact,2.5,4,I,AS6,X,9.5,7.2,8.5,33,199
2022,Mazda,Mazda3 4-Door Turbo 4WD,Compact,2.5,4,I,AS6,X,10.1,7.3,8.8,32,207
2022,Mazda,Mazda3 5-Door,Mid-size,2,4,I,AS6,X,8.6,6.7,7.7,37,181
2022,Mazda,Mazda3 5-Door (SIL),Mid-size,2,4,I,M6,X,8.7,6.6,7.8,36,181
2022,Mazda,Mazda3 5-Door,Mid-size,2.5,4,I,AS6,X,9.1,6.8,8.1,35,190
2022,Mazda,Mazda3 5-Door (SIL),Mid-size,2.5,4,I,M6,X,9.6,7.1,8.4,34,198
2022,Mazda,Mazda3 5-Door 4WD,Mid-size,2.5,4,I,AS6,X,9.5,7.4,8.6,33,200
2022,Mazda,Mazda3 5-Door Turbo 4WD,Mid-size,2.5,4,I,AS6,X,10.1,7.5,8.9,32,209
2022,Mitsubishi,Outlander 4WD,SUV: Small,2.5,4,I,AV8,X,9.7,7.9,8.9,32,208
2022,Nissan,Pathfinder 4WD,SUV: Small,3.5,6,I,AS9,X,11.6,9.2,10.5,27,246
2022,Subaru,Forester AWD,SUV: Small,2.5,4,I,AV7,X,9,7.2,8.2,34,192
2022,Subaru,Forester Wilderness AWD,SUV: Small,2.5,4,I,AV8,X,9.5,8.3,9,31,210
2022,Subaru,Impreza 4-Door AWD,Mid-size,2,4,I,AV7,X,8.3,6.4,7.4,38,174
2022,Subaru,Impreza 4-Door AWD,Mid-size,2,4,I,M5,X,10.1,7.5,9,31,209
2022,Subaru,WRX AWD,Mid-size,2.4,4,I,AV8,Z,12.7,9.4,11.2,25,262
2022,Subaru,WRX AWD,Mid-size,2.4,4,I,M6,Z,12.3,9,10.8,26,254
2022,Toyota,C-HR,Compact,2,4,I,AS7,X,8.7,7.5,8.2,34,189
2022,Toyota,Camry LE/SE,Mid-size,2.5,4,I,AS8,X,8.5,6.1,7.4,38,174
2022,Toyota,Camry XSE,Mid-size,2.5,4,I,AS8,X,8.6,6.3,7.6,37,178
2022,Toyota,Camry XSE V6,Mid-size,3.5,6,I,AS8,X,10.7,7.4,9.2,31,215
2022,Toyota,Camry TRD,Mid-size,3.5,6,I,AS8,X,10.8,7.6,9.4,30,220
2022,Toyota,Camry AWD SE,Mid-size,2.5,4,I,AS8,X,9.4,6.8,8.2,34,192
2022,Toyota,Camry AWD XSE,Mid-size,2.5,4,I,AS8,X,9.5,7,8.4,34,195
2022,Toyota,Camry Hybrid LE,Mid-size,2.5,4,I,AV,X,4.9,4.8,4.9,58,113
2022,Toyota,Camry Hybrid SE/XLE/XSE,Mid-size,2.5,4,I,AV,X,5.3,5,5.1,55,121
2022,Toyota,Corolla,Compact,1.8,4,I,AV,X,7.9,6.2,7.1,40,166
2022,Toyota,Corolla,Compact,1.8,4,I,M6,X,8,6,7.1,40,165
2022,Toyota,Corolla,Compact,2,4,I,AV10,X,7.6,5.9,6.8,42,159
2022,Toyota,Corolla,Compact,2,4,I,M6,X,8.2,6.5,7.4,38,172
2022,Toyota,Corolla Hatchback,Compact,2,4,I,AV10,X,7.5,5.9,6.8,42,159
2022,Toyota,Corolla Hatchback,Compact,2,4,I,M6,X,8.4,6.7,7.6,37,179
2022,Toyota,Corolla Hybrid,Compact,1.8,4,I,AV,X,4.4,4.5,4.5,63,106
2022,Toyota,Corolla Cross,SUV: Small,2,4,I,AV10,X,7.6,7,7.3,39,171
2022,Toyota,Corolla Cross AWD,SUV: Small,2,4,I,AV10,X,8.1,7.4,7.8,36,182
2022,Toyota,GR86,Minicompact,2.4,4,I,AS6,Z,11.1,7.7,9.6,29,224
2022,Toyota,GR86,Minicompact,2.4,4,I,M6,Z,11.9,8.7,10.5,27,246
2022,Toyota,Prius,Mid-size,1.8,4,I,AV,X,4.4,4.7,4.5,63,106
2022,Toyota,Prius AWD,Mid-size,1.8,4,I,AV,X,4.6,5,4.8,59,111
2022,Toyota,RAV4,SUV: Small,2.5,4,I,AS8,X,8.8,6.8,7.9,36,184
2022,Toyota,RAV4 (Stop/Start),SUV: Small,2.5,4,I,AS8,X,8.5,6.8,7.7,37,180
2022,Toyota,RAV4 AWD,SUV: Small,2.5,4,I,AS8,X,9.5,7.1,8.4,34,198
2022,Toyota,RAV4 AWD (Stop/Start),SUV: Small,2.5,4,I,AS8,X,8.8,7.1,8,35,187
2022,Toyota,RAV4 AWD LE,SUV: Small,2.5,4,I,AS8,X,8.7,6.9,7.9,36,184
2022,Toyota,RAV4 AWD TRD Off-Road,SUV: Small,2.5,4,I,AS8,X,9.5,7.4,8.5,33,200
2022,Toyota,RAV4 Hybrid AWD,SUV: Small,2.5,4,I,AV,X,5.8,6.3,6,47,140
2022,Volkswagen,Golf GTI,Mid-size,2,4,I,AM7,X,9.3,7,8.3,34,194
2022,Volkswagen,Golf GTI,Mid-size,2,4,I,M6,X,9.8,6.9,8.5,33,198
2022,Volkswagen,Golf R,Mid-size,2,4,I,AM7,Z,10.3,7.7,9.1,31,213
2022,Volkswagen,Golf R,Mid-size,2,4,I,M6,Z,11.8,8.3,10.2,28,237
2022,Volkswagen,Jetta,Compact,1.5,4,I,AS8,X,7.7,5.7,6.8,42,159
2022,Volkswagen,Jetta,Compact,1.5,4,I,M6,X,8,5.5,6.9,41,161
2022,Volkswagen,Jetta GLI,Compact,2,4,I,AM7,X,9,6.5,7.9,36,185
2022,Volkswagen,Jetta GLI,Compact,2,4,I,M6,X,9.1,6.4,7.9,36,186
2022,Volkswagen,Passat,Mid-size,2,4,I,AS6,X,9.7,6.6,8.3,34,196
2022,Volkswagen,Tiguan 4MOTION,SUV: Small,2,4,I,AS8,X,10.6,8,9.4,30,222
2022,Volkswagen,Tiguan R-Line 4MOTION,SUV: Small,2,4,I,AS8,X,11,8.3,9.8,29,229
2022,Volvo,XC40 T4 AWD,SUV: Small,2,4,I,AS8,X,10.7,7.6,9.3,30,217
2022,Volvo,XC40 T5 AWD,SUV: Small,2,4,I,AS8,Z,10.7,7.7,9.4,30,219
2022,TOYOTA,LAND CRUISER 300,SUV,3.3,6,I,A10,D,10.5,7.5,9,31,235
2023,LAND ROVER,NEW DEFENDER 90 P400,SUV,3,6,I,A8,Z,12.5,9,11,26,258
2023,MERCEDES-BENZ,GLE 300d (V167 Facelift),SUV,2,4,I,A9,D,8,6,7.1,40,185
2023,MERCEDES-BENZ,GLS 350d (X167 Facelift),SUV,3,6,I,A9,D,10,7,7.8,36,205
2023,NISSAN,PATROL Y62 (4.0L V6 - Ref),SUV,4,6,I,A7,Z,15,10,12.5,23,295
2024,AUDI,Q6 e-tron 55,SUV,-,-,V,AWD,E,20.5 kWh/100km,-,-,-,0
2025,MERCEDES-BENZ,GLC 300 (New Gen Mild-Hybrid),SUV,2,4,I,A9,Z,7.5,5.5,6.7,42,154
2025,LAND ROVER,DEFENDER 130 D300,SUV,3,6,I,A8,D,9.5,7,8.3,34,218
2025,KGM,REXTON (2.2L New),SUV,2.2,4,I,A8,D,8.7,6.5,7.6,37,200
2025,KGM,SUV (New Diesel Ref),SUV,2.2,4,I,A8,D,8.5,6,7.4,38,195
2025,AUDI,Q6 e-tron P55,SUV,-,-,V,AWD,E,19.8 kWh/100km,-,-,-,0
2025,MERCEDES-BENZ,GLE 400e (PHEV),SUV,2,4,I,A9,P/E,3,2.5,2.8,101,65
2025,MERCEDES-BENZ,GLS 450 (Mild-Hybrid Ref),SUV,3,6,I,A9,Z,11.5,8,10.3,27,239
2025,TOYOTA,LAND CRUISER 300,SUV,3.4,6,I,A10,Z,12,8.5,10.3,27,245
2025,NISSAN,PATROL Y63 (Ref),SUV,3.5,6,I,A9,Z,14.5,9.5,12,24,285
2025,TOYOTA,VOXY (R90 - Hybrid),MPV,1.8,4,I,CVT,H,4.6,4.2,4.4,64,105
2025,SUZUKI,SPACIA HYBRID (MK94S),KEI CAR,0.7,3,I,CVT,H,3.5,2.7,3.2,73,78
2025,DAIHATSU,TANTO (LA650S - Refined Fuel Econ.),KEI CAR,0.7,3,I,CVT,Z,5,3.7,4.3,55,104
2025,TOYOTA,ALPHARD (AH40 - 2.5L Hybrid),MPV,2.5,4,I,CVT,H,5.5,4.5,5,56,120
2000,SUZUKI,WAGON R (JDM),MINICOMPACT,0.7,3,I,A4,X,6,4.8,5.4,52,125
2005,SUZUKI,WAGON R (JDM),MINICOMPACT,0.7,3,I,AV,X,5.8,4.5,5.2,54,119
2010,SUZUKI,WAGON R (K10B),MINICOMPACT,1,3,I,M5,X,6.5,4.9,5.7,50,132
2015,SUZUKI,WAGON R FZ,MINICOMPACT,1,3,I,AV,X,5.1,3.8,4.4,64,101
2020,SUZUKI,WAGON R Stingray,MINICOMPACT,0.7,3,I,AV,X,4.9,3.5,4.2,67,96
2025,SUZUKI,WAGON R (New),MINICOMPACT,1,3,I,AV,X,5,3.6,4.3,66,99
2000,TOYOTA,JDM Subcompact (Ref),MINICOMPACT,1.3,4,I,A4,X,7.5,6,6.8,42,156
2005,TOYOTA,JDM Subcompact (Ref),MINICOMPACT,1.3,4,I,AV,X,7,5.5,6.3,45,145
2010,TOYOTA,JDM Subcompact (Ref),MINICOMPACT,1.3,4,I,AV,X,6.5,5,5.8,49,134
2018,TOYOTA,TANK / ROOMY (Non-Turbo),MINICOMPACT,1,3,I,AV,X,6,4.5,5.3,53,122
2018,TOYOTA,TANK / ROOMY (Turbo),MINICOMPACT,1,3,I,AV,X,6.8,5.2,6.1,46,140
2025,TOYOTA,JDM Compact (New),MINICOMPACT,1,3,I,AV,X,5.8,4.3,5.1,55,117
2000,SUZUKI,JDM Minicar (Ref),MINICOMPACT,0.7,3,I,A4,X,6,4.8,5.4,52,125
2005,SUZUKI,JDM Minicar (Ref),MINICOMPACT,0.7,3,I,AV,X,5.8,4.5,5.2,54,119
2010,SUZUKI,JDM Minicar (Ref),MINICOMPACT,0.7,3,I,AV,X,5.6,4.2,4.9,57,113
2015,MAZDA,FLAIR / WAGON R,MINICOMPACT,0.7,3,I,AV,X,4.9,3.5,4.2,67,96
2020,MAZDA,FLAIR,MINICOMPACT,0.7,3,I,AV,X,4.8,3.4,4.1,69,94
2025,SUZUKI,JDM Minicar (New),MINICOMPACT,0.7,3,I,AV,X,4.7,3.3,4,71,92
2000,MARUTI SUZUKI,ALTO (Old Gen),MINICOMPACT,0.8,4,I,M5,X,6.5,5.2,5.9,48,136
2005,MARUTI SUZUKI,ALTO (Old Gen),MINICOMPACT,0.8,4,I,M5,X,6.2,5,5.6,50,129
2010,MARUTI SUZUKI,ALTO K10,MINICOMPACT,1,3,I,M5,X,6,4.8,5.4,52,125
2015,MARUTI SUZUKI,ALTO 800,MINICOMPACT,0.8,3,I,M5,X,5.5,4,4.8,59,111
2020,MARUTI SUZUKI,ALTO K10 (New),MINICOMPACT,1,3,I,AV,X,5,3.6,4.3,66,99
2025,SUZUKI,JDM Minicar (New),MINICOMPACT,0.7,3,I,AV,X,4.7,3.3,4,71,92
2000,TOYOTA,JDM Subcompact (Ref),SUBCOMPACT,1,3,I,A4,X,6.8,5.5,6.2,46,142
2005,TOYOTA,PASSO (1.0L),SUBCOMPACT,1,3,I,AV,X,6.3,4.8,5.6,50,129
2010,TOYOTA,PASSO (1.3L),SUBCOMPACT,1.3,4,I,AV,X,6.7,5,5.9,48,136
2015,TOYOTA,PASSO Moda,SUBCOMPACT,1,3,I,AV,X,5.5,4,4.8,59,111
2020,TOYOTA,PASSO JDM,SUBCOMPACT,1,3,I,AV,X,5.3,3.8,4.6,61,106
2025,TOYOTA,JDM Subcompact (New),SUBCOMPACT,1,3,I,AV,X,5.1,3.6,4.4,64,101
2000,DAIHATSU,JDM Minicar (Ref),MINICOMPACT,0.7,3,I,A4,X,6,4.8,5.4,52,125
2005,DAIHATSU,JDM Minicar (Ref),MINICOMPACT,0.8,3,I,M5,X,5.8,4.5,5.2,54,119
2010,PERODUA,VIVA 1.0,MINICOMPACT,1,3,I,A4,X,6.5,5,5.8,49,134
2015,PERODUA,VIVA 850,MINICOMPACT,0.8,3,I,A4,X,5.9,4.4,5.2,54,120
2020,PERODUA,VIVA 660,MINICOMPACT,0.7,3,I,M5,X,4.9,3.5,4.2,67,96
2025,DAIHATSU,JDM Minicar (New),MINICOMPACT,0.7,3,I,AV,X,4.7,3.3,4,71,92
2000,TOYOTA,JDM Subcompact (Ref),MINICOMPACT,1.3,4,I,A4,X,7.5,6,6.8,42,156
2005,TOYOTA,JDM Subcompact (Ref),MINICOMPACT,1.3,4,I,AV,X,7,5.5,6.3,45,145
2010,TOYOTA,JDM Subcompact (Ref),MINICOMPACT,1.3,4,I,AV,X,6.5,5,5.8,49,134
2018,TOYOTA,ROOMY (Non-Turbo),MINICOMPACT,1,3,I,AV,X,6,4.5,5.3,53,122
2018,TOYOTA,ROOMY (Turbo),MINICOMPACT,1,3,I,AV,X,6.8,5.2,6.1,46,140
2025,TOYOTA,ROOMY (New Gen),MINICOMPACT,1,3,I,AV,X,5.8,4.3,5.1,55,117
2000,TOYOTA,VITZ (XP10 - 1.0L),SUBCOMPACT,1,3,I,A4,X,6.5,5,5.8,49,134
2005,TOYOTA,VITZ (XP90 - 1.3L),SUBCOMPACT,1.3,4,I,AV,X,6.8,5.2,6.1,46,140
2010,TOYOTA,VITZ (XP90 - 1.0L),SUBCOMPACT,1,3,I,AV,X,5.5,4,4.8,59,111
2015,TOYOTA,VITZ (XP130 - 1.0L),SUBCOMPACT,1,3,I,AV,X,5.1,3.8,4.4,64,101
2020,TOYOTA,YARIS/VITZ (New Gen JDM),SUBCOMPACT,1.5,3,I,AV,X,5.4,4.1,4.8,59,111
2025,TOYOTA,SUBCOMPACT (New),SUBCOMPACT,1,3,I,AV,X,4.9,3.5,4.2,67,96
2000,HONDA,JDM Subcompact (Ref),SUBCOMPACT,1.3,4,I,A4,X,7.2,5.8,6.5,43,149
2005,HONDA,FIT (GD - 1.3L),SUBCOMPACT,1.3,4,I,AV,X,6,4.6,5.4,52,125
2010,HONDA,FIT (GE - 1.3L),SUBCOMPACT,1.3,4,I,AV,X,5.8,4.4,5.2,54,119
2015,HONDA,FIT (GK - 1.5L Hybrid),SUBCOMPACT,1.5,4,I,AV,Z,4.5,3.8,4.2,67,96
2020,HONDA,FIT (GR - 1.5L e:HEV),SUBCOMPACT,1.5,4,I,AV,Z,4,3.5,3.8,74,88
2025,HONDA,SUBCOMPACT (New Hybrid),SUBCOMPACT,1.5,4,I,AV,Z,3.8,3.3,3.6,78,83
2000,DAIHATSU,JDM Minicar (Ref),MINICOMPACT,0.7,3,I,A4,X,6,4.8,5.4,52,125
2003,PERODUA,KELISA (850cc),MINICOMPACT,0.8,3,I,M5,X,6.2,4.6,5.3,53,122
2005,PERODUA,KELISA (1.0L),MINICOMPACT,1,3,I,A4,X,6.8,5.2,6.1,46,140
2010,DAIHATSU,JDM Minicar (Ref),MINICOMPACT,0.7,3,I,AV,X,5.6,4.2,4.9,57,113
2015,DAIHATSU,JDM Minicar (Ref),MINICOMPACT,0.7,3,I,AV,X,4.9,3.5,4.2,67,96
2025,DAIHATSU,JDM Minicar (New),MINICOMPACT,0.7,3,I,AV,X,4.7,3.3,4,71,92
2000,DAIHATSU,JDM Minicar (Ref),MINICOMPACT,0.7,3,I,A4,X,6,4.8,5.4,52,125
2005,DAIHATSU,MIRA (L250),MINICOMPACT,0.7,3,I,AV,X,5.6,4.4,5,57,115
2010,DAIHATSU,MIRA (L275),MINICOMPACT,0.7,3,I,AV,X,5.2,4,4.6,61,106
2015,DAIHATSU,MIRA e:S,MINICOMPACT,0.7,3,I,AV,X,4.6,3.4,4,71,92
2020,DAIHATSU,MIRA e:S (Gen 2),MINICOMPACT,0.7,3,I,AV,X,4.3,3.3,3.8,74,88
2025,DAIHATSU,JDM Minicar (New),MINICOMPACT,0.7,3,I,AV,X,4.1,3.1,3.6,78,83
2000,MARUTI SUZUKI,JDM Minicar (Ref),MINICOMPACT,0.8,4,I,M5,X,6.5,5.2,5.9,48,136
2005,MARUTI SUZUKI,JDM Minicar (Ref),MINICOMPACT,0.8,4,I,M5,X,6.2,5,5.6,50,129
2010,MARUTI SUZUKI,JDM Minicar (Ref),MINICOMPACT,1,3,I,M5,X,6,4.8,5.4,52,125
2015,MARUTI SUZUKI,CELERIO (Gen 1),MINICOMPACT,1,3,I,AV,X,5.3,3.9,4.6,61,106
2020,**MARUTI SUZUKI**,CELERIO (Gen 1 AMT),MINICOMPACT,1,3,I,AV,X,5.1,3.6,4.3,66,99
2025,MARUTI SUZUKI,CELERIO (New Gen),MINICOMPACT,1,3,I,AV,X,4.8,3.4,4.1,69,94
2000,TOYOTA,JDM Subcompact (Ref),SUBCOMPACT,1.3,4,I,A4,X,7.2,5.8,6.5,43,149
2005,TOYOTA,JDM Subcompact (Ref),SUBCOMPACT,1.3,4,I,AV,X,6.8,5.2,6.1,46,140
2010,TOYOTA,JDM Subcompact (Ref),SUBCOMPACT,1.3,4,I,AV,X,6.5,5,5.8,49,134
2015,TOYOTA,AQUA (Gen 1 Hybrid),SUBCOMPACT,1.5,4,I,AV,Z,3.8,3.5,3.7,76,85
2020,TOYOTA,AQUA (Gen 1 Refresh),SUBCOMPACT,1.5,4,I,AV,Z,3.6,3.3,3.5,81,80
2025,TOYOTA,AQUA (Gen 2 Hybrid),SUBCOMPACT,1.5,3,I,AV,Z,3.4,3.2,3.3,86,76
2000,HYUNDAI,Subcompact (Ref - 1.3L),SUBCOMPACT,1.3,4,I,M5,X,7.8,6.2,7.1,40,163
2005,HYUNDAI,Subcompact (Ref - 1.3L),SUBCOMPACT,1.3,4,I,M5,X,7.5,6,6.8,42,156
2010,HYUNDAI,i20 (Gen 1 - 1.2L),SUBCOMPACT,1.2,4,I,M5,X,6,4.5,5.4,52,125
2015,HYUNDAI,ELITE i20 (Gen 2),SUBCOMPACT,1.4,4,I,A4,X,7.5,5.8,6.7,42,154
2020,HYUNDAI,i20 (Gen 3 - 1.2L),SUBCOMPACT,1.2,4,I,AV,X,5.5,4,4.8,59,11
2025,HYUNDAI,SUBCOMPACT (New Gen),SUBCOMPACT,1.2,4,I,AV,X,5.2,3.8,4.5,63,104
2000,KIA,Minicar (Ref - 1.0L),MINICOMPACT,1,4,I,M5,X,6.5,5,5.8,49,134
2005,KIA,PICANTO (Gen 1 - 1.1L),MINICOMPACT,1.1,4,I,M5,X,6,4.5,5.4,52,125
2010,KIA,PICANTO (Gen 1 Ref),MINICOMPACT,1,3,I,A4,X,6.2,4.8,5.6,50,129
2015,KIA,PICANTO (Gen 2 - 1.2L),MINICOMPACT,1.2,4,I,AV,X,5.8,4.3,5.1,55,117
2020,KIA,PICANTO (Gen 3 - 1.0L),MINICOMPACT,1,3,I,AV,X,5.5,4,4.8,59,111
2025,KIA,PICANTO (New Gen),MINICOMPACT,1,3,I,AV,X,5.1,3.6,4.4,64,101
2000,HONDA,CITY (Type Z),SUBCOMPACT,1.5,4,I,A4,X,8.5,6.5,7.5,38,170
2005,HONDA,CITY (i-DSI),SUBCOMPACT,1.5,4,I,AV,X,7.8,5.8,6.8,42,156
2010,HONDA,CITY (GM2),SUBCOMPACT,1.5,4,I,A5,X,8,6,7,40,161
2015,HONDA,CITY (GM6),SUBCOMPACT,1.5,4,I,AV,X,7.4,5.6,6.5,43,150
2020,HONDA,CITY (GN),SUBCOMPACT,1.5,4,I,AV,X,7.1,5.4,6.3,45,145
2025,HONDA,CITY (New Gen Hybrid),SUBCOMPACT,1.5,4,I,AV,Z,4.2,3.8,4,71,92
2000,NISSAN,ALMERA (N16/Sunny),COMPACT,1.6,4,I,M5,X,9,6.5,7.8,36,180
2005,NISSAN,ALMERA (N16 Ref),COMPACT,1.5,4,I,A4,X,8.5,6.2,7.5,38,173
2010,NISSAN,ALMERA (Gen 3 - N17),SUBCOMPACT,1.5,4,I,AV,X,7.2,5.5,6.4,44,147
2015,NISSAN,ALMERA (N17 Ref),SUBCOMPACT,1.2,3,I,AV,X,6.5,5,5.8,49,134
2020,NISSAN,ALMERA (New Gen - N18),SUBCOMPACT,1,3,I,AV,Z,6,4.5,5.3,53,122
2025,NISSAN,ALMERA (New Gen Ref),SUBCOMPACT,1,3,I,AV,Z,5.8,4.3,5.1,55,117
2000,NISSAN,SUNNY (B14/N16),COMPACT,1.6,4,I,A4,X,9,6.5,7.8,36,180
2005,NISSAN,SUNNY (N16 - Ref),COMPACT,1.5,4,I,A4,X,8.5,6.2,7.5,38,173
2010,NISSAN,SUNNY/ALMERA (N17),SUBCOMPACT,1.5,4,I,AV,X,7.2,5.5,6.4,44,147
2015,NISSAN,SUNNY/ALMERA (N17 Ref),SUBCOMPACT,1.5,4,I,AV,X,7,5.3,6.2,46,142
2020,NISSAN,SUNNY/VERSA (New Gen),SUBCOMPACT,1.6,4,I,AV,X,7.5,5.8,6.7,42,154
2025,NISSAN,SUBCOMPACT (New),SUBCOMPACT,1.5,4,I,AV,X,7.2,5.5,6.4,44,147
2000,BMW,318i,COMPACT,1.9,4,I,A4,Z,11.5,7.5,9.7,29,223
2005,BMW,318i,COMPACT,2,4,I,A5,Z,11,7.2,9.3,30,214
2010,BMW,318i,COMPACT,2,4,I,A6,Z,10.5,6.8,8.8,32,202
2015,BMW,318i,COMPACT,1.5,3,I,A8,Z,9.5,5.8,7.8,36,179
2020,BMW,318i,COMPACT,1.5,3,I,A8,Z,9,5.5,7.4,38,170
2025,BMW,318i,COMPACT,1.5,3,I,A8,Z,8.8,5.3,7.2,39,166
2000,MERCEDES-BENZ,C 180 (W203),COMPACT,2,4,I,A4,Z,12,8,10.2,28,235
2005,MERCEDES-BENZ,C 200 KOMPRESSOR,COMPACT,1.8,4,I,A5,Z,11.5,7.5,9.5,30,218
2010,MERCEDES-BENZ,C 180 (W204),COMPACT,1.8,4,I,A7,Z,10,6.5,8.4,34,193
2015,MERCEDES-BENZ,C 180 (W205),COMPACT,1.6,4,I,A7,Z,9,5.5,7.4,38,170
2020,MERCEDES-BENZ,C 200 (W205/W206),COMPACT,2,4,I,A9,Z,8.5,5,6.9,41,159
2025,MERCEDES-BENZ,C 200 (W206 Hybrid),COMPACT,1.5,4,I,A9,Z,7.5,4.5,6,47,138
2000,TOYOTA,COROLLA (E110/E120 Ref),COMPACT,1.5,4,I,A4,X,9,6.5,7.8,36,180
2005,TOYOTA,COROLLA (E120 Ref),COMPACT,1.5,4,I,A4,X,8.5,6.2,7.5,38,173
2010,TOYOTA,AXIO (E140/E160 - 1.5L),COMPACT,1.5,4,I,AV,X,7.5,5.8,6.7,42,154
2015,TOYOTA,AXIO (E160 - 1.5L),COMPACT,1.5,4,I,AV,X,7,5.4,6.3,45,145
2020,TOYOTA,AXIO Hybrid (E160/E210),COMPACT,1.5,4,I,AV,Z,4,3.5,3.8,74,88
2025,TOYOTA,AXIO Hybrid (New Gen),COMPACT,1.5,4,I,AV,Z,3.8,3.3,3.6,78,83
2000,NISSAN,BLUEBIRD (U14),COMPACT,1.8,4,I,A4,X,9.5,7,8.3,34,191
2005,NISSAN,BLUEBIRD SYLPHY (G10),COMPACT,1.8,4,I,AV,X,8.5,6.2,7.5,38,173
2010,NISSAN,BLUEBIRD SYLPHY (G11),COMPACT,1.5,4,I,AV,X,7.5,5.8,6.7,42,154
2015,NISSAN,SYLPHY (B17),COMPACT,1.6,4,I,AV,X,7.2,5.5,6.4,44,147
2020,NISSAN,SYLPHY (New Gen),COMPACT,1.8,4,I,AV,X,7.8,6,7,40,161
2025,NISSAN,COMPACT SEDAN (New Ref),COMPACT,1.6,4,I,AV,X,7.5,5.8,6.7,42,154
2000,TOYOTA,Compact SUV (Ref),SUV,1.8,4,I,A4,X,10.5,7.8,9.3,30,214
2005,TOYOTA,Compact SUV (Ref),SUV,1.8,4,I,A4,X,10,7.5,9,31,207
2010,TOYOTA,Compact SUV (Ref),SUV,1.5,4,I,AV,X,9,6.5,7.8,36,180
2015,TOYOTA,Compact SUV (Ref),SUV,1.5,4,I,AV,X,8.5,6.2,7.5,38,173
2020,TOYOTA,RAIZE (1.0L Turbo),COMPACT,1,3,I,AV,Z,6.5,5,5.8,49,134
2025,TOYOTA,RAIZE (New Gen Hybrid),COMPACT,1.2,3,I,AV,Z,5,3.8,4.4,64,101
2000,HONDA,Compact SUV (Ref - HR-V),SUV,1.6,4,I,A4,X,10,7.5,9,31,207
2005,HONDA,Compact SUV (Ref),SUV,1.8,4,I,A4,X,9.5,7,8.3,34,191
2010,HONDA,Compact SUV (Ref),SUV,1.8,4,I,A5,X,9,6.5,7.8,36,180
2015,HONDA,VEZEL (RU - 1.5L Hybrid),SUV,1.5,4,I,AV,Z,4.5,4,4.3,66,99
2020,HONDA,VEZEL (RU - 1.5L Petrol),SUV,1.5,4,I,AV,X,7.5,6,6.8,42,156
2025,HONDA,HR-V (RV - e:HEV Hybrid),SUV,1.5,4,I,AV,Z,4,3.5,3.8,74,88
2000,TOYOTA,Compact SUV (Ref),SUV,1.8,4,I,A4,X,10.5,7.8,9.3,30,214
2005,TOYOTA,Compact SUV (Ref),SUV,1.8,4,I,A4,X,10,7.5,9,31,207
2010,TOYOTA,Compact SUV (Ref),SUV,1.8,4,I,AV,X,9,6.5,7.8,36,180
2016,TOYOTA,C-HR (1.2L Turbo),SUV,1.2,4,I,AV,Z,7,5.5,6.3,45,145
2020,TOYOTA,C-HR (1.8L Hybrid),SUV,1.8,4,I,AV,Z,4.2,3.8,4,71,92
2025,TOYOTA,C-HR (New Gen Hybrid),SUV,2,4,I,AV,Z,4,3.6,3.8,74,88
2000,MERCEDES-BENZ,Luxury SUV (Ref - 2.0L),SUV,2,4,I,A4,Z,11,8,9.6,29,221
2005,MERCEDES-BENZ,Luxury SUV (Ref - 2.0L),SUV,2,4,I,A5,Z,10.5,7.5,9.1,31,210
2010,MERCEDES-BENZ,Compact Crossover (Ref),SUV,1.8,4,I,A7,Z,9.5,6.8,8.3,34,191
2015,MERCEDES,GLA 200 (X156),SUV,1.6,4,I,A7,Z,8.5,6.2,7.5,38,173
2020,MERCEDES,GLA 200 (H247),SUV,1.3,4,I,A8,Z,7.5,5.5,6.6,43,152
2025,MERCEDES,GLA 200 (Mild-Hybrid),SUV,1.3,4,I,A8,Z,7,5,6.1,46,140
2000,KIA,Subcompact Crossover (Ref),SUV,1.6,4,I,A4,X,9.5,7,8.3,34,191
2005,KIA,Subcompact Crossover (Ref),SUV,1.6,4,I,A4,X,9,6.5,7.8,36,180
2010,KIA,Subcompact Crossover (Ref),SUV,1.4,4,I,A4,X,8.5,6,7.3,39,168
2015,KIA,Subcompact Crossover (Ref),SUV,1.4,4,I,AV,X,8,5.8,7,40,161
2020,KIA,STONIC (1.4L NA),SUV,1.4,4,I,A6,X,7.5,5.5,6.6,43,152
2025,KIA,STONIC (1.0L Turbo Hybrid),SUV,1,3,I,A7,Z,6,4.5,5.3,53,122
2000,NISSAN,Compact SUV (Ref),SUV,1.8,4,I,A4,X,10.5,7.8,9.3,30,214
2005,NISSAN,Compact SUV (Ref),SUV,1.8,4,I,A4,X,10,7.5,9,31,207
2010,NISSAN,JUKE (Gen 1 - 1.6L),SUV,1.6,4,I,AV,X,7.8,6,7,40,161
2015,NISSAN,JUKE (1.6L Ref),SUV,1.6,4,I,AV,X,7.5,5.8,6.7,42,154
2020,NISSAN,JUKE (Gen 2 - 1.0L),SUV,1,3,I,A7,Z,6.5,5,5.8,49,134
2025,NISSAN,JUKE (1.6L Hybrid),SUV,1.6,4,I,A6,Z,4.5,3.8,4.2,67,96
2000,MAZDA,Compact SUV (Ref - 2.0L),SUV,2,4,I,A4,X,10.5,7.8,9.3,30,214
2005,MAZDA,Compact SUV (Ref - 2.0L),SUV,2,4,I,A4,X,10,7.5,9,31,207
2010,MAZDA,Compact SUV (Ref - 2.0L),SUV,2,4,I,A5,X,9.5,7,8.3,34,191
2015,MAZDA,CX-5 (Gen 1 - 2.0L),SUV,2,4,I,A6,X,8.5,6.2,7.5,38,173
2020,MAZDA,CX-5 (Gen 2 - 2.5L),SUV,2.5,4,I,A6,X,9,6.8,8,35,184
2025,MAZDA,CX-5 (New Gen Hybrid),SUV,2.5,4,I,A8,Z,7.5,5.5,6.6,43,152
2000,NISSAN,X-TRAIL (T30 - 2.0L),SUV,2,4,I,A4,X,10.5,7.8,9.3,30,214
2005,NISSAN,X-TRAIL (T30 Ref),SUV,2.5,4,I,A4,X,11,8,9.6,29,221
2010,NISSAN,X-TRAIL (T31 - 2.0L),SUV,2,4,I,AV,X,9.5,7,8.3,34,191
2015,NISSAN,X-TRAIL (T32 - 2.0L),SUV,2,4,I,AV,X,8.8,6.5,7.8,36,180
2020,NISSAN,X-TRAIL (T32 Ref),SUV,2.5,4,I,AV,X,9.5,7.2,8.5,33,196
2025,NISSAN,X-TRAIL (T33 e-Power),SUV,1.5,3,I,AV,Z,5,4,4.5,63,104
2000,MERCEDES-BENZ,M-CLASS (W163 - Ref),SUV,3.2,6,I,A5,Z,14,9.5,12,24,276
2005,MERCEDES-BENZ,M-CLASS (W163 Ref),SUV,3.7,6,I,A5,Z,13.5,9,11.5,25,264
2010,MERCEDES-BENZ,GLK 300 (X204),SUV,3,6,I,A7,Z,12,8.5,10.5,27,242
2015,MERCEDES-BENZ,GLK 250 (X204),SUV,2,4,I,A7,Z,10.5,7,9,31,207
2016,MERCEDES-BENZ,GLC 250 (X253),SUV,2,4,I,A9,Z,9.5,6.5,8.2,34,189
2020,MERCEDES-BENZ,GLC 300 (X253 Ref),SUV,2,4,I,A9,Z,8.5,6,7.4,38,170
2025,MERCEDES-BENZ,GLC 300 (New Gen Mild-Hybrid),SUV,2,4,I,A9,Z,7.5,5.5,6.7,42,154
2000,LAND ROVER,DEFENDER 110 (Td5),OFF-ROAD,2.5,5,I,M5,D,12,9.5,10.8,26,285
2005,LAND ROVER,DEFENDER 90 (Td5),OFF-ROAD,2.5,5,I,M5,D,11.5,9,10.3,27,272
2010,LAND ROVER,DEFENDER 110 (2.4L),OFF-ROAD,2.4,4,I,M6,D,11,8.5,9.8,29,260
2015,LAND ROVER,DEFENDER 90 (2.2L),OFF-ROAD,2.2,4,I,M6,D,10.5,8,9.3,30,247
2020,LAND ROVER,NEW DEFENDER 110 P300,SUV,2,4,I,A8,Z,11.5,8.5,10.2,28,235
2023,LAND ROVER,NEW DEFENDER 90 P400,SUV,3,6,I,A8,Z,12.5,9,11,26,258
2025,LAND ROVER,DEFENDER 130 D300,SUV,3,6,I,A8,D,9.5,7,8.3,34,218
2005,SSANGYONG,REXTON (2.9L - Micro),SUV,2.9,5,I,A5,D,12,9,10.5,27,275
2010,SSANGYONG,REXTON II (2.7L - Micro),SUV,2.7,5,I,A5,D,11.5,8.5,10,28,265
2015,SSANGYONG,REXTON W (2.2L - Micro),SUV,2.2,4,I,A7,D,10.5,7.5,9,31,237
2020,SSANGYONG,REXTON (G4 - 2.2L),SUV,2.2,4,I,A8,D,9.8,7,8.4,34,221
2025,KGM,REXTON (2.2L New),SUV,2.2,4,I,A8,D,8.7,6.5,7.6,37,200
2000,SSANGYONG,SUV (Ref - Pre-Kyron),SUV,2.3,4,I,A4,D,12.5,9.8,11.2,25,295
2005,SSANGYONG,KYRON (2.0L - Micro),SUV,2,4,I,A5,D,11,8.5,9.8,29,258
2010,SSANGYONG,KYRON (Facelift - 2.0L),SUV,2,4,I,A5,D,10.5,8,9.3,30,245
2015,SSANGYONG,SUV (Ref - Post-Kyron),SUV,2,4,I,A6,D,10,7.5,8.8,32,232
2020,SSANGYONG,SUV (Modern Diesel Ref),SUV,2,4,I,A8,D,9.5,7,8.3,34,218
2025,KGM,SUV (New Diesel Ref),SUV,2.2,4,I,A8,D,8.5,6,7.4,38,195
2000,AUDI,A6 ALLROAD (Ref),WAGON,2.7,6,I,A5,Z,13,9,11.2,25,260
2005,AUDI,A6 ALLROAD (Ref),WAGON,3.2,6,I,A6,Z,12.5,8.5,10.7,26,248
2010,AUDI,Q5 2.0 TFSI,SUV,2,4,I,A7,Z,10,7.5,8.9,32,207
2015,AUDI,Q5 3.0 TDI,SUV,3,6,I,A7,D,8.5,6,7.4,38,195
2020,AUDI,Q5 45 TFSI,SUV,2,4,I,A7,Z,9,6.5,7.9,36,185
2024,AUDI,Q6 e-tron 55,SUV,,,I,AWD,E,20.5 kWh/100km,,,,0
2025,AUDI,Q6 e-tron P55,SUV,,,I,AWD,E,19.8 kWh/100km,,,,0
2000,MERCEDES-BENZ,M-CLASS ML 320 (W163),SUV,3.2,6,I,A5,Z,14.5,10,12.5,23,288
2005,MERCEDES-BENZ,M-CLASS ML 350 (W163),SUV,3.7,6,I,A5,Z,13.5,9.5,11.8,24,276
2010,MERCEDES-BENZ,M-CLASS ML 350 (W164),SUV,3.5,6,I,A7,Z,12,8.5,10.4,27,242
2015,MERCEDES-BENZ,GLE 250d (W166 - M-Class Ref),SUV,2.1,4,I,A9,D,8.5,6.5,7.6,37,199
2020,MERCEDES-BENZ,GLE 450 (V167),SUV,3,6,I,A9,Z,11.5,8,9.9,28,230
2023,MERCEDES-BENZ,GLE 300d (V167 Facelift),SUV,2,4,I,A9,D,8,6,7.1,40,185
2025,MERCEDES-BENZ,GLE 400e (PHEV),SUV,2,4,I,A9,P/E,3,2.5,2.8,101,65
2000,TOYOTA,LAND CRUISER 100,SUV,4.2,6,I,A4/M5,D,15,10,12.5,23,330
2005,TOYOTA,LAND CRUISER 100,SUV,4.7,8,V,A5,Z,16.5,11.5,14,20,340
2010,TOYOTA,LAND CRUISER 200,SUV,4.5,8,V,A6,D,13,9,11,26,290
2015,TOYOTA,LAND CRUISER PRADO,SUV,3,4,I,A5,D,10.5,7.5,9,31,238
2020,TOYOTA,LAND CRUISER 200,SUV,4.5,8,V,A6,D,13,9,11,26,290
2022,TOYOTA,LAND CRUISER 300,SUV,3.3,6,I,A10,D,10.5,7.5,9,31,235
2025,TOYOTA,LAND CRUISER 300,SUV,3.4,6,I,A10,Z,12,8.5,10.3,27,245
2000,MERCEDES-BENZ,M-CLASS ML 320 (Ref),SUV,3.2,6,I,A5,Z,14.5,10.5,12.5,23,290
2005,MERCEDES-BENZ,GL-CLASS (Pre-GL X164 Ref),SUV,4.7,8,V,A5,Z,15.5,11.5,13.5,21,315
2010,MERCEDES-BENZ,GL 350 CDI (X164),SUV,3,6,I,A7,D,12,8,9.8,29,259
2015,MERCEDES-BENZ,GL 350 d (X166),SUV,3,6,I,A7,D,9.5,7,7.7,37,201
2020,MERCEDES-BENZ,GLS 450 (X167 - Mild-Hybrid),SUV,3,6,I,A9,Z,12.5,8.5,10.7,26,247
2023,MERCEDES-BENZ,GLS 350d (X167 Facelift),SUV,3,6,I,A9,D,10,7,7.8,36,205
2025,MERCEDES-BENZ,GLS 450 (Mild-Hybrid Ref),SUV,3,6,I,A9,Z,11.5,8,10.3,27,239
2000,NISSAN,PATROL Y61 (4.2L),OFF-ROAD,4.2,6,I,M5,D,16,11,13.5,21,355
2005,NISSAN,PATROL Y61 (3.0L),OFF-ROAD,3,4,I,A4,D,13.5,9.5,11.5,25,303
2010,NISSAN,PATROL Y62 (5.6L - Pre-Facelift),SUV,5.6,8,V,A5,Z,18,12.5,15.3,18,360
2015,NISSAN,PATROL Y62 (5.6L - Facelift),SUV,5.6,8,V,A7,Z,17.5,12,14.9,19,350
2020,NISSAN,PATROL Y62 (5.6L - VVEL),SUV,5.6,8,V,A7,Z,17,11.5,14.5,19,340
2023,NISSAN,PATROL Y62 (4.0L V6 - Ref),SUV,4,6,I,A7,Z,15,10,12.5,23,295
2025,NISSAN,PATROL Y63 (Ref),SUV,3.5,6,I,A9,Z,14.5,9.5,12,24,285
2000,TOYOTA,NOAH (Predecessor),MPV,2,4,I,A4,Z,10.5,8,9.4,30,220
2005,TOYOTA,VOXY (ZRR60),MPV,2,4,I,A4,Z,9.8,7.5,8.8,32,205
2010,TOYOTA,VOXY (ZRR70),MPV,2,4,I,CVT,Z,9,7,8.1,35,190
2015,TOYOTA,VOXY (ZRR80 - Hybrid),MPV,1.8,4,I,CVT,H,5,4.5,4.8,59,112
2020,TOYOTA,VOXY (ZRR80 - Petrol),MPV,2,4,I,CVT,Z,8.5,6.5,7.6,37,178
2025,TOYOTA,VOXY (R90 - Hybrid),MPV,1.8,4,I,CVT,H,4.6,4.2,4.4,64,105
2000,SUZUKI,KEI CAR (Ref - Alto/Wagon R),KEI CAR,0.7,3,I,M5,Z,6,4.5,5.2,45,125
2005,SUZUKI,KEI CAR (Ref - Wagon R),KEI CAR,0.7,3,I,A4,Z,6.5,4.8,5.6,42,135
2010,SUZUKI,PALETTE/KEI CAR (Spacia Pre.),KEI CAR,0.7,3,I,CVT,Z,5.5,4,4.8,49,115
2015,SUZUKI,SPACIA (MK32S),KEI CAR,0.7,3,I,CVT,H,3.8,3,3.5,67,85
2020,SUZUKI,SPACIA CUSTOM (MK53S),KEI CAR,0.7,3,I,CVT,H,3.6,2.8,3.3,71,80
2025,SUZUKI,PACIA HYBRID (MK94S),KEI CAR,0.7,3,I,CVT,H,3.5,2.7,3.2,73,78
2000,DAIHATSU,MIRA/MOVE (Ref),KEI CAR,0.7,3,I,M5,Z,6.2,4.6,5.4,44,130
2005,DAIHATSU,TANTO (L350S),KEI CAR,0.7,3,I,A4,Z,6.6,4.9,5.7,41,137
2010,DAIHATSU,TANTO CUSTOM (L375S),KEI CAR,0.7,3,I,CVT,Z,5.9,4.2,5,47,118
2015,DAIHATSU,TANTO (LA600S - Smart Assist),KEI CAR,0.7,3,I,CVT,Z,5.5,4,4.8,49,115
2020,DAIHATSU,TANTO (LA650S - Turbo/Non-Hybrid),KEI CAR,0.7,3,I,CVT,Z,5.2,3.8,4.5,52,108
2025,DAIHATSU,TANTO (LA650S - Refined Fuel Econ.),KEI CAR,0.7,3,I,CVT,Z,5,3.7,4.3,55,104
2000,TOYOTA,GRAND HIACE (Alphard Pre.),MPV,3,6,I,A4,Z,14.5,9.5,12,24,280
2005,TOYOTA,ALPHARD (ANH10 - 2.4L),MPV,2.4,4,I,A4,Z,11.5,8,10,28,235
2010,TOYOTA,ALPHARD (ANH20 - 2.4L),MPV,2.4,4,I,CVT,Z,10.5,7.5,9.2,31,215
2015,TOYOTA,ALPHARD (AH30 - 2.5L Hybrid),MPV,2.5,4,I,CVT,H,6,5,5.5,51,130
2020,TOYOTA,ALPHARD (AH30 - 3.5L V6),MPV,3.5,6,I,A8,Z,13.5,9,11.5,25,270
2025,TOYOTA,ALPHARD (AH40 - 2.5L Hybrid),MPV,2.5,4,I,CVT,H,5.5,4.5,5,56,120
2000,SUZUKI,SWIFT (Gen 2 - 1.3L),SUBCOMPACT,1.3,4,I,M5,X,7.5,6,6.8,42,156
2005,SUZUKI,SWIFT (Gen 3 - 1.3L),SUBCOMPACT,1.3,4,I,A4,X,7,5.5,6.3,45,145
2010,SUZUKI,SWIFT (Gen 3 - 1.2L),SUBCOMPACT,1.2,4,I,M5,X,6.5,5,5.8,49,134
2015,SUZUKI,SWIFT (Gen 4 - 1.2L),SUBCOMPACT,1.2,4,I,AV,X,6,4.5,5.3,53,122
2020,SUZUKI,SWIFT (Gen 5 - 1.2L),SUBCOMPACT,1.2,4,I,AV,X,5.5,4,4.8,59,111
2025,SUZUKI,SWIFT (New Gen Hybrid),SUBCOMPACT,1.2,3,I,AV,Z,4.5,3.5,4,71,92
2000,SUZUKI,WAGON R (JDM),MINICOMPACT,0.7,3,I,A4,X,6,4.8,5.4,52,125
2005,SUZUKI,WAGON R (JDM),MINICOMPACT,0.7,3,I,AV,X,5.8,4.5,5.2,54,119
2010,SUZUKI,WAGON R (K10B),MINICOMPACT,1,3,I,M5,X,6.5,4.9,5.7,50,132
2015,SUZUKI,WAGON R FZ,MINICOMPACT,1,3,I,AV,X,5.1,3.8,4.4,64,101
2020,SUZUKI,WAGON R Stingray,MINICOMPACT,0.7,3,I,AV,X,4.9,3.5,4.2,67,96
2025,SUZUKI,WAGON R (New),MINICOMPACT,1,3,I,AV,X,5,3.6,4.3,66,99
2018,TOYOTA,TANK / ROOMY (Non-Turbo),MINICOMPACT,1,3,I,AV,X,6,4.5,5.3,53,122
2018,TOYOTA,TANK / ROOMY (Turbo),MINICOMPACT,1,3,I,AV,X,6.8,5.2,6.1,46,140
2015,MAZDA,FLAIR / WAGON R,MINICOMPACT,0.7,3,I,AV,X,4.9,3.5,4.2,67,96
2020,MAZDA,FLAIR,MINICOMPACT,0.7,3,I,AV,X,4.8,3.4,4.1,69,94
2000,SUZUKI,KEI CAR (Ref - Alto/Wagon R),KEI CAR,0.7,3,I,M5,Z,6,4.5,5.2,45,125
2000,MARUTI SUZUKI,ALTO (Old Gen),MINICOMPACT,0.8,4,I,M5,X,6.5,5.2,5.9,48,136
2005,MARUTI SUZUKI,ALTO (Old Gen),MINICOMPACT,0.8,4,I,M5,X,6.2,5,5.6,50,129
2010,MARUTI SUZUKI,ALTO K10,MINICOMPACT,1,3,I,M5,X,6,4.8,5.4,52,125
2015,MARUTI SUZUKI,ALTO 800,MINICOMPACT,0.8,3,I,M5,X,5.5,4,4.8,59,111
2020,MARUTI SUZUKI,ALTO K10 (New),MINICOMPACT,1,3,I,AV,X,5,3.6,4.3,66,99
2010,PERODUA,VIVA 1.0,MINICOMPACT,1,3,I,A4,X,6.5,5,5.8,49,134
2015,PERODUA,VIVA 850,MINICOMPACT,0.8,3,I,A4,X,5.9,4.4,5.2,54,120
2020,PERODUA,VIVA 660,MINICOMPACT,0.7,3,I,M5,X,4.9,3.5,4.2,67,96
2000,DAIHATSU,MIRA/MOVE (Ref),KEI CAR,0.7,3,I,M5,Z,6.2,4.6,5.4,44,130
2005,DAIHATSU,MIRA (L250),MINICOMPACT,0.7,3,I,AV,X,5.6,4.4,5,57,115
2010,DAIHATSU,MIRA (L275),MINICOMPACT,0.7,3,I,AV,X,5.2,4,4.6,61,106
2015,DAIHATSU,MIRA e:S,MINICOMPACT,0.7,3,I,AV,X,4.6,3.4,4,71,92
2020,DAIHATSU,MIRA e:S (Gen 2),MINICOMPACT,0.7,3,I,AV,X,4.3,3.3,3.8,74,88
2025,DAIHATSU,JDM Minicar (New),MINICOMPACT,0.7,3,I,AV,X,4.1,3.1,3.6,78,83
2018,TOYOTA,TANK / ROOMY (Non-Turbo),MINICOMPACT,1,3,I,AV,X,6,4.5,5.3,53,122
2018,TOYOTA,TANK / ROOMY (Turbo),MINICOMPACT,1,3,I,AV,X,6.8,5.2,6.1,46,140
2018,TOYOTA,ROOMY (Non-Turbo),MINICOMPACT,1,3,I,AV,X,6,4.5,5.3,53,122
2018,TOYOTA,ROOMY (Turbo),MINICOMPACT,1,3,I,AV,X,6.8,5.2,6.1,46,140
2025,TOYOTA,ROOMY (New Gen),MINICOMPACT,1,3,I,AV,X,5.8,4.3,5.1,55,117
2000,TOYOTA,VITZ (XP10 - 1.0L),SUBCOMPACT,1,3,I,A4,X,6.5,5,5.8,49,134
2005,TOYOTA,VITZ (XP90 - 1.3L),SUBCOMPACT,1.3,4,I,AV,X,6.8,5.2,6.1,46,140
2010,TOYOTA,VITZ (XP90 - 1.0L),SUBCOMPACT,1,3,I,AV,X,5.5,4,4.8,59,111
2015,TOYOTA,VITZ (XP130 - 1.0L),SUBCOMPACT,1,3,I,AV,X,5.1,3.8,4.4,64,101
2020,TOYOTA,YARIS/VITZ (New Gen JDM),SUBCOMPACT,1.5,3,I,AV,X,5.4,4.1,4.8,59,111
2000,AUDI,A4,COMPACT,1.8,4,I,A5,Z,11.4,7.2,9.5,30,218
2000,AUDI,A4,COMPACT,1.8,4,I,M5,Z,9.7,6.8,8.4,34,193
2000,AUDI,A4,COMPACT,2.8,6,I,A5,Z,13,8.2,10.8,26,248
2000,AUDI,A4,COMPACT,2.8,6,I,M5,Z,11.7,7.5,9.8,29,225
2000,AUDI,A4 QUATTRO,COMPACT,1.8,4,I,A5,Z,12.1,7.7,10.1,28,232
2000,AUDI,A4 QUATTRO,COMPACT,1.8,4,I,M5,Z,10.7,7.5,9.3,30,214
2000,AUDI,A4 QUATTRO,COMPACT,2.8,6,I,A5,Z,13.3,8.5,11.1,25,255
2000,AUDI,A4 QUATTRO,COMPACT,2.8,6,I,M5,Z,12.7,8.7,10.9,26,251
2000,AUDI,A6,MID-SIZE,2.8,6,I,A5,Z,13.4,8.6,11.2,25,258
2000,AUDI,A6 QUATTRO,MID-SIZE,2.7,6,I,A5,Z,13.6,9,11.5,25,264
2000,AUDI,A6 QUATTRO,MID-SIZE,2.7,6,I,M6,Z,13.6,9.1,11.6,24,267
2000,AUDI,A6 QUATTRO,MID-SIZE,2.8,6,I,A5,Z,13.8,9.1,11.7,24,269
2000,AUDI,A6 QUATTRO,MID-SIZE,2.8,6,I,M5,Z,13,9.2,11.3,25,260
2000,AUDI,A6 QUATTRO,MID-SIZE,4.2,8,V,A5,Z,13.9,9.1,11.7,24,269
2000,AUDI,A8 QUATTRO,MID-SIZE,4.2,8,V,A5,Z,13.9,9.1,11.7,24,269
2000,AUDI,A6 ALLROAD (Ref),WAGON,2.7,6,I,A5,Z,13,9,11.2,25,260
2001,AUDI,A4,COMPACT,1.8,4,I,A5,Z,11.7,7.6,9.9,29,228
2001,AUDI,A4,COMPACT,1.8,4,I,M5,Z,10.4,6.8,8.8,32,202
2001,AUDI,A4,COMPACT,2.8,6,I,A5,Z,13,8.2,10.8,26,248
2001,AUDI,A4 QUATTRO,COMPACT,1.8,4,I,A5,Z,11.8,7.9,10,28,230
2001,AUDI,A4 QUATTRO,COMPACT,1.8,4,I,M5,Z,10.8,7.2,9.2,31,212
2001,AUDI,A4 QUATTRO,COMPACT,2.8,6,I,A5,Z,13.3,8.5,11.1,25,255
2001,AUDI,A4 QUATTRO,COMPACT,2.8,6,I,M5,Z,12.7,8.7,10.9,26,251
2001,AUDI,A6,MID-SIZE,2.8,6,I,A5,Z,13.4,8.6,11.2,25,258
2001,AUDI,A6 QUATTRO,MID-SIZE,2.7,6,I,A5,Z,13.6,8.9,11.5,25,264
2001,AUDI,A6 QUATTRO,MID-SIZE,2.7,6,I,M6,Z,13.6,9.1,11.6,24,267
2001,AUDI,A6 QUATTRO,MID-SIZE,2.8,6,I,A5,Z,13.8,9.1,11.7,24,269
2001,AUDI,A6 QUATTRO,MID-SIZE,4.2,8,V,A5,Z,13.8,8.7,11.5,25,264
2001,AUDI,A8 L,FULL-SIZE,4.2,8,V,A5,Z,13.8,8.7,11.5,25,264
2001,AUDI,A8 QUATTRO,FULL-SIZE,4.2,8,V,A5,Z,13.8,8.7,11.5,25,264
2002,AUDI,A4,COMPACT,1.8,4,I,AV,Z,11.4,7.5,9.6,29,221
2002,AUDI,A4,COMPACT,1.8,4,I,M5,Z,10.6,6.9,8.9,32,205
2002,AUDI,A4 QUATTRO,COMPACT,1.8,4,I,AS5,Z,12.2,7.7,10.2,28,235
2002,AUDI,A4 QUATTRO,COMPACT,1.8,4,I,M5,Z,11.3,7.5,9.6,29,221
2002,AUDI,A4 QUATTRO,COMPACT,3,6,I,AS5,Z,13.5,8.4,11.2,25,258
2002,AUDI,A4 QUATTRO,COMPACT,3,6,I,M6,Z,13.4,8.6,11.2,25,258
2002,AUDI,A6,MID-SIZE,3,6,I,AV,Z,12.6,8.5,10.8,26,248
2002,AUDI,A6 QUATTRO,MID-SIZE,2.7,6,I,AS5,Z,13.8,8.9,11.6,24,267
2002,AUDI,A6 QUATTRO,MID-SIZE,2.7,6,I,M6,Z,13.7,8.9,11.5,25,264
2002,AUDI,A6 QUATTRO,MID-SIZE,3,6,I,AS5,Z,13.5,8.4,11.2,25,258
2002,AUDI,A6 QUATTRO,MID-SIZE,4.2,8,V,AS5,Z,13.8,8.7,11.5,25,264
2002,AUDI,A8 QUATTRO,MID-SIZE,4.2,8,V,AS5,Z,13.8,8.7,11.5,25,264
2002,AUDI,A8L QUATTRO,FULL-SIZE,4.2,8,V,AS5,Z,13.8,8.7,11.5,25,264
2003,AUDI,A4,COMPACT,1.8,4,I,AV,Z,10.2,7.3,8.9,32,205
2003,AUDI,A4,COMPACT,3,6,I,AV,Z,11.7,7.7,9.9,29,228
2003,AUDI,A4 CABRIOLET,COMPACT,1.8,4,I,AV,Z,10.2,7.2,8.8,32,202
2003,AUDI,A4 CABRIOLET,COMPACT,3,6,I,AV,Z,11.5,8.1,10,28,230
2003,AUDI,A4 QUATTRO,COMPACT,1.8,4,I,AS5,Z,11.6,7.6,9.8,29,225
2003,AUDI,A4 QUATTRO,COMPACT,1.8,4,I,M5,Z,11.3,7.5,9.6,29,221
2003,AUDI,A4 QUATTRO,COMPACT,3,6,I,AS5,Z,12.8,8.4,10.8,26,248
2003,AUDI,A4 QUATTRO,COMPACT,3,6,I,M6,Z,13.4,8.7,11.3,25,260
2003,AUDI,A6,MID-SIZE,3,6,I,AV,Z,11.5,8.1,10,28,230
2003,AUDI,A6 QUATTRO,MID-SIZE,2.7,6,I,AS5,Z,13.1,8.6,11.1,25,255
2003,AUDI,A6 QUATTRO,MID-SIZE,2.7,6,I,M6,Z,13.1,8.5,11,26,253
2003,AUDI,A6 QUATTRO,MID-SIZE,3,6,I,AS5,Z,12.8,8.4,10.8,26,248
2003,AUDI,A6 QUATTRO,MID-SIZE,4.2,8,V,AS5,Z,13.8,8.7,11.5,25,264
2003,AUDI,A8,MID-SIZE,4.2,8,V,AS5,Z,13.8,8.7,11.5,25,264
2003,AUDI,A8L,FULL-SIZE,4.2,8,V,AS5,Z,13.7,8.8,11.5,25,264
2004,AUDI,A4,COMPACT,1.8,4,I,AV,Z,10.2,7.3,8.9,32,205
2004,AUDI,A4 CABRIOLET,SUBCOMPACT,1.8,4,I,AV,Z,10.2,7.2,8.8,32,202
2004,AUDI,A4 CABRIOLET,SUBCOMPACT,3,6,I,AV,Z,11.5,8.1,10,28,230
2004,AUDI,A4 CABRIOLET QUATTRO,SUBCOMPACT,3,6,I,AS5,Z,12.8,8.4,10.8,26,248
2004,AUDI,A4 QUATTRO,COMPACT,1.8,4,I,AS5,Z,11.7,7.6,9.9,29,228
2004,AUDI,A4 QUATTRO,COMPACT,1.8,4,I,M6,Z,11.2,7.2,9.4,30,216
2004,AUDI,A4 QUATTRO,COMPACT,3,6,I,AS5,Z,12.8,8.4,10.8,26,248
2004,AUDI,A4 QUATTRO,COMPACT,3,6,I,M6,Z,13.5,8.7,11.3,25,260
2004,AUDI,A6,MID-SIZE,3,6,I,AV,Z,11.5,8.1,10,28,230
2004,AUDI,A6 QUATTRO,MID-SIZE,2.7,6,I,AS5,Z,13.1,8.6,11.1,25,255
2004,AUDI,A6 QUATTRO,MID-SIZE,2.7,6,I,M6,Z,13.1,8.5,11,26,253
2004,AUDI,A6 QUATTRO,MID-SIZE,3,6,I,AS5,Z,12.8,8.4,10.8,26,248
2004,AUDI,A6 QUATTRO,MID-SIZE,4.2,8,V,AS5,Z,13.7,8.9,11.5,25,264
2004,AUDI,A8L,FULL-SIZE,4.2,8,V,AS6,Z,13.5,8.9,11.4,25,262
2005,AUDI,A4,COMPACT,1.8,4,I,AV,Z,10.4,7.3,9,31,207
2005,AUDI,A4 CABRIOLET,SUBCOMPACT,1.8,4,I,AV,Z,10.2,7.2,8.9,32,205
2005,AUDI,A4 CABRIOLET,SUBCOMPACT,3,6,I,AV,Z,11.3,7.6,9.6,29,221
2005,AUDI,A4 CABRIOLET QUATTRO,SUBCOMPACT,3,6,I,AS5,Z,12.9,8.4,10.8,26,248
2005,AUDI,A4 QUATTRO,COMPACT,1.8,4,I,AS5,Z,11.7,7.6,9.8,29,225
2005,AUDI,A4 QUATTRO,COMPACT,1.8,4,I,M6,Z,11.2,7.2,9.4,30,216
2005,AUDI,A4 QUATTRO,COMPACT,3,6,I,AS5,Z,12.9,8.4,10.8,26,248
2005,AUDI,A4 QUATTRO,COMPACT,3,6,I,M6,Z,12.9,8.3,10.8,26,248
2005,AUDI,A4 QUATTRO,COMPACT,3.1,6,I,AS6,Z,12.6,8.2,10.6,27,244
2005,AUDI,A6 QUATTRO,MID-SIZE,3.1,6,I,AS6,Z,12.6,8.2,10.6,27,244
2005,AUDI,A6 QUATTRO,MID-SIZE,4.2,8,V,AS6,Z,13.6,9.3,11.7,24,269
2005,AUDI,A8,MID-SIZE,4.2,8,V,AS6,Z,13.4,8.9,11.4,25,262
2005,AUDI,A8L,FULL-SIZE,4.2,8,V,AS6,Z,13.4,8.9,11.4,25,262
2005,AUDI,A6 ALLROAD (Ref),WAGON,3.2,6,I,A6,Z,12.5,8.5,10.7,26,248
2006,AUDI,A4,COMPACT,2,4,I,AV,Z,9.8,6.7,8.4,34,193
2006,AUDI,A4,COMPACT,2,4,I,M6,Z,10.1,6.2,8.4,34,193
2006,AUDI,A4 CABRIOLET QUATTRO,SUBCOMPACT,3,6,I,AS5,Z,13.2,8.6,11.1,25,255
2006,AUDI,A4 QUATTRO,COMPACT,2,4,I,AS6,Z,10.8,7.2,9.2,31,212
2006,AUDI,A4 QUATTRO,COMPACT,2,4,I,M6,Z,10.6,7,9,31,207
2006,AUDI,A4 QUATTRO,COMPACT,3.1,6,I,AS6,Z,12.3,8.1,10.4,27,239
2006,AUDI,A6 QUATTRO,MID-SIZE,3.1,6,I,AS6,Z,12.3,8.1,10.4,27,239
2006,AUDI,A6 QUATTRO,MID-SIZE,4.2,8,V,AS6,Z,13.6,9.3,11.7,24,269
2006,AUDI,A8,MID-SIZE,4.2,8,V,AS6,Z,13.4,8.9,11.4,25,262
2006,AUDI,A8L,FULL-SIZE,4.2,8,V,AS6,Z,13.4,8.9,11.4,25,262
2007,AUDI,A4,COMPACT,2,4,I,AV,Z,9.8,6.7,8.4,34,193
2007,AUDI,A4,COMPACT,2,4,I,M6,Z,10.2,6.3,8.5,33,196
2007,AUDI,A4 CABRIOLET,SUBCOMPACT,2,4,I,AV,Z,9.8,6.7,8.4,34,193
2007,AUDI,A4 CABRIOLET,COMPACT,3.1,6,I,AS6,Z,12.5,8.1,10.5,27,242
2007,AUDI,A4 QUATTRO,COMPACT,2,4,I,AS6,Z,10.8,7.2,9.2,31,212
2007,AUDI,A4 QUATTRO,COMPACT,2,4,I,M6,Z,10.6,7,9,31,207
2007,AUDI,A4 QUATTRO,COMPACT,3.1,6,I,AS6,Z,12.1,8,10.3,27,237
2007,AUDI,A4 QUATTRO,COMPACT,3.1,6,I,M6,Z,13.6,8.1,11.1,25,255
2007,AUDI,A6 QUATTRO,MID-SIZE,3.1,6,I,AS6,Z,12.1,8,10.3,27,237
2007,AUDI,A6 QUATTRO,MID-SIZE,4.2,8,V,AS6,Z,13.1,8.8,11.2,25,258
2007,AUDI,A8,MID-SIZE,4.2,8,V,AS6,Z,13.1,8.8,11.2,25,258
2007,AUDI,A8 L,FULL-SIZE,4.2,8,V,AS6,Z,13.1,8.8,11.2,25,258
2007,AUDI,Q7,SUV,3.6,6,I,AS6,Z,15.1,11,13.3,21,305
2007,AUDI,Q7,SUV,4.2,8,V,AS6,Z,17.2,11.5,14.7,19,337
2008,AUDI,A4,COMPACT,2,4,I,AV,Z,9.8,6.7,8.4,34,193
2008,AUDI,A4,COMPACT,2,4,I,M6,Z,10.2,6.3,8.5,33,196
2008,AUDI,A4 CABRIOLET,SUBCOMPACT,2,4,I,AV,Z,9.8,6.7,8.4,34,193
2008,AUDI,A4 CABRIOLET QUATTRO,SUBCOMPACT,2,4,I,AS6,Z,10.8,7.2,9.2,31,212
2008,AUDI,A4 CABRIOLET QUATTRO,SUBCOMPACT,3.1,6,I,AS6,Z,12.5,8.1,10.5,27,242
2008,AUDI,A4 QUATTRO,COMPACT,2,4,I,AS6,Z,10.8,7.2,9.2,31,212
2008,AUDI,A4 QUATTRO,COMPACT,2,4,I,M6,Z,10.6,7,9,31,207
2008,AUDI,A4 QUATTRO,COMPACT,3.1,6,I,AS6,Z,12.1,8,10.3,27,237
2008,AUDI,A4 QUATTRO,COMPACT,3.1,6,I,M6,Z,13.6,8.1,11.1,25,255
2008,AUDI,A5 QUATTRO,SUBCOMPACT,3.2,6,I,AS6,Z,11.6,7.6,9.8,29,225
2008,AUDI,A5 QUATTRO,SUBCOMPACT,3.2,6,I,M6,Z,12.7,7.1,10.2,28,235
2008,AUDI,A6 QUATTRO,MID-SIZE,3.1,6,I,AS6,Z,12.1,8,10.3,27,237
2008,AUDI,A6 QUATTRO,MID-SIZE,4.2,8,V,AS6,Z,13.1,8.8,11.2,25,258
2008,AUDI,A8,MID-SIZE,4.2,8,V,AS6,Z,13.1,8.8,11.2,25,258
2008,AUDI,A8L,FULL-SIZE,4.2,8,V,AS6,Z,13.1,8.8,11.2,25,258
2008,AUDI,Q7,SUV,3.6,6,I,AS6,Z,14.9,10.3,12.8,22,294
2008,AUDI,Q7,SUV,4.2,8,V,AS6,Z,17.4,11.8,14.9,19,343
2009,AUDI,A4 CABRIOLET,SUBCOMPACT,2,4,I,AV,Z,9,6.5,7.8,36,179
2009,AUDI,A4 CABRIOLET QUATTRO,SUBCOMPACT,2,4,I,AS6,Z,10.1,7.4,8.9,32,205
2009,AUDI,A4 CABRIOLET QUATTRO,SUBCOMPACT,3.1,6,I,AS6,Z,12.3,8,10.3,27,237
2009,AUDI,A4 QUATTRO,COMPACT,2,4,I,AS6,Z,10.1,7.4,8.9,32,205
2009,AUDI,A4 QUATTRO,COMPACT,3.2,6,I,AS6,Z,12.1,7.7,10.1,28,232
2009,AUDI,A5 QUATTRO,SUBCOMPACT,3.2,6,I,AS6,Z,12.1,7.7,10.1,28,232
2009,AUDI,A5 QUATTRO,SUBCOMPACT,3.2,6,I,M6,Z,12.7,7.7,10.5,27,242
2009,AUDI,A6 QUATTRO,MID-SIZE,4.2,8,V,AS6,Z,13.1,8.8,11.2,25,258
2009,AUDI,A8,MID-SIZE,4.2,8,V,AS6,Z,13.1,8.8,11.2,25,258
2009,AUDI,A8L,FULL-SIZE,4.2,8,V,AS6,Z,13.1,8.8,11.2,25,258
2009,AUDI,Q7,SUV,3.6,6,I,AS6,Z,14.8,10.3,12.8,22,294
2009,AUDI,Q7,SUV,4.2,8,V,AS6,Z,16.1,11.2,13.9,20,320
2010,AUDI,A4,COMPACT,2,4,I,AV,Z,8.9,6.5,7.8,36,179
2010,AUDI,A4 QUATTRO,COMPACT,2,4,I,AS6,Z,10.1,7.3,8.9,32,205
2010,AUDI,A4 QUATTRO,COMPACT,2,4,I,M6,Z,9.4,6.5,8.1,35,186
2010,AUDI,A5 CABRIOLET QUATTRO,SUBCOMPACT,2,4,I,AS6,Z,10.1,7.5,8.9,32,205
2010,AUDI,A5 COUPE,SUBCOMPACT,2,4,I,AS6,Z,10.1,7.3,8.9,32,205
2010,AUDI,A5 COUPE,SUBCOMPACT,2,4,I,M6,Z,9.4,6.5,8.1,35,186
2010,AUDI,A5 COUPE,SUBCOMPACT,3.2,6,I,AS6,Z,11.6,7.6,9.8,29,225
2010,AUDI,A6,MID-SIZE,3.2,6,I,AV,Z,11.4,7.1,9.5,30,218
2010,AUDI,A6 QUATTRO,MID-SIZE,3,6,I,AS6,Z,12,8,10.2,28,235
2010,AUDI,A6 QUATTRO,MID-SIZE,4.2,8,V,AS6,Z,13.1,8.7,11.1,25,255
2010,AUDI,A8,MID-SIZE,4.2,8,V,AS6,Z,13.1,8.7,11.1,25,255
2010,AUDI,A8 L,FULL-SIZE,4.2,8,V,AS6,Z,13.1,8.7,11.1,25,255
2010,AUDI,Q5,SUV,3.2,6,I,AS6,Z,11.5,9,10.4,27,239
2010,AUDI,Q7,SUV,3.6,6,I,AS6,Z,14.8,10.4,12.8,22,294
2010,AUDI,Q7,SUV,4.2,8,V,AS6,Z,16.1,11.2,13.9,20,320
2010,AUDI,Q5 2.0 TFSI,SUV,2,4,I,A7,Z,10,7.5,8.9,32,207
2011,AUDI,A4,COMPACT,2,4,I,AV,Z,8.9,6.5,7.8,36,179
2011,AUDI,A4 QUATTRO,COMPACT,2,4,I,AS8,Z,10,7,8.7,32,200
2011,AUDI,A4 QUATTRO,COMPACT,2,4,I,M6,Z,9.5,6.5,8.1,35,186
2011,AUDI,A5 COUPE,SUBCOMPACT,2,4,I,AS8,Z,10,7,8.7,32,200
2011,AUDI,A5 COUPE,SUBCOMPACT,2,4,I,M6,Z,9.5,6.5,8.1,35,186
2011,AUDI,A6,MID-SIZE,3,6,I,AS6,Z,12,8,10.2,28,235
2011,AUDI,A6,MID-SIZE,4.2,8,V,AS6,Z,13,8.6,11,26,253
2011,AUDI,A8,MID-SIZE,4.2,8,V,AS8,Z,12.5,7.8,10.4,27,239
2011,AUDI,A8L,FULL-SIZE,4.2,8,V,AS8,Z,12.5,7.8,10.4,27,239
2011,AUDI,Q5,SUV,2,4,I,AS8,Z,10.6,7.7,9.3,30,214
2011,AUDI,Q5,SUV,3.2,6,I,AS8,Z,11.5,9,10.4,27,239
2011,AUDI,Q7,SUV,3,6,I,AS8,Z,13.6,9.3,11.6,24,267
2012,AUDI,A4,COMPACT,2,4,I,AV,Z,8.9,6.5,7.8,36,179
2012,AUDI,A4 QUATTRO,COMPACT,2,4,I,AS8,Z,10,7,8.7,32,200
2012,AUDI,A4 QUATTRO,COMPACT,2,4,I,M6,Z,9.5,6.5,8.1,35,186
2012,AUDI,A5 COUPE,SUBCOMPACT,2,4,I,AS8,Z,10,7,8.7,32,200
2012,AUDI,A5 COUPE,SUBCOMPACT,2,4,I,M6,Z,9.5,6.5,8.1,35,186
2012,AUDI,A6,MID-SIZE,3,6,I,AS8,Z,11.3,7.4,9.5,30,218
2012,AUDI,A8,MID-SIZE,4.2,8,V,AS8,Z,12,7.9,10.2,28,235
2012,AUDI,A8L,FULL-SIZE,4.2,8,V,AS8,Z,12,7.9,10.2,28,235
2012,AUDI,Q5,SUV,2,4,I,AS8,Z,10.6,7.7,9.3,30,214
2012,AUDI,Q5,SUV,3.2,6,I,AS8,Z,11.5,9,10.4,27,239
2012,AUDI,Q7,SUV,3,6,I,AS8,Z,13.6,9.3,11.6,24,267
2013,AUDI,A4,COMPACT,2,4,I,AV8,Z,8.6,6.2,7.5,38,172
2013,AUDI,A4 QUATTRO,COMPACT,2,4,I,AS8,Z,10.1,6.8,8.6,33,198
2013,AUDI,A4 QUATTRO,COMPACT,2,4,I,M6,Z,9.5,6.3,8.1,35,186
2013,AUDI,A5 CABRIOLET QUATTRO,SUBCOMPACT,2,4,I,AS8,Z,10.1,6.8,8.6,33,198
2013,AUDI,A5 QUATTRO,SUBCOMPACT,2,4,I,AS8,Z,10.1,6.8,8.6,33,198
2013,AUDI,A5 QUATTRO,SUBCOMPACT,2,4,I,M6,Z,9.5,6.3,8.1,35,186
2013,AUDI,A6 QUATTRO,MID-SIZE,2,4,I,AS8,Z,10.5,6.8,8.9,32,205
2013,AUDI,A6 QUATTRO,MID-SIZE,3,6,I,AS8,Z,11.3,7.3,9.5,30,218
2013,AUDI,A8,MID-SIZE,3,6,I,AS8,Z,12,7.2,9.8,29,225
2013,AUDI,A8L,FULL-SIZE,3,6,I,AS8,Z,12.4,7.6,10.2,28,235
2013,AUDI,A8L,FULL-SIZE,4,8,V,AS8,Z,13.2,8.2,10.9,26,251
2013,AUDI,Q5,SUV - SMALL,2,4,I,AS8,Z,10.5,7.2,9,31,207
2013,AUDI,Q5 HYBRID,SUV - SMALL,2,4,I,AS8,Z,8.6,6.9,7.8,36,179
2013,AUDI,Q7,SUV - STANDARD,3,6,I,AS8,Z,13.6,9.3,11.6,24,267
2013,AUDI,RS 5,SUBCOMPACT,4.2,8,V,AM7,Z,13.7,9.2,11.7,24,269
2014,AUDI,A4,COMPACT,2,4,I,AV8,Z,8.6,6.2,7.5,38,173
2014,AUDI,A4 QUATTRO,COMPACT,2,4,I,AS8,Z,10.1,6.8,8.6,33,198
2014,AUDI,A4 QUATTRO,COMPACT,2,4,I,M6,Z,9.4,6.3,8,35,184
2014,AUDI,A5 CABRIOLET QUATTRO,SUBCOMPACT,2,4,I,AS8,Z,10.1,6.8,8.6,33,198
2014,AUDI,A5 QUATTRO,SUBCOMPACT,2,4,I,AS8,Z,10.1,6.8,8.6,33,198
2014,AUDI,A5 QUATTRO,SUBCOMPACT,2,4,I,M6,Z,9.4,6.3,8,35,184
2014,AUDI,A6 QUATTRO,MID-SIZE,2,4,I,AS8,Z,10.5,6.8,8.9,32,205
2014,AUDI,A6 QUATTRO,MID-SIZE,3,6,I,AS8,Z,11.3,7.3,9.5,30,219
2014,AUDI,A8,MID-SIZE,3,6,I,AS8,Z,11.6,7.4,9.7,29,223
2014,AUDI,A8L,FULL-SIZE,3,6,I,AS8,Z,11.6,7.4,9.7,29,223
2014,AUDI,A8L,FULL-SIZE,4,8,V,AS8,Z,13.2,8.2,10.9,26,251
2014,AUDI,Q5,SUV - SMALL,2,4,I,AS8,Z,10.5,7.2,9,31,207
2014,AUDI,Q5,SUV - SMALL,3,6,I,AS8,Z,11.4,7.8,9.8,29,225
2014,AUDI,Q5 HYBRID,SUV - SMALL,2,4,I,AS8,Z,8.6,6.9,7.8,36,179
2014,AUDI,Q7,SUV - STANDARD,3,6,I,AS8,Z,13.5,9.2,11.6,24,267
2015,AUDI,A3,SUBCOMPACT,1.8,4,I,AM6,Z,10,7.1,8.7,32,200
2015,AUDI,A3 TDI (modified),SUBCOMPACT,2,4,I,AM6,D,7.6,5.5,6.5,43,177
2015,AUDI,A3 QUATTRO,SUBCOMPACT,2,4,I,AM6,Z,9.8,7.2,8.6,33,198
2015,AUDI,A4,COMPACT,2,4,I,AV8,Z,9.9,7.6,8.9,32,205
2015,AUDI,A4 QUATTRO,COMPACT,2,4,I,AS8,Z,11,7.8,9.6,29,221
2015,AUDI,A4 QUATTRO,COMPACT,2,4,I,M6,Z,10.6,7.3,9.1,31,209
2015,AUDI,A5 QUATTRO,SUBCOMPACT,2,4,I,AS8,Z,11,7.8,9.6,29,221
2015,AUDI,A5 QUATTRO,SUBCOMPACT,2,4,I,M6,Z,10.6,7.3,9.1,31,209
2015,AUDI,A5 CABRIOLET QUATTRO,SUBCOMPACT,2,4,I,AS8,Z,11.3,8,9.8,29,225
2015,AUDI,A6 QUATTRO,MID-SIZE,2,4,I,AS8,Z,12,8.1,10.3,27,237
2015,AUDI,A6 QUATTRO,MID-SIZE,3,6,I,AS8,Z,12.8,8.6,10.9,26,251
2015,AUDI,A6 QUATTRO TDI (modified),MID-SIZE,3,6,I,AS8,D,9.8,6.2,8.1,35,217
2015,AUDI,A8,MID-SIZE,3,6,I,AS8,Z,12.6,8,10.5,27,242
2015,AUDI,A8,MID-SIZE,4,8,V,AS8,Z,12.9,8,10.7,26,246
2015,AUDI,A8 TDI (modified),MID-SIZE,3,6,I,AS8,D,9.8,6.5,8.4,34,224
2015,AUDI,A8L,FULL-SIZE,3,6,I,AS8,Z,12.6,8,10.5,27,242
2015,AUDI,A8L,FULL-SIZE,4,8,V,AS8,Z,13.2,8.3,11,26,258
2015,AUDI,A8L TDI (modified),FULL-SIZE,3,6,I,AS8,D,9.8,6.5,8.4,34,224
2015,AUDI,Q3,COMPACT,2,4,I,AS6,Z,12,8.2,10.3,27,237
2015,AUDI,Q3 QUATTRO,COMPACT,2,4,I,AS6,Z,11.9,8.4,10.3,27,237
2015,AUDI,Q5,SUV - SMALL,2,4,I,AS8,Z,12,8.5,10.4,27,239
2015,AUDI,Q5,SUV - SMALL,3,6,I,AS8,Z,13.2,9.2,11.4,25,262
2015,AUDI,Q5 HYBRID,SUV - SMALL,2,4,I,AS8,Z,9.8,7.9,8.9,32,205
2015,AUDI,Q7,SUV - STANDARD,3,6,I,AS8,Z,15.2,11,13.3,21,306
2015,AUDI,Q7 TDI (modified),SUV - STANDARD,3,6,I,AS8,D,12.4,8.7,10.7,26,290
2015,AUDI,RS 5,SUBCOMPACT,4.2,8,V,AM7,Z,14.9,10.1,12.8,22,294
2015,AUDI,RS 5 CABRIOLET,SUBCOMPACT,4.2,8,V,AM7,Z,14.8,10.6,12.9,22,297
2015,AUDI,RS 7,MID-SIZE,4,8,V,AS8,Z,16.6,9.4,13.3,21,313
2015,AUDI,Q5 3.0 TDI,SUV,3,6,I,A7,D,8.5,6,7.4,38,195
2016,AUDI,A3,SUBCOMPACT,1.8,4,I,AM6,X,10,7.1,8.7,32,204
2016,AUDI,A3 QUATTRO,SUBCOMPACT,2,4,I,AM6,X,9.8,7.2,8.6,33,201
2016,AUDI,A4,COMPACT,2,4,I,AV8,Z,9.9,7.6,8.9,32,212
2016,AUDI,A4 QUATTRO,COMPACT,2,4,I,AS8,Z,11,7.8,9.6,29,224
2016,AUDI,A4 QUATTRO,COMPACT,2,4,I,M6,Z,10.6,7.3,9.1,31,214
2016,AUDI,A5 QUATTRO,SUBCOMPACT,2,4,I,AS8,Z,11,7.8,9.6,29,224
2016,AUDI,A5 QUATTRO,SUBCOMPACT,2,4,I,M6,Z,10.6,7.3,9.1,31,214
2016,AUDI,A5 CABRIOLET QUATTRO,SUBCOMPACT,2,4,I,AS8,Z,11.3,8,9.8,29,230
2016,AUDI,A6 QUATTRO,MID-SIZE,2,4,I,AS8,Z,10.8,7.3,9.2,31,211
2016,AUDI,A6 QUATTRO,MID-SIZE,3,6,I,AS8,Z,11.6,7.9,9.9,29,232
2016,AUDI,A6 QUATTRO TDI (modified),MID-SIZE,3,6,I,AS8,D,9.4,6.2,7.8,36,213
2016,AUDI,A8 QUATTRO,MID-SIZE,3,6,I,AS8,Z,12.6,8,10.5,27,247
2016,AUDI,A8 QUATTRO,MID-SIZE,4,8,V,AS8,Z,12.9,8,10.7,26,249
2016,AUDI,A8 QUATTRO TDI (modified),MID-SIZE,3,6,I,AS8,D,9.8,6.5,8.4,34,224
2016,AUDI,A8L QUATTRO,FULL-SIZE,4,8,V,AS8,Z,13.1,8.3,10.9,26,255
2016,AUDI,Q3,COMPACT,2,4,I,AS6,Z,12,8.2,10.3,27,242
2016,AUDI,Q3 QUATTRO,COMPACT,2,4,I,AS6,Z,11.9,8.4,10.3,27,240
2016,AUDI,Q5 QUATTRO,SUV - SMALL,2,4,I,AS8,Z,12,8.5,10.4,27,244
2016,AUDI,Q5 QUATTRO,SUV - SMALL,3,6,I,AS8,Z,13.2,9.2,11.4,25,267
2016,AUDI,Q5 QUATTRO TDI (modified),SUV - SMALL,3,6,I,AS8,D,10.2,7.8,9,31,244
2016,AUDI,Q5 HYBRID QUATTRO,SUV - SMALL,2,4,I,AS8,Z,9.8,7.9,8.9,32,209
2016,AUDI,RS 7 QUATTRO,MID-SIZE,4,8,V,AS8,Z,16.6,9.4,13.3,21,313
2017,AUDI,A3,SUBCOMPACT,2,4,I,AM7,X,9.1,6.8,8,35,188
2017,AUDI,A3 QUATTRO,SUBCOMPACT,2,4,I,AM6,X,9.7,7.5,8.7,32,205
2017,AUDI,A4 ULTRA,COMPACT,2,4,I,AM7,Z,8.6,6.4,7.6,37,177
2017,AUDI,A4 QUATTRO,COMPACT,2,4,I,AM7,Z,9.8,7.7,8.8,32,205
2017,AUDI,A4 QUATTRO,COMPACT,2,4,I,M6,Z,9.9,7,8.6,33,204
2017,AUDI,A5 QUATTRO,SUBCOMPACT,2,4,I,AS8,Z,11,8,9.7,29,226
2017,AUDI,A5 QUATTRO,SUBCOMPACT,2,4,I,M6,Z,10.4,7.3,9,31,210
2017,AUDI,A5 CABRIOLET QUATTRO,SUBCOMPACT,2,4,I,AS8,Z,11.3,8.2,9.9,29,231
2017,AUDI,A6 QUATTRO,MID-SIZE,2,4,I,AS8,Z,10.9,7.5,9.4,30,220
2017,AUDI,A6 QUATTRO,MID-SIZE,3,6,I,AS8,Z,11.5,8.2,10,28,238
2017,AUDI,A8,MID-SIZE,3,6,I,AS8,Z,12.6,8,10.5,27,246
2017,AUDI,A8,MID-SIZE,4,8,V,AS8,Z,12.9,8,10.7,26,249
2017,AUDI,A8L,FULL-SIZE,4,8,V,AS8,Z,13.1,8.3,10.9,26,255
2017,AUDI,Q3,COMPACT,2,4,I,AS6,Z,11.9,8.4,10.3,27,243
2017,AUDI,Q3 QUATTRO,COMPACT,2,4,I,AS6,Z,11.9,8.4,10.3,27,241
2017,AUDI,Q5,SUV - SMALL,2,4,I,AS8,Z,12,8.6,10.5,27,246
2017,AUDI,Q5,SUV - SMALL,3,6,I,AS8,Z,13.2,9.2,11.4,25,267
2017,AUDI,Q7,SUV - STANDARD,2,4,I,AS8,Z,11.9,9.6,10.8,26,253
2017,AUDI,Q7,SUV - STANDARD,3,6,I,AS8,Z,12.6,9.4,11.1,25,260
2017,AUDI,RS 7,MID-SIZE,4,8,V,AS8,Z,16.2,9.3,13.1,22,309
2018,Audi,A3,Subcompact,2,4,I,AM7,X,9.1,6.8,8,35,188
2018,Audi,A3 quattro,Subcompact,2,4,I,AM6,X,9.7,7.5,8.7,32,205
2018,Audi,A4,Compact,2,4,I,AM7,Z,8.6,6.4,7.6,37,177
2018,Audi,A4 quattro,Compact,2,4,I,AM7,Z,10,7,8.7,32,203
2018,Audi,A4 quattro,Compact,2,4,I,M6,Z,9.9,7.1,8.7,32,204
2018,Audi,A5 quattro,Subcompact,2,4,I,AM7,Z,10,7,8.7,32,203
2018,Audi,A5 quattro,Subcompact,2,4,I,M6,Z,9.9,7.1,8.7,32,204
2018,Audi,A5 Cabriolet quattro,Subcompact,2,4,I,AM7,Z,10,7,8.7,32,203
2018,Audi,A5 Sportback quattro,Mid-size,2,4,I,AM7,Z,10,7,8.7,32,203
2018,Audi,A6 quattro,Mid-size,2,4,I,AS8,Z,10.6,7.5,9.2,31,216
2018,Audi,A6 quattro,Mid-size,3,6,I,AS8,Z,11.5,8.2,10,28,235
2018,Audi,A8,Full-size,3,6,I,AS8,Z,12.6,8,10.5,27,247
2018,Audi,A8,Full-size,4,8,V,AS8,Z,15.1,9.1,12.4,23,290
2018,Audi,A8L,Full-size,4,8,V,AS8,Z,15.1,9.1,12.4,23,290
2018,Audi,Q3,Compact,2,4,I,AS6,Z,11.6,8.3,10.1,28,236
2018,Audi,Q3 quattro,Compact,2,4,I,AS6,Z,11.9,8.4,10.3,27,240
2018,Audi,Q5,SUV: Small,2,4,I,AS7,Z,10.4,8.6,9.6,29,226
2018,Audi,Q7,SUV: Standard,2,4,I,AS8,Z,12.2,9.5,11,26,258
2018,Audi,Q7,SUV: Standard,3,6,I,AS8,Z,12.6,9.4,11.1,25,260
2018,Audi,RS 3,Subcompact,2.5,5,I,AM7,Z,12.4,8.3,10.5,27,248
2018,Audi,RS 5,Subcompact,2.9,6,I,AM8,Z,12.9,8.9,11.1,25,260
2018,Audi,RS 7,Mid-size,4,8,V,AS8,Z,17,9.6,13.7,21,318
2019,Audi,A3,Subcompact,2,4,I,AM7,X,9.1,6.8,8.1,35,188
2019,Audi,A3 quattro,Subcompact,2,4,I,AM7,X,10.9,7.9,9.6,29,225
2019,Audi,A4,Compact,2,4,I,AM7,Z,8.6,6.9,7.8,36,182
2019,Audi,A4 quattro,Compact,2,4,I,AM7,Z,10,7,8.7,32,204
2019,Audi,A5 quattro,Subcompact,2,4,I,AM7,Z,10,7,8.7,32,204
2019,Audi,A5 Cabriolet quattro,Subcompact,2,4,I,AM7,Z,10,7,8.7,32,204
2019,Audi,A5 Sportback quattro,Mid-size,2,4,I,AM7,Z,10,7,8.7,32,204
2019,Audi,A6 quattro,Mid-size,3,6,I,AM7,Z,10.7,8.2,9.6,29,224
2019,Audi,A8L,Full-size,3,6,I,AS8,Z,12.5,8.6,10.8,26,252
2019,Audi,Q3 quattro,SUV: Small,2,4,I,AS8,X,12.3,8.6,10.6,27,248
2019,Audi,Q5,SUV: Small,2,4,I,AM7,Z,10.9,8.7,9.9,29,230
2019,Audi,Q7,SUV: Standard,2,4,I,AS8,Z,12.2,9.5,11,26,258
2019,Audi,Q7,SUV: Standard,3,6,I,AS8,Z,12.6,9.4,11.1,25,260
2019,Audi,Q8,SUV: Standard,3,6,I,AS8,Z,14,10.7,12.5,23,294
2019,Audi,RS 3,Subcompact,2.5,5,I,AM7,Z,12.4,8.4,10.6,27,247
2019,Audi,RS 5 Coupe,Subcompact,2.9,6,I,AS8,Z,13.3,8.7,11.3,25,262
2019,Audi,RS 5 Sportback,Mid-size,2.9,6,I,AS8,Z,13.5,9,11.5,25,268
2020,Audi,A3,Subcompact,2,4,I,AM7,X,8.8,6.5,7.8,36,182
2020,Audi,A3 quattro,Subcompact,2,4,I,AM7,X,10.8,8,9.5,30,224
2020,Audi,A4 quattro,Compact,2,4,I,AM7,Z,10,7.3,8.8,32,205
2020,Audi,A5 quattro,Subcompact,2,4,I,AM7,Z,10,7.3,8.8,32,205
2020,Audi,A5 Cabriolet quattro,Subcompact,2,4,I,AM7,Z,10,7.4,8.8,32,206
2020,Audi,A5 Sportback quattro,Mid-size,2,4,I,AM7,Z,10,7.3,8.8,32,205
2020,Audi,A6 quattro ,Mid-size,2,4,I,AM7,Z,9.8,7.4,8.7,32,205
2020,Audi,A6 quattro ,Mid-size,3,6,I,AM7,Z,10.9,8.2,9.7,29,227
2020,Audi,A8L ,Full-size,3,6,I,AS8,Z,13.5,8.9,11.5,25,267
2020,Audi,A8L ,Full-size,4,8,V,AS8,Z,15.4,10.4,13.2,21,308
2020,Audi,Q3 quattro,SUV: Small,2,4,I,AS8,X,12.3,8.6,10.6,27,248
2020,Audi,Q5,SUV: Small,2,4,I,AM7,Z,10.7,8.4,9.7,29,226
2020,Audi,Q7,SUV: Standard,2,4,I,AS8,Z,12.4,10.1,11.3,25,264
2020,Audi,Q7,SUV: Standard,3,6,I,AS8,Z,13.8,11.4,12.7,22,296
2020,Audi,Q8,SUV: Standard,3,6,I,AS8,Z,13.8,11.4,12.7,22,296
2020,Audi,RS 3,Subcompact,2.5,5,I,AM7,Z,12.1,8.4,10.4,27,243
2020,AUDI,Q5 45 TFSI,SUV,2,4,I,A7,Z,9,6.5,7.9,36,185
2021,Audi,A4 Sedan 40 TFSI quattro,Compact,2,4,I,AM7,Z,9.3,7,8.3,34,194
2021,Audi,A4 Sedan 45 TFSI quattro,Compact,2,4,I,AM7,Z,9.8,7.6,8.8,32,205
2021,Audi,A5 Cabriolet 45 TFSI quattro,Subcompact,2,4,I,AM7,Z,10.4,7.5,9.1,31,212
2021,Audi,A5 Coupe 45 TFSI quattro,Subcompact,2,4,I,AM7,Z,9.8,7.6,8.8,32,205
2021,Audi,A5 Sportback 45 TFSI quattro,Mid-size,2,4,I,AM7,Z,9.8,7.6,8.8,32,205
2021,Audi,A6 Sedan 45 TFSI quattro,Mid-size,2,4,I,AM7,Z,10.3,7.8,9.2,31,214
2021,Audi,A6 Sedan 55 TFSI quattro,Mid-size,3,6,I,AM7,Z,10.9,8.2,9.7,29,227
2021,Audi,A8 L Sedan 55 TFSI quattro,Full-size,3,6,I,AS8,Z,13.5,8.9,11.5,25,267
2021,Audi,A8 L Sedan 60 TFSI quattro,Full-size,4,8,V,AS8,Z,15.4,10.4,13.2,21,308
2021,Audi,Q3 40 TFSI quattro,SUV: Small,2,4,I,AS8,X,10.6,7.7,9.3,30,218
2021,Audi,Q3 45 TFSI quattro,SUV: Small,2,4,I,AS8,X,11.7,8.4,10.2,28,239
2021,Audi,Q5 45 TFSI quattro,SUV: Small,2,4,I,AM7,Z,10.1,8.3,9.3,30,217
2021,Audi,Q7 45 TFSI quattro,SUV: Standard,2,4,I,AS8,Z,12.4,10.1,11.3,25,264
2021,Audi,Q7 55 TFSI quattro,SUV: Standard,3,6,I,AS8,Z,13.4,10.4,12,24,281
2021,Audi,RS 5 Coupe quattro,Subcompact,2.9,6,I,AS8,Z,13.1,9.5,11.5,25,269
2021,Audi,RS 5 Sportback quattro,Mid-size,2.9,6,I,AS8,Z,13.1,9.3,11.4,25,266
2021,Audi,RS 7 Sportback quattro,Mid-size,4,8,V,AS8,Z,16,10.5,13.5,21,315
2022,Audi,A3 Sedan 40 TFSI quattro,Subcompact,2,4,I,AM7,X,8.5,6.6,7.6,37,178
2022,Audi,A4 Sedan 40 TFSI quattro,Compact,2,4,I,AM7,Z,9.1,7,8.2,34,190
2022,Audi,A4 Sedan 45 TFSI quattro,Compact,2,4,I,AM7,Z,9.8,7.6,8.8,32,205
2022,Audi,A5 Cabriolet 45 TFSI quattro,Subcompact,2,4,I,AM7,Z,10.4,7.5,9.1,31,214
2022,Audi,A5 Coupe 45 TFSI quattro,Subcompact,2,4,I,AM7,Z,9.8,7.6,8.8,32,205
2022,Audi,A5 Sportback 45 TFSI quattro,Mid-size,2,4,I,AM7,Z,9.8,7.6,8.8,32,205
2022,Audi,A6 Sedan 45 TFSI quattro,Mid-size,2,4,I,AM7,Z,10.2,7.4,8.9,32,208
2022,Audi,A6 Sedan 55 TFSI quattro,Mid-size,3,6,I,AM7,Z,11.1,7.8,9.6,29,224
2022,Audi,A8 L Sedan 55 TFSI quattro,Full-size,3,6,I,AS8,Z,12.6,8.3,10.6,27,248
2022,Audi,Q3 40 TFSI quattro,SUV: Small,2,4,I,AS8,X,10.4,7.7,9.2,31,215
2022,Audi,Q3 45 TFSI quattro,SUV: Small,2,4,I,AS8,X,11.4,8.3,10,28,233
2022,Audi,Q5 40 TFSI quattro,SUV: Small,2,4,I,AM7,Z,10.3,8.1,9.3,30,217
2022,Audi,Q5 45 TFSI quattro,SUV: Small,2,4,I,AM7,Z,10.3,8.4,9.4,30,220
2022,Audi,Q7 45 TFSI quattro,SUV: Standard,2,4,I,AS8,Z,12,9.4,10.8,26,252
2022,Audi,Q7 55 TFSI quattro,SUV: Standard,3,6,I,AS8,Z,12.8,10.5,11.7,24,273
2022,Audi,RS 5 Coupe quattro,Subcompact,2.9,6,I,AS8,Z,13,9.4,11.4,25,267
2022,Audi,RS 5 Sportback quattro,Mid-size,2.9,6,I,AS8,Z,13.1,9.4,11.4,25,268
2022,Audi,RS 7 Sportback quattro,Mid-size,4,8,V,AS8,Z,16,10.5,13.5,21,315
2024,AUDI,Q6 e-tron 55,SUV,-,-,V,AWD,E,20.5 kWh/100km,-,-,-,0
2025,AUDI,Q6 e-tron P55,SUV,-,-,V,AWD,E,19.8 kWh/100km,-,-,-,0
2000,AUDI,A6 ALLROAD (Ref),WAGON,2.7,6,I,A5,Z,13,9,11.2,25,260
2005,AUDI,A6 ALLROAD (Ref),WAGON,3.2,6,I,A6,Z,12.5,8.5,10.7,26,248
2010,AUDI,Q5 2.0 TFSI,SUV,2,4,I,A7,Z,10,7.5,8.9,32,207
2015,AUDI,Q5 3.0 TDI,SUV,3,6,I,A7,D,8.5,6,7.4,38,195
2020,AUDI,Q5 45 TFSI,SUV,2,4,I,A7,Z,9,6.5,7.9,36,185
2024,AUDI,Q6 e-tron 55,SUV,,,I,AWD,E,20.5 kWh/100km,,,,0
2025,AUDI,Q6 e-tron P55,SUV,,,I,AWD,E,19.8 kWh/100km,,,,0
2000,MAZDA,MX-5 MIATA,SUBCOMPACT,1.8,4,I,A4,X,10.5,7.6,9.2,31,212
2000,MAZDA,MX-5 MIATA,SUBCOMPACT,1.8,4,I,M5,X,9.7,7.4,8.7,32,200
2000,MAZDA,MX-5 MIATA,SUBCOMPACT,1.8,4,I,M6,X,10.1,7.6,9,31,207
2001,MAZDA,TRIBUTE,SUV,2,4,I,M5,X,10,7.7,9,31,207
2001,MAZDA,TRIBUTE,SUV,3,6,I,A4,X,13.1,8.9,11.2,25,258
2001,MAZDA,TRIBUTE 4X4,SUV,2,4,I,M5,X,10.6,8.3,9.6,29,221
2001,MAZDA,TRIBUTE 4X4,SUV,3,6,I,A4,X,13.4,9.2,11.5,25,264
2002,MAZDA,TRIBUTE,SUV,2,4,I,M5,X,10.2,7.9,9.2,31,212
2002,MAZDA,TRIBUTE,SUV,3,6,I,A4,X,12.6,8.8,10.9,26,251
2002,MAZDA,TRIBUTE 4X4,SUV,2,4,I,M5,X,10.8,8.7,9.9,29,228
2002,MAZDA,TRIBUTE 4X4,SUV,3,6,I,A4,X,13,9.3,11.3,25,260
2003,MAZDA,TRIBUTE,SUV,2,4,I,M5,X,10.3,7.8,9.2,31,212
2003,MAZDA,TRIBUTE,SUV,3,6,I,A4,X,12.3,8.6,10.6,27,244
2003,MAZDA,TRIBUTE 4X4,SUV,2,4,I,M5,X,10.8,8.6,9.8,29,225
2003,MAZDA,TRIBUTE 4X4,SUV,3,6,I,A4,X,13.1,9.4,11.4,25,262
2004,MAZDA,MAZDA3,COMPACT,2,4,I,AS4,X,9.1,6.4,7.9,36,182
2004,MAZDA,MAZDA3,COMPACT,2,4,I,M5,X,8.5,6.2,7.5,38,172
2004,MAZDA,MAZDA3,COMPACT,2.3,4,I,AS4,X,9.8,7.5,8.8,32,202
2004,MAZDA,MAZDA3,COMPACT,2.3,4,I,M5,X,9.2,6.7,8.1,35,186
2004,MAZDA,MAZDA6,MID-SIZE,2.3,4,I,AS4,X,10.4,7.5,9.1,31,209
2004,MAZDA,MAZDA6,MID-SIZE,2.3,4,I,M5,X,9.6,6.7,8.3,34,191
2004,MAZDA,MAZDA6,MID-SIZE,3,6,I,AS4,X,12.3,8.1,10.4,27,239
2004,MAZDA,MAZDA6,MID-SIZE,3,6,I,M5,X,12.1,8.1,10.3,27,237
2004,MAZDA,RX-8,SUBCOMPACT,1.3,2,I,AS4,Z,12.9,8.8,11.1,25,255
2004,MAZDA,RX-8,SUBCOMPACT,1.3,2,I,M6,Z,12.8,9.2,11.2,25,258
2004,MAZDA,TRIBUTE,SUV,2,4,I,M5,X,10.3,7.8,9.2,31,212
2004,MAZDA,TRIBUTE,SUV,3,6,I,A4,X,12.4,8.5,10.6,27,244
2004,MAZDA,TRIBUTE 4X4,SUV,2,4,I,M5,X,10.8,8.6,9.8,29,225
2004,MAZDA,TRIBUTE 4X4,SUV,3,6,I,A4,X,13,9.2,11.3,25,260
2005,MAZDA,MAZDA3,COMPACT,2,4,I,AS4,X,9.1,6.4,7.9,36,182
2005,MAZDA,MAZDA3,COMPACT,2,4,I,M5,X,8.5,6.2,7.5,38,172
2005,MAZDA,MAZDA3,COMPACT,2.3,4,I,AS4,X,9.9,7.6,8.9,32,205
2005,MAZDA,MAZDA3,COMPACT,2.3,4,I,M5,X,9.3,6.8,8.2,34,189
2005,MAZDA,MAZDA6,MID-SIZE,2.3,4,I,AS4,X,10.5,7.6,9.2,31,212
2005,MAZDA,MAZDA6,MID-SIZE,2.3,4,I,M5,X,10.1,7,8.7,32,200
2005,MAZDA,MAZDA6,MID-SIZE,3,6,I,AS6,X,12,7.9,10.2,28,235
2005,MAZDA,MAZDA6,MID-SIZE,3,6,I,M5,X,12.2,8.1,10.4,27,239
2005,MAZDA,RX-8,SUBCOMPACT,1.3,2,I,AS4,Z,13.1,9,11.3,25,260
2005,MAZDA,RX-8,SUBCOMPACT,1.3,2,I,M6,Z,12.8,9.2,11.2,25,258
2005,MAZDA,TRIBUTE,SUV,2.3,4,I,A4,X,10.9,8.6,9.9,29,228
2005,MAZDA,TRIBUTE,SUV,2.3,4,I,M5,X,9.7,7.3,8.6,33,198
2005,MAZDA,TRIBUTE,SUV,3,6,I,A4,X,12,8.8,10.5,27,242
2005,MAZDA,TRIBUTE 4X4,SUV,2.3,4,I,A4,X,12.7,9.9,11.4,25,262
2005,MAZDA,TRIBUTE 4X4,SUV,2.3,4,I,M5,X,10.8,8.2,9.6,29,221
2005,MAZDA,TRIBUTE 4X4,SUV,3,6,I,A4,X,13.3,9.9,11.8,24,271
2006,MAZDA,MAZDA3,COMPACT,2,4,I,AS4,X,9.1,6.4,7.9,36,182
2006,MAZDA,MAZDA3,COMPACT,2,4,I,M5,X,8.4,6.1,7.4,38,170
2006,MAZDA,MAZDA3,COMPACT,2.3,4,I,AS5,X,9.4,6.9,8.3,34,191
2006,MAZDA,MAZDA3,COMPACT,2.3,4,I,M5,X,9.2,6.7,8.1,35,186
2006,MAZDA,MAZDA6,MID-SIZE,2.3,4,I,AS5,X,10,7,8.6,33,198
2006,MAZDA,MAZDA6,MID-SIZE,2.3,4,I,M5,X,10,6.8,8.6,33,198
2006,MAZDA,MAZDA6,MID-SIZE,3,6,I,AS6,X,12.1,7.9,10.2,28,235
2006,MAZDA,MAZDA6,MID-SIZE,3,6,I,M5,X,12.2,8,10.3,27,237
2006,MAZDA,MAZDA6 TURBO,MID-SIZE,2.3,4,I,M6,Z,12.5,8.5,10.7,26,246
2006,MAZDA,RX-8,SUBCOMPACT,1.3,2,I,AS6,Z,12.9,8.6,11,26,253
2006,MAZDA,RX-8,SUBCOMPACT,1.3,2,I,M6,Z,12.8,9.2,11.2,25,258
2006,MAZDA,TRIBUTE,SUV,2.3,4,I,A4,X,10.4,8.4,9.5,30,218
2006,MAZDA,TRIBUTE,SUV,2.3,4,I,M5,X,9.9,7.3,8.8,32,202
2006,MAZDA,TRIBUTE,SUV,3,6,I,A4,X,11.9,8.8,10.5,27,242
2006,MAZDA,TRIBUTE 4X4,SUV,2.3,4,I,A4,X,11.4,9,10.3,27,237
2006,MAZDA,TRIBUTE 4X4,SUV,2.3,4,I,M5,X,10.6,8,9.4,30,216
2006,MAZDA,TRIBUTE 4X4,SUV,3,6,I,A4,X,12.5,9.4,11.1,25,255
2007,MAZDA,MAZDA3,MID-SIZE,2,4,I,AS4,X,9.1,6.4,7.9,36,182
2007,MAZDA,MAZDA3,MID-SIZE,2,4,I,M5,X,8.4,6.1,7.4,38,170
2007,MAZDA,MAZDA3,MID-SIZE,2.3,4,I,AS5,X,9.4,6.9,8.3,34,191
2007,MAZDA,MAZDA3,MID-SIZE,2.3,4,I,M5,X,9.2,6.7,8.1,35,186
2007,MAZDA,MAZDA3 TURBO,MID-SIZE,2.3,4,I,M6,Z,11.8,7.6,9.9,29,228
2007,MAZDA,MAZDA6,MID-SIZE,2.3,4,I,AS5,X,10,7,8.6,33,198
2007,MAZDA,MAZDA6,MID-SIZE,2.3,4,I,M5,X,10,6.9,8.6,33,198
2007,MAZDA,MAZDA6,MID-SIZE,3,6,I,AS6,X,12,7.9,10.2,28,235
2007,MAZDA,MAZDA6,MID-SIZE,3,6,I,M5,X,12.2,8.1,10.4,27,239
2007,MAZDA,MAZDA6 TURBO,MID-SIZE,2.3,4,I,M6,Z,12.5,8.5,10.7,26,246
2007,MAZDA,RX-8,SUBCOMPACT,1.3,2,I,AS6,Z,12.9,8.6,11,26,253
2007,MAZDA,RX-8,SUBCOMPACT,1.3,2,I,M6,Z,12.8,9.2,11.2,25,258
2008,MAZDA,MAZDA3,COMPACT,2,4,I,AS4,X,9.1,6.4,7.9,36,182
2008,MAZDA,MAZDA3,COMPACT,2,4,I,M5,X,8.4,6.1,7.4,38,170
2008,MAZDA,MAZDA3,COMPACT,2.3,4,I,AS5,X,9.4,6.9,8.3,34,191
2008,MAZDA,MAZDA3,COMPACT,2.3,4,I,M5,X,9.2,6.7,8.1,35,186
2008,MAZDA,MAZDA6,MID-SIZE,2.3,4,I,AS5,X,9.9,7,8.6,33,198
2008,MAZDA,MAZDA6,MID-SIZE,2.3,4,I,M5,X,10.1,6.9,8.7,32,200
2008,MAZDA,MAZDA6,MID-SIZE,3,6,I,AS6,X,11.9,7.9,10.1,28,232
2008,MAZDA,MAZDA6,MID-SIZE,3,6,I,M5,X,12.2,8.1,10.3,27,237
2008,MAZDA,RX-8,SUBCOMPACT,1.3,2,I,AS6,Z,12.9,8.6,11,26,253
2008,MAZDA,RX-8,SUBCOMPACT,1.3,2,I,M6,Z,12.8,9.2,11.2,25,258
2008,MAZDA,TRIBUTE,SUV,2.3,4,I,A4,X,10.3,7.7,9.1,31,209
2008,MAZDA,TRIBUTE,SUV,2.3,4,I,M5,X,9.4,7.1,8.4,34,193
2008,MAZDA,TRIBUTE,SUV,3,6,I,A4,X,11.7,8.2,10.1,28,232
2008,MAZDA,TRIBUTE AWD,SUV,2.3,4,I,A4,X,10.9,8.5,9.8,29,225
2008,MAZDA,TRIBUTE AWD,SUV,3,6,I,A4,X,12.5,9.1,10.8,26,248
2009,MAZDA,MAZDA3,COMPACT,2,4,I,AS4,X,9.1,6.4,7.9,36,182
2009,MAZDA,MAZDA3,COMPACT,2,4,I,M5,X,8.4,6.1,7.4,38,170
2009,MAZDA,MAZDA3,COMPACT,2.3,4,I,AS5,X,9.5,6.8,8.3,34,191
2009,MAZDA,MAZDA3,COMPACT,2.3,4,I,M5,X,9.2,6.7,8.1,35,186
2009,MAZDA,MAZDA6,MID-SIZE,2.5,4,I,AS5,X,9.7,6.7,8.3,34,191
2009,MAZDA,MAZDA6,MID-SIZE,2.5,4,I,M6,X,10.4,6.9,8.8,32,202
2009,MAZDA,MAZDA6,MID-SIZE,3.7,6,I,AS6,X,12.1,8,10.2,28,235
2009,MAZDA,RX-8,SUBCOMPACT,1.3,2,I,AS6,Z,13.3,8.9,11.3,25,260
2009,MAZDA,RX-8,SUBCOMPACT,1.3,2,I,M6,Z,12.8,9.2,11.2,25,258
2009,MAZDA,TRIBUTE,SUV,2.5,4,I,A6,X,10.1,7.2,8.8,32,202
2009,MAZDA,TRIBUTE,SUV,2.5,4,I,M5,X,9.2,7.2,8.3,34,191
2009,MAZDA,TRIBUTE,SUV,3,6,I,A6,X,11.5,7.7,9.8,29,225
2009,MAZDA,TRIBUTE AWD,SUV,2.5,4,I,A6,X,10.9,7.9,9.6,29,221
2009,MAZDA,TRIBUTE AWD,SUV,3,6,I,A6,X,12.1,8.3,10.4,27,239
2010,MAZDA,MAZDA3,COMPACT,2,4,I,AS5,X,8.7,6,7.5,38,172
2010,MAZDA,MAZDA3,COMPACT,2,4,I,M5,X,8.1,5.9,7.1,40,163
2010,MAZDA,MAZDA3,COMPACT,2.5,4,I,AS5,X,9.2,6.8,8.1,35,186
2010,MAZDA,MAZDA3,COMPACT,2.5,4,I,M6,X,10.1,6.9,8.6,33,198
2010,MAZDA,MAZDA6,MID-SIZE,2.5,4,I,AS5,X,9.7,6.7,8.3,34,191
2010,MAZDA,MAZDA6,MID-SIZE,2.5,4,I,M6,X,10.4,6.9,8.8,32,202
2010,MAZDA,MAZDA6,MID-SIZE,3.7,6,I,AS6,X,12.1,8,10.2,28,235
2010,MAZDA,RX-8,SUBCOMPACT,1.3,2,I,AS6,Z,13.3,8.9,11.3,25,260
2010,MAZDA,RX-8,SUBCOMPACT,1.3,2,I,M6,Z,12.8,9.2,11.2,25,258
2010,MAZDA,TRIBUTE,SUV,2.5,4,I,A6,X,10,7.1,8.7,32,200
2010,MAZDA,TRIBUTE,SUV,2.5,4,I,M5,X,9.2,7.2,8.3,34,191
2010,MAZDA,TRIBUTE 4X4,SUV,2.5,4,I,A6,X,10.4,7.6,9.1,31,209
2010,MAZDA,TRIBUTE 4X4 FFV,SUV,3,6,I,A6,X,11.6,8.8,10.3,27,237
2010,MAZDA,TRIBUTE FFV,SUV,3,6,I,A6,X,10.9,8,9.6,29,221
2011,MAZDA,MAZDA2,COMPACT,1.5,4,I,A4,X,7.5,6,6.8,42,156
2011,MAZDA,MAZDA2,COMPACT,1.5,4,I,M5,X,6.8,5.6,6.3,45,145
2011,MAZDA,MAZDA3,COMPACT,2,4,I,AS5,X,8.7,6,7.5,38,172
2011,MAZDA,MAZDA3,COMPACT,2,4,I,M5,X,8.1,5.9,7.1,40,163
2011,MAZDA,MAZDA3,COMPACT,2.5,4,I,AS5,X,9.2,6.7,8.1,35,186
2011,MAZDA,MAZDA3,COMPACT,2.5,4,I,M6,X,10.2,6.9,8.7,32,200
2011,MAZDA,MAZDA6,MID-SIZE,2.5,4,I,AS5,X,9.4,6.5,8.1,35,186
2011,MAZDA,MAZDA6,MID-SIZE,2.5,4,I,M6,X,9.8,6.6,8.4,34,193
2011,MAZDA,MAZDA6,MID-SIZE,3.7,6,I,AS6,X,11.9,7.9,10.1,28,232
2011,MAZDA,RX-8,SUBCOMPACT,1.3,2,I,AS6,Z,13.3,8.9,11.3,25,260
2011,MAZDA,RX-8,SUBCOMPACT,1.3,2,I,M6,Z,12.8,9.2,11.2,25,258
2011,MAZDA,TRIBUTE,SUV,2.5,4,I,A6,X,10,7.1,8.7,32,200
2011,MAZDA,TRIBUTE,SUV,2.5,4,I,M5,X,9.1,7.1,8.2,34,189
2011,MAZDA,TRIBUTE 4X4,SUV,2.5,4,I,A6,X,10.3,7.5,9,31,207
2011,MAZDA,TRIBUTE 4X4 FFV,SUV,3,6,I,A6,X,11.5,8.7,10.3,27,237
2011,MAZDA,TRIBUTE FFV,SUV,3,6,I,A6,X,10.9,8,9.6,29,221
2012,MAZDA,MAZDA2,COMPACT,1.5,4,I,A4,X,7.1,5.8,6.5,43,150
2012,MAZDA,MAZDA2,COMPACT,1.5,4,I,M5,X,6.8,5.6,6.3,45,145
2012,MAZDA,MAZDA3,COMPACT,2,4,I,AS5,X,8.7,6,7.5,38,172
2012,MAZDA,MAZDA3,COMPACT,2,4,I,M5,X,8.1,5.9,7.1,40,163
2012,MAZDA,MAZDA3,COMPACT,2.5,4,I,AS5,X,9.2,6.7,8.1,35,186
2012,MAZDA,MAZDA3,COMPACT,2.5,4,I,M6,X,10.2,6.9,8.7,32,200
2012,MAZDA,MAZDA3 DI 4-DOOR,COMPACT,2,4,I,AS6,X,7.1,4.9,6.1,46,140
2012,MAZDA,MAZDA3 DI 4-DOOR,COMPACT,2,4,I,M6,X,7.7,5,6.5,43,150
2012,MAZDA,MAZDA3 DI 5-DOOR,MID-SIZE,2,4,I,AS6,X,7.1,5,6.2,46,143
2012,MAZDA,MAZDA3 DI 5-DOOR,MID-SIZE,2,4,I,M6,X,7.6,5.1,6.5,43,150
2012,MAZDA,MAZDA6,MID-SIZE,2.5,4,I,AS5,X,9.4,6.5,8.1,35,186
2012,MAZDA,MAZDA6,MID-SIZE,2.5,4,I,M6,X,9.8,6.6,8.4,34,193
2012,MAZDA,MAZDA6,MID-SIZE,3.7,6,I,AS6,X,11.9,7.9,10.1,28,232
2013,MAZDA,CX-5,SUV - SMALL,2,4,I,AS6,X,7.7,6.1,7,40,161
2013,MAZDA,CX-5,SUV - SMALL,2,4,I,M6,X,7.8,5.7,6.8,42,156
2013,MAZDA,CX-5 4WD,SUV - SMALL,2,4,I,AS6,X,8,6.4,7.3,39,168
2013,MAZDA,MAZDA2,COMPACT,1.5,4,I,A4,X,7.1,5.8,6.5,43,150
2013,MAZDA,MAZDA2,COMPACT,1.5,4,I,M5,X,6.8,5.6,6.3,45,145
2013,MAZDA,MAZDA3 DI 4-DOOR,COMPACT,2,4,I,AS6,X,7.1,4.9,6.1,46,140
2013,MAZDA,MAZDA3 DI 4-DOOR,COMPACT,2,4,I,M6,X,7.7,5,6.5,43,150
2013,MAZDA,MAZDA3 DI 5-DOOR,MID-SIZE,2,4,I,AS6,X,7.1,5,6.2,46,143
2013,MAZDA,MAZDA3 DI 5-DOOR,MID-SIZE,2,4,I,M6,X,7.6,5.1,6.5,43,150
2013,MAZDA,MAZDA3 L5X,COMPACT,2.5,4,I,AS5,X,9.2,6.8,8.2,34,189
2013,MAZDA,MAZDA3 L5X,COMPACT,2.5,4,I,M6,X,10.2,7,8.8,32,202
2013,MAZDA,MAZDA3 LFX,COMPACT,2,4,I,AS5,X,8.7,6,7.5,38,172
2013,MAZDA,MAZDA3 LFX,COMPACT,2,4,I,M5,X,8.2,6,7.2,39,166
2013,MAZDA,MAZDA6,MID-SIZE,2.5,4,I,AS5,X,9.4,6.4,8,35,184
2013,MAZDA,MAZDA6,MID-SIZE,2.5,4,I,M6,X,9.8,6.6,8.4,34,193
2013,MAZDA,MAZDA6,MID-SIZE,3.7,6,I,AS6,X,11.8,7.7,9.9,29,228
2014,MAZDA,CX-5,SUV - SMALL,2,4,I,AS6,X,7.7,6.1,6.9,41,159
2014,MAZDA,CX-5,SUV - SMALL,2,4,I,M6,X,7.8,5.7,6.8,42,156
2014,MAZDA,CX-5,SUV - SMALL,2.5,4,I,AS6,X,8.3,6.2,7.3,39,168
2014,MAZDA,CX-5 4WD,SUV - SMALL,2,4,I,AS6,X,8,6.4,7.3,39,168
2014,MAZDA,CX-5 4WD,SUV - SMALL,2.5,4,I,AS6,X,8.5,6.6,7.7,37,177
2014,MAZDA,MAZDA2,COMPACT,1.5,4,I,A4,X,7.1,5.8,6.5,43,150
2014,MAZDA,MAZDA2,COMPACT,1.5,4,I,M5,X,6.8,5.6,6.3,45,145
2014,MAZDA,MAZDA3 4-DOOR,COMPACT,2,4,I,AS6,X,6.7,4.7,5.8,49,133
2014,MAZDA,MAZDA3 4-DOOR,COMPACT,2,4,I,M6,X,6.8,4.8,5.9,48,136
2014,MAZDA,MAZDA3 4-DOOR,COMPACT,2.5,4,I,AS6,X,7.2,5.1,6.2,46,143
2014,MAZDA,MAZDA3 4-DOOR (i-ELOOP),COMPACT,2.5,4,I,AS6,X,7.1,5,6.2,46,143
2014,MAZDA,MAZDA3 4-DOOR (SIL),COMPACT,2,4,I,M6,X,6.8,4.8,5.9,48,136
2014,MAZDA,MAZDA3 5-DOOR,MID-SIZE,2,4,I,AS6,X,6.8,4.9,5.9,48,136
2014,MAZDA,MAZDA3 5-DOOR,MID-SIZE,2,4,I,M6,X,7,4.9,6,47,138
2014,MAZDA,MAZDA3 5-DOOR,MID-SIZE,2.5,4,I,AS6,X,7.5,5.4,6.6,43,152
2014,MAZDA,MAZDA3 5-DOOR (i-ELOOP),MID-SIZE,2.5,4,I,AS6,X,7,5,6.1,46,140
2014,MAZDA,MAZDA3 5-DOOR (SIL),MID-SIZE,2,4,I,M6,X,7,4.9,6,47,138
2014,MAZDA,MAZDA6,MID-SIZE,2.5,4,I,AS6,X,7.6,5.1,6.5,43,150
2014,MAZDA,MAZDA6,MID-SIZE,2.5,4,I,M6,X,8.1,5.3,6.9,41,159
2014,MAZDA,MAZDA6 (i-ELOOP),MID-SIZE,2.5,4,I,AS6,X,7.2,4.9,6.1,46,140
2015,MAZDA,CX-5,SUV - SMALL,2,4,I,AS6,X,8.9,7.3,8.2,34,189
2015,MAZDA,CX-5,SUV - SMALL,2,4,I,M6,X,9,6.8,8,35,184
2015,MAZDA,CX-5,SUV - SMALL,2.5,4,I,AS6,X,9.6,7.4,8.6,33,198
2015,MAZDA,CX-5 4WD,SUV - SMALL,2,4,I,AS6,X,9.3,7.6,8.5,33,196
2015,MAZDA,CX-5 4WD,SUV - SMALL,2.5,4,I,AS6,X,9.9,7.9,9,31,207
2015,MAZDA,MAZDA3 4-DOOR,COMPACT,2,4,I,AS6,X,7.9,5.7,6.9,41,159
2015,MAZDA,MAZDA3 4-DOOR (SIL),COMPACT,2,4,I,M6,X,8,5.8,7,40,161
2015,MAZDA,MAZDA3 4-DOOR,COMPACT,2.5,4,I,AS6,X,8.4,6.1,7.4,38,170
2015,MAZDA,MAZDA3 4-DOOR (i-ELOOP),COMPACT,2.5,4,I,AS6,X,8.2,5.9,7.2,39,166
2015,MAZDA,MAZDA3 4-DOOR (SIL),COMPACT,2.5,4,I,M6,X,9.3,6.4,8,35,184
2015,MAZDA,MAZDA3 5-DOOR,MID-SIZE,2,4,I,AS6,X,8,5.9,7,40,161
2015,MAZDA,MAZDA3 5-DOOR (SIL),MID-SIZE,2,4,I,M6,X,8.2,5.9,7.1,40,163
2015,MAZDA,MAZDA3 5-DOOR,MID-SIZE,2.5,4,I,AS6,X,8.7,6.5,7.7,37,177
2015,MAZDA,MAZDA3 5-DOOR (i-ELOOP),MID-SIZE,2.5,4,I,AS6,X,8.2,6,7.2,39,166
2015,MAZDA,MAZDA3 5-DOOR (SIL),MID-SIZE,2.5,4,I,M6,X,9.2,6.6,8.1,35,186
2015,MAZDA,MAZDA6,MID-SIZE,2.5,4,I,AS6,X,8.8,6.1,7.6,37,175
2015,MAZDA,MAZDA6,MID-SIZE,2.5,4,I,M6,X,9.4,6.4,8.1,35,186
2015,MAZDA,MAZDA6 (i-ELOOP),MID-SIZE,2.5,4,I,AS6,X,8.4,5.9,7.3,39,168
2016,MAZDA,CX-3,COMPACT,2,4,I,AS6,X,8.2,6.7,7.6,37,179
2016,MAZDA,CX-5,SUV - SMALL,2,4,I,AS6,X,9,7.3,8.2,34,192
2016,MAZDA,CX-5,SUV - SMALL,2.5,4,I,AS6,X,8.9,7.1,8.1,35,190
2016,MAZDA,CX-5 (SIL),SUV - SMALL,2,4,I,M6,X,9,6.8,8,35,188
2016,MAZDA,CX-5 4WD,SUV - SMALL,2,4,I,AS6,X,9.3,7.6,8.5,33,199
2016,MAZDA,CX-5 4WD,SUV - SMALL,2.5,4,I,AS6,X,9.8,7.9,9,31,210
2016,MAZDA,MAZDA3 4-DOOR,COMPACT,2,4,I,AS6,X,7.9,5.7,6.9,41,162
2016,MAZDA,MAZDA3 4-DOOR (SIL),COMPACT,2,4,I,M6,X,8,5.8,7,40,165
2016,MAZDA,MAZDA3 4-DOOR,COMPACT,2.5,4,I,AS6,X,8.4,6.1,7.4,38,173
2016,MAZDA,MAZDA3 4-DOOR (i-ELOOP),COMPACT,2.5,4,I,AS6,X,8.2,5.9,7.2,39,169
2016,MAZDA,MAZDA3 4-DOOR (SIL),COMPACT,2.5,4,I,M6,X,9.3,6.4,8,35,189
2016,MAZDA,MAZDA3 5-DOOR,MID-SIZE,2,4,I,AS6,X,8,5.9,7,40,165
2016,MAZDA,MAZDA3 5-DOOR (SIL),MID-SIZE,2,4,I,M6,X,8.2,5.9,7.1,40,167
2016,MAZDA,MAZDA3 5-DOOR,MID-SIZE,2.5,4,I,AS6,X,8.7,6.5,7.7,37,182
2016,MAZDA,MAZDA3 5-DOOR (i-ELOOP),MID-SIZE,2.5,4,I,AS6,X,8.2,6,7.2,39,170
2016,MAZDA,MAZDA3 5-DOOR (SIL),MID-SIZE,2.5,4,I,M6,X,9.2,6.6,8.1,35,190
2016,MAZDA,MAZDA6,MID-SIZE,2.5,4,I,AS6,X,8.8,6.1,7.6,37,178
2016,MAZDA,MAZDA6 (i-ELOOP),MID-SIZE,2.5,4,I,AS6,X,8.5,5.9,7.3,39,171
2016,MAZDA,MAZDA6 (SIL),MID-SIZE,2.5,4,I,M6,X,9.4,6.4,8.1,35,188
2017,MAZDA,CX-3,COMPACT,2,4,I,AS6,X,8.2,6.9,7.6,37,179
2017,MAZDA,CX-5,SUV - SMALL,2,4,I,M6,X,9.4,7.4,8.5,33,199
2017,MAZDA,CX-5,SUV - SMALL,2.5,4,I,AS6,X,9.8,7.7,8.6,33,204
2017,MAZDA,CX-5 4WD,SUV - SMALL,2.5,4,I,AS6,X,10.2,8.3,9.2,31,221
2017,MAZDA,MAZDA3 4-DOOR,COMPACT,2,4,I,AS6,X,8.4,6.4,7.5,38,176
2017,MAZDA,MAZDA3 4-DOOR,COMPACT,2,4,I,M6,X,8.5,6.2,7.5,38,175
2017,MAZDA,MAZDA3 4-DOOR (SIL),COMPACT,2,4,I,M6,X,8.5,6.2,7.5,38,175
2017,MAZDA,MAZDA3 4-DOOR,COMPACT,2.5,4,I,AS6,X,8.8,6.6,7.8,36,182
2017,MAZDA,MAZDA3 4-DOOR (i-ELOOP),COMPACT,2.5,4,I,AS6,X,8.5,6.4,7.6,37,176
2017,MAZDA,MAZDA3 4-DOOR (SIL),COMPACT,2.5,4,I,M6,X,9.3,6.9,8.2,34,194
2017,MAZDA,MAZDA3 5-DOOR,MID-SIZE,2,4,I,AS6,X,8.4,6.4,7.5,38,174
2017,MAZDA,MAZDA3 5-DOOR (SIL),MID-SIZE,2,4,I,M6,X,8.6,6.4,7.6,37,178
2017,MAZDA,MAZDA3 5-DOOR,MID-SIZE,2.5,4,I,AS6,X,9,6.7,7.8,36,183
2017,MAZDA,MAZDA3 5-DOOR (i-ELOOP),MID-SIZE,2.5,4,I,AS6,X,8.7,6.6,7.8,36,181
2017,MAZDA,MAZDA3 5-DOOR (SIL),MID-SIZE,2.5,4,I,M6,X,9.6,7,8.4,34,198
2017,MAZDA,MAZDA6,MID-SIZE,2.5,4,I,AS6,X,9.1,6.7,8,35,187
2017,MAZDA,MAZDA6 (i-ELOOP),MID-SIZE,2.5,4,I,AS6,X,8.9,6.7,7.9,36,186
2017,MAZDA,MAZDA6 (SIL),MID-SIZE,2.5,4,I,M6,X,9.8,6.9,8.4,34,196
2018,Mazda,CX-3,Compact,2,4,I,AS6,X,8.2,6.9,7.6,37,180
2018,Mazda,CX-3,Compact,2,4,I,M6,X,9,7,8.1,35,189
2018,Mazda,CX-5 ,SUV: Small,2,4,I,M6,X,9.7,7.7,8.8,32,206
2018,Mazda,CX-5,SUV: Small,2.5,4,I,AS6,X,9.7,7.8,8.8,32,206
2018,Mazda,CX-5 (Cylinder Deactivation),SUV: Small,2.5,4,I,AS6,X,9.3,7.6,8.5,33,201
2018,Mazda,CX-5 4WD,SUV: Small,2.5,4,I,AS6,X,10.2,8.2,9.3,30,217
2018,Mazda,CX-5 4WD (Cylinder Deactivation),SUV: Small,2.5,4,I,AS6,X,9.8,7.9,9,31,209
2018,Mazda,Mazda3 4-Door,Compact,2,4,I,AS6,X,8.4,6.4,7.5,38,176
2018,Mazda,Mazda3 4-Door,Compact,2,4,I,M6,X,8.5,6.2,7.5,38,175
2018,Mazda,Mazda3 4-Door (SIL),Compact,2,4,I,M6,X,8.5,6.2,7.5,38,175
2018,Mazda,Mazda3 4-Door,Compact,2.5,4,I,AS6,X,8.8,6.6,7.8,36,182
2018,Mazda,Mazda3 4-Door (i-ELOOP),Compact,2.5,4,I,AS6,X,8.5,6.4,7.6,37,176
2018,Mazda,Mazda3 4-Door (SIL),Compact,2.5,4,I,M6,X,9.3,6.9,8.2,34,194
2018,Mazda,Mazda3 5-Door,Mid-size,2,4,I,AS6,X,8.4,6.4,7.5,38,174
2018,Mazda,Mazda3 5-Door (SIL),Mid-size,2,4,I,M6,X,8.6,6.4,7.6,37,178
2018,Mazda,Mazda3 5-Door,Mid-size,2.5,4,I,AS6,X,9,6.7,7.8,36,187
2018,Mazda,Mazda3 5-Door (i-ELOOP),Mid-size,2.5,4,I,AS6,X,8.7,6.6,7.8,36,181
2018,Mazda,Mazda3 5-Door (SIL),Mid-size,2.5,4,I,M6,X,9.6,7,8.4,34,198
2018,Mazda,Mazda6,Mid-size,2.5,4,I,AS6,X,9.1,6.7,8,35,187
2018,Mazda,Mazda6 Turbo,Mid-size,2.5,4,I,AS6,X,10,7.5,8.9,32,208
2019,Mazda,CX-3,Compact,2,4,I,AS6,X,8.3,6.9,7.7,37,179
2019,Mazda,CX-3,Compact,2,4,I,M6,X,8.8,7,8,35,186
2019,Mazda,CX-5,SUV: Small,2,4,I,M6,X,9.7,7.7,8.8,32,206
2019,Mazda,CX-5,SUV: Small,2.5,4,I,AS6,X,9.7,7.8,8.8,32,206
2019,Mazda,CX-5 (Cylinder Deactivation),SUV: Small,2.5,4,I,AS6,X,9.3,7.6,8.5,33,201
2019,Mazda,CX-5 4WD,SUV: Small,2.5,4,I,AS6,X,10.2,8.2,9.3,30,217
2019,Mazda,CX-5 4WD (Cylinder Deactivation),SUV: Small,2.5,4,I,AS6,X,9.8,7.9,9,31,209
2019,Mazda,CX-5 Turbo 4WD,SUV: Small,2.5,4,I,AS6,X,10.8,8.7,9.8,29,230
2019,Mazda,CX-5 Diesel 4WD,SUV: Small,2.2,4,I,AS6,D,8.9,7.9,8.4,34,227
2019,Mazda,Mazda3 4-Door,Compact,2,4,I,AS6,X,8.4,6.6,7.6,37,178
2019,Mazda,Mazda3 4-Door (SIL),Compact,2,4,I,M6,X,8.7,6.4,7.7,37,180
2019,Mazda,Mazda3 4-Door,Compact,2.5,4,I,AS6,X,8.8,6.4,7.7,37,181
2019,Mazda,Mazda3 4-Door (Cylinder Deactivation),Compact,2.5,4,I,AS6,X,8.8,6.6,7.8,36,183
2019,Mazda,Mazda3 4-Door 4WD,Compact,2.5,4,I,AS6,X,9.2,7,8.2,34,192
2019,Mazda,Mazda3 5-Door,Mid-size,2,4,I,AS6,X,8.6,6.7,7.7,37,181
2019,Mazda,Mazda3 5-Door (SIL),Mid-size,2,4,I,M6,X,8.7,6.6,7.8,36,181
2019,Mazda,Mazda3 5-Door,Mid-size,2.5,4,I,AS6,X,9,6.8,8,35,187
2019,Mazda,Mazda3 5-Door,Mid-size,2.5,4,I,M6,X,9.2,6.6,8.1,35,189
2019,Mazda,Mazda3 5-Door 4WD,Mid-size,2.5,4,I,AS6,X,9.8,7.4,8.7,32,204
2019,Mazda,Mazda6,Mid-size,2.5,4,I,AS6,X,9.1,6.7,8,35,187
2019,Mazda,Mazda6 Turbo,Mid-size,2.5,4,I,AS6,X,10,7.5,8.9,32,208
2020,Mazda,CX-3,Compact,2,4,I,AS6,X,8.3,6.9,7.7,37,179
2020,Mazda,CX-5,SUV: Small,2.5,4,I,AS6,X,9.7,7.8,8.8,32,206
2020,Mazda,CX-5 (Cylinder Deactivation),SUV: Small,2.5,4,I,AS6,X,9.3,7.6,8.5,33,201
2020,Mazda,CX-5 4WD,SUV: Small,2.5,4,I,AS6,X,10.2,8.2,9.3,30,217
2020,Mazda,CX-5 4WD (Cylinder Deactivation),SUV: Small,2.5,4,I,AS6,X,9.8,7.9,9,31,209
2020,Mazda,CX-5 Turbo 4WD,SUV: Small,2.5,4,I,AS6,X,10.8,8.7,9.8,29,230
2020,Mazda,Mazda3 4-Door,Compact,2,4,I,AS6,X,8.4,6.6,7.6,37,178
2020,Mazda,Mazda3 4-Door (SIL),Compact,2,4,I,M6,X,8.7,6.4,7.7,37,180
2020,Mazda,Mazda3 4-Door,Compact,2.5,4,I,AS6,X,8.8,6.4,7.7,37,181
2020,Mazda,Mazda3 4-Door (Cylinder Deactivation),Compact,2.5,4,I,AS6,X,8.8,6.6,7.8,36,183
2020,Mazda,Mazda3 4-Door 4WD,Compact,2.5,4,I,AS6,X,9.2,7,8.2,34,192
2020,Mazda,Mazda3 5-Door,Mid-size,2,4,I,AS6,X,8.6,6.7,7.7,37,181
2020,Mazda,Mazda3 5-Door (SIL),Mid-size,2,4,I,M6,X,8.7,6.6,7.8,36,181
2020,Mazda,Mazda3 5-Door,Mid-size,2.5,4,I,AS6,X,9,6.8,8,35,187
2020,Mazda,Mazda3 5-Door (SIL),Mid-size,2.5,4,I,M6,X,9.2,6.6,8.1,35,189
2020,Mazda,Mazda3 5-Door 4WD,Mid-size,2.5,4,I,AS6,X,9.8,7.4,8.7,32,204
2020,Mazda,Mazda6,Mid-size,2.5,4,I,AS6,X,9,6.7,8,35,188
2020,Mazda,Mazda6 Turbo,Mid-size,2.5,4,I,AS6,X,10,7.5,8.9,32,208
2021,Mazda,CX-3,Compact,2,4,I,AS6,X,8.3,6.9,7.7,37,179
2021,Mazda,CX-5,SUV: Small,2.5,4,I,AS6,X,9.7,7.8,8.8,32,206
2021,Mazda,CX-5 (Cylinder Deactivation),SUV: Small,2.5,4,I,AS6,X,9.3,7.6,8.5,33,201
2021,Mazda,CX-5 4WD,SUV: Small,2.5,4,I,AS6,X,10.2,8.2,9.3,30,217
2021,Mazda,CX-5 4WD (Cylinder Deactivation),SUV: Small,2.5,4,I,AS6,X,9.8,7.9,9,31,209
2021,Mazda,CX-5 Turbo 4WD,SUV: Small,2.5,4,I,AS6,X,10.8,8.7,9.8,29,230
2021,Mazda,Mazda3 4-Door,Compact,2,4,I,AS6,X,8.4,6.6,7.6,37,178
2021,Mazda,Mazda3 4-Door (SIL),Compact,2,4,I,M6,X,8.7,6.4,7.7,37,180
2021,Mazda,Mazda3 4-Door,Compact,2.5,4,I,AS6,X,8.9,6.5,7.8,36,184
2021,Mazda,Mazda3 4-Door 4WD,Compact,2.5,4,I,AS6,X,9.3,7,8.2,34,193
2021,Mazda,Mazda3 4-Door Turbo 4WD,Compact,2.5,4,I,AS6,X,10.1,7.3,8.8,32,207
2021,Mazda,Mazda3 5-Door,Mid-size,2,4,I,AS6,X,8.6,6.7,7.7,37,181
2021,Mazda,Mazda3 5-Door (SIL),Mid-size,2,4,I,M6,X,8.7,6.6,7.8,36,181
2021,Mazda,Mazda3 5-Door,Mid-size,2.5,4,I,AS6,X,9.2,6.9,8.1,35,190
2021,Mazda,Mazda3 5-Door (SIL),Mid-size,2.5,4,I,M6,X,9.5,7,8.4,34,197
2021,Mazda,Mazda3 5-Door 4WD,Mid-size,2.5,4,I,AS6,X,9.5,7.4,8.5,33,200
2021,Mazda,Mazda3 5-Door Turbo 4WD,Mid-size,2.5,4,I,AS6,X,10.1,7.5,8.9,32,209
2021,Mazda,Mazda6,Mid-size,2.5,4,I,AS6,X,9.1,6.7,8,35,187
2021,Mazda,Mazda6 Turbo,Mid-size,2.5,4,I,AS6,X,10,7.5,8.9,32,208
2022,Mazda,CX-3,Compact,2,4,I,AS6,X,8.3,6.9,7.7,37,179
2022,Mazda,CX-5 4WD,SUV: Small,2.5,4,I,AS6,X,10.2,8.2,9.3,30,216
2022,Mazda,CX-5 4WD (Cylinder Deactivation),SUV: Small,2.5,4,I,AS6,X,9.9,7.9,9,31,209
2022,Mazda,CX-5 Turbo 4WD,SUV: Small,2.5,4,I,AS6,X,10.8,8.7,9.8,29,230
2022,Mazda,Mazda3 4-Door,Compact,2,4,I,AS6,X,8.4,6.6,7.6,37,178
2022,Mazda,Mazda3 4-Door (SIL),Compact,2,4,I,M6,X,8.7,6.4,7.7,37,180
2022,Mazda,Mazda3 4-Door,Compact,2.5,4,I,AS6,X,8.9,6.5,7.8,36,183
2022,Mazda,Mazda3 4-Door 4WD,Compact,2.5,4,I,AS6,X,9.5,7.2,8.5,33,199
2022,Mazda,Mazda3 4-Door Turbo 4WD,Compact,2.5,4,I,AS6,X,10.1,7.3,8.8,32,207
2022,Mazda,Mazda3 5-Door,Mid-size,2,4,I,AS6,X,8.6,6.7,7.7,37,181
2022,Mazda,Mazda3 5-Door (SIL),Mid-size,2,4,I,M6,X,8.7,6.6,7.8,36,181
2022,Mazda,Mazda3 5-Door,Mid-size,2.5,4,I,AS6,X,9.1,6.8,8.1,35,190
2022,Mazda,Mazda3 5-Door (SIL),Mid-size,2.5,4,I,M6,X,9.6,7.1,8.4,34,198
2022,Mazda,Mazda3 5-Door 4WD,Mid-size,2.5,4,I,AS6,X,9.5,7.4,8.6,33,200
2022,Mazda,Mazda3 5-Door Turbo 4WD,Mid-size,2.5,4,I,AS6,X,10.1,7.5,8.9,32,209
2015,MAZDA,FLAIR / WAGON R,MINICOMPACT,0.7,3,I,AV,X,4.9,3.5,4.2,67,96
2020,MAZDA,FLAIR,MINICOMPACT,0.7,3,I,AV,X,4.8,3.4,4.1,69,94
2000,MAZDA,Compact SUV (Ref - 2.0L),SUV,2,4,I,A4,X,10.5,7.8,9.3,30,214
2005,MAZDA,Compact SUV (Ref - 2.0L),SUV,2,4,I,A4,X,10,7.5,9,31,207
2010,MAZDA,Compact SUV (Ref - 2.0L),SUV,2,4,I,A5,X,9.5,7,8.3,34,191
2015,MAZDA,CX-5 (Gen 1 - 2.0L),SUV,2,4,I,A6,X,8.5,6.2,7.5,38,173
2020,MAZDA,CX-5 (Gen 2 - 2.5L),SUV,2.5,4,I,A6,X,9,6.8,8,35,184
2025,MAZDA,CX-5 (New Gen Hybrid),SUV,2.5,4,I,A8,Z,7.5,5.5,6.6,43,152
2005,HONDA,FIT (GD - 1.3L),SUBCOMPACT,1.3,4,I,AV,X,6,4.6,5.4,52,125
2010,HONDA,FIT (GE - 1.3L),SUBCOMPACT,1.3,4,I,AV,X,5.8,4.4,5.2,54,119
2015,HONDA,FIT (GK - 1.5L Hybrid),SUBCOMPACT,1.5,4,I,AV,Z,4.5,3.8,4.2,67,96
2020,HONDA,FIT (GR - 1.5L e:HEV),SUBCOMPACT,1.5,4,I,AV,Z,4,3.5,3.8,74,88
2000,SUZUKI,SWIFT,SUBCOMPACT,1.3,4,I,A3,X,7.8,6.2,7.1,40,163
2000,SUZUKI,SWIFT,SUBCOMPACT,1.3,4,I,M5,X,6.4,4.9,5.7,50,131
2001,SUZUKI,SWIFT,SUBCOMPACT,1.3,4,I,A3,X,7.8,6.2,7.1,40,163
2001,SUZUKI,SWIFT,SUBCOMPACT,1.3,4,I,M5,X,6.4,4.9,5.7,50,131
2004,SUZUKI,SWIFT,SUBCOMPACT,1.6,4,I,A4,X,9,6.4,7.8,36,179
2004,SUZUKI,SWIFT,SUBCOMPACT,1.6,4,I,M5,X,8.8,6.1,7.6,37,175
2015,TOYOTA,AQUA (Gen 1 Hybrid),SUBCOMPACT,1.5,4,I,AV,Z,3.8,3.5,3.7,76,85
2020,TOYOTA,AQUA (Gen 1 Refresh),SUBCOMPACT,1.5,4,I,AV,Z,3.6,3.3,3.5,81,80
2025,TOYOTA,AQUA (Gen 2 Hybrid),SUBCOMPACT,1.5,3,I,AV,Z,3.4,3.2,3.3,86,76
2010,HYUNDAI,i20 (Gen 1 - 1.2L),SUBCOMPACT,1.2,4,I,M5,X,6,4.5,5.4,52,125
2015,HYUNDAI,ELITE i20 (Gen 2),SUBCOMPACT,1.4,4,I,A4,X,7.5,5.8,6.7,42,154
2020,HYUNDAI,i20 (Gen 3 - 1.2L),SUBCOMPACT,1.2,4,I,AV,X,5.5,4,4.8,59,111
2025,HYUNDAI,SUBCOMPACT (New Gen),SUBCOMPACT,1.2,4,I,AV,X,5.2,3.8,4.5,63,104
2011,BMW,1 SERIES M COUPE,SUBCOMPACT,3,6,I,M6,Z,11.2,7.8,9.7,29,223
2000,HONDA,CITY (Type Z),SUBCOMPACT,1.5,4,I,A4,X,8.5,6.5,7.5,38,170
2005,HONDA,CITY (i-DSI),SUBCOMPACT,1.5,4,I,AV,X,7.8,5.8,6.8,42,156
2010,HONDA,CITY (GM2),SUBCOMPACT,1.5,4,I,A5,X,8,6,7,40,161
2015,HONDA,CITY (GM6),SUBCOMPACT,1.5,4,I,AV,X,7.4,5.6,6.5,43,150
2020,HONDA,CITY (GN),SUBCOMPACT,1.5,4,I,AV,X,7.1,5.4,6.3,45,145
2025,HONDA,CITY (New Gen Hybrid),SUBCOMPACT,1.5,4,I,AV,Z,4.2,3.8,4,71,92
2007,VOLKSWAGEN,CITY GOLF,COMPACT,2,4,I,A4,X,9.6,7.2,8.5,33,196
2007,VOLKSWAGEN,CITY GOLF,COMPACT,2,4,I,M5,X,9.8,7.1,8.6,33,198
2007,VOLKSWAGEN,CITY JETTA,COMPACT,2,4,I,A4,X,9.6,7.2,8.5,33,196
2007,VOLKSWAGEN,CITY JETTA,COMPACT,2,4,I,M5,X,9.8,7.1,8.6,33,198
2008,VOLKSWAGEN,CITY GOLF,COMPACT,2,4,I,AS6,X,9.9,6.9,8.6,33,198
2008,VOLKSWAGEN,CITY GOLF,COMPACT,2,4,I,M5,X,9.8,7,8.6,33,198
2008,VOLKSWAGEN,CITY JETTA,COMPACT,2,4,I,AS6,X,9.9,6.9,8.6,33,198
2008,VOLKSWAGEN,CITY JETTA,COMPACT,2,4,I,M5,X,9.8,7,8.6,33,198
2009,VOLKSWAGEN,CITY GOLF,COMPACT,2,4,I,AS6,X,9.9,6.9,8.6,33,198
2009,VOLKSWAGEN,CITY GOLF,COMPACT,2,4,I,M5,X,9.8,7,8.6,33,198
2009,VOLKSWAGEN,CITY JETTA,COMPACT,2,4,I,AS6,X,9.9,6.9,8.6,33,198
2009,VOLKSWAGEN,CITY JETTA,COMPACT,2,4,I,M5,X,9.8,7,8.6,33,198
2010,VOLKSWAGEN,CITY GOLF,COMPACT,2,4,I,AS6,X,9.9,6.9,8.5,33,196
2010,VOLKSWAGEN,CITY GOLF,COMPACT,2,4,I,M5,X,9.8,6.9,8.5,33,196
2000,NISSAN,ALMERA (N16/Sunny),COMPACT,1.6,4,I,M5,X,9,6.5,7.8,36,180
2005,NISSAN,ALMERA (N16 Ref),COMPACT,1.5,4,I,A4,X,8.5,6.2,7.5,38,173
2010,NISSAN,ALMERA (Gen 3 - N17),SUBCOMPACT,1.5,4,I,AV,X,7.2,5.5,6.4,44,147
2015,NISSAN,ALMERA (N17 Ref),SUBCOMPACT,1.2,3,I,AV,X,6.5,5,5.8,49,134
2020,NISSAN,ALMERA (New Gen - N18),SUBCOMPACT,1,3,I,AV,Z,6,4.5,5.3,53,122
2025,NISSAN,ALMERA (New Gen Ref),SUBCOMPACT,1,3,I,AV,Z,5.8,4.3,5.1,55,117
2010,NISSAN,SUNNY/ALMERA (N17),SUBCOMPACT,1.5,4,I,AV,X,7.2,5.5,6.4,44,147
2015,NISSAN,SUNNY/ALMERA (N17 Ref),SUBCOMPACT,1.5,4,I,AV,X,7,5.3,6.2,46,142
2000,NISSAN,ALMERA (N16/Sunny),COMPACT,1.6,4,I,M5,X,9,6.5,7.8,36,180
2000,NISSAN,SUNNY (B14/N16),COMPACT,1.6,4,I,A4,X,9,6.5,7.8,36,180
2005,NISSAN,SUNNY (N16 - Ref),COMPACT,1.5,4,I,A4,X,8.5,6.2,7.5,38,173
2010,NISSAN,SUNNY/ALMERA (N17),SUBCOMPACT,1.5,4,I,AV,X,7.2,5.5,6.4,44,147
2015,NISSAN,SUNNY/ALMERA (N17 Ref),SUBCOMPACT,1.5,4,I,AV,X,7,5.3,6.2,46,142
2020,NISSAN,SUNNY/VERSA (New Gen),SUBCOMPACT,1.6,4,I,AV,X,7.5,5.8,6.7,42,154
2025,NISSAN,SUBCOMPACT (New),SUBCOMPACT,1.5,4,I,AV,X,7.2,5.5,6.4,44,147
2000,TOYOTA,COROLLA,COMPACT,1.8,4,I,A4,X,8,5.8,7,40,161
2000,TOYOTA,COROLLA,COMPACT,1.8,4,I,M5,X,7.5,5.6,6.6,43,152
2001,TOYOTA,COROLLA,COMPACT,1.8,4,I,A4,X,7.7,5.4,6.7,42,154
2001,TOYOTA,COROLLA,COMPACT,1.8,4,I,M5,X,7.3,5.3,6.4,44,147
2002,TOYOTA,COROLLA,COMPACT,1.8,4,I,A4,X,7.7,5.4,6.7,42,154
2002,TOYOTA,COROLLA,COMPACT,1.8,4,I,M5,X,7.3,5.3,6.4,44,147
2003,TOYOTA,COROLLA,COMPACT,1.8,4,I,A4,X,8.1,5.8,7.1,40,163
2003,TOYOTA,COROLLA,COMPACT,1.8,4,I,M5,X,7.1,5.3,6.3,45,145
2004,TOYOTA,COROLLA,COMPACT,1.8,4,I,A4,X,8.1,5.8,7.1,40,163
2004,TOYOTA,COROLLA,COMPACT,1.8,4,I,M5,X,7.1,5.3,6.3,45,145
2005,TOYOTA,COROLLA,COMPACT,1.8,4,I,A4,X,7.8,5.6,6.8,42,156
2005,TOYOTA,COROLLA,COMPACT,1.8,4,I,M5,X,7.1,5.3,6.3,45,145
2006,TOYOTA,COROLLA,COMPACT,1.8,4,I,A4,X,7.8,5.6,6.8,42,156
2006,TOYOTA,COROLLA,COMPACT,1.8,4,I,M5,X,7.1,5.3,6.3,45,145
2006,TOYOTA,COROLLA,COMPACT,1.8,4,I,M6,Z,9.2,6.4,7.9,36,182
2007,TOYOTA,COROLLA,COMPACT,1.8,4,I,A4,X,7.8,5.6,6.8,42,156
2007,TOYOTA,COROLLA,COMPACT,1.8,4,I,M5,X,7.1,5.3,6.3,45,145
2008,TOYOTA,COROLLA,COMPACT,1.8,4,I,A4,X,7.8,5.6,6.8,42,156
2008,TOYOTA,COROLLA,COMPACT,1.8,4,I,M5,X,7.1,5.3,6.3,45,145
2009,TOYOTA,COROLLA,COMPACT,1.8,4,I,A4,X,7.4,5.6,6.6,43,152
2009,TOYOTA,COROLLA,COMPACT,1.8,4,I,M5,X,7.5,5.6,6.7,42,154
2009,TOYOTA,COROLLA,COMPACT,2.4,4,I,AS5,X,9.4,6.5,8.1,35,186
2009,TOYOTA,COROLLA,COMPACT,2.4,4,I,M5,X,9.5,6.7,8.2,34,189
2010,TOYOTA,COROLLA,COMPACT,1.8,4,I,A4,X,7.6,5.7,6.8,42,156
2010,TOYOTA,COROLLA,COMPACT,1.8,4,I,M5,X,7.5,5.6,6.7,42,154
2010,TOYOTA,COROLLA,COMPACT,2.4,4,I,AS5,X,9.4,6.5,8.1,35,186
2010,TOYOTA,COROLLA,COMPACT,2.4,4,I,M5,X,9.5,6.7,8.2,34,189
2000,TOYOTA,COROLLA,COMPACT,1.8,4,I,A4,X,8,5.8,7,40,161
2000,TOYOTA,COROLLA,COMPACT,1.8,4,I,M5,X,7.5,5.6,6.6,43,152
2001,TOYOTA,COROLLA,COMPACT,1.8,4,I,A4,X,7.7,5.4,6.7,42,154
2001,TOYOTA,COROLLA,COMPACT,1.8,4,I,M5,X,7.3,5.3,6.4,44,147
2002,TOYOTA,COROLLA,COMPACT,1.8,4,I,A4,X,7.7,5.4,6.7,42,154
2002,TOYOTA,COROLLA,COMPACT,1.8,4,I,M5,X,7.3,5.3,6.4,44,147
2003,TOYOTA,COROLLA,COMPACT,1.8,4,I,A4,X,8.1,5.8,7.1,40,163
2003,TOYOTA,COROLLA,COMPACT,1.8,4,I,M5,X,7.1,5.3,6.3,45,145
2004,TOYOTA,COROLLA,COMPACT,1.8,4,I,A4,X,8.1,5.8,7.1,40,163
2004,TOYOTA,COROLLA,COMPACT,1.8,4,I,M5,X,7.1,5.3,6.3,45,145
2005,TOYOTA,COROLLA,COMPACT,1.8,4,I,A4,X,7.8,5.6,6.8,42,156
2005,TOYOTA,COROLLA,COMPACT,1.8,4,I,M5,X,7.1,5.3,6.3,45,145
2006,TOYOTA,COROLLA,COMPACT,1.8,4,I,A4,X,7.8,5.6,6.8,42,156
2006,TOYOTA,COROLLA,COMPACT,1.8,4,I,M5,X,7.1,5.3,6.3,45,145
2006,TOYOTA,COROLLA,COMPACT,1.8,4,I,M6,Z,9.2,6.4,7.9,36,182
2007,TOYOTA,COROLLA,COMPACT,1.8,4,I,A4,X,7.8,5.6,6.8,42,156
2007,TOYOTA,COROLLA,COMPACT,1.8,4,I,M5,X,7.1,5.3,6.3,45,145
2008,TOYOTA,COROLLA,COMPACT,1.8,4,I,A4,X,7.8,5.6,6.8,42,156
2008,TOYOTA,COROLLA,COMPACT,1.8,4,I,M5,X,7.1,5.3,6.3,45,145
2009,TOYOTA,COROLLA,COMPACT,1.8,4,I,A4,X,7.4,5.6,6.6,43,152
2009,TOYOTA,COROLLA,COMPACT,1.8,4,I,M5,X,7.5,5.6,6.7,42,154
2009,TOYOTA,COROLLA,COMPACT,2.4,4,I,AS5,X,9.4,6.5,8.1,35,186
2009,TOYOTA,COROLLA,COMPACT,2.4,4,I,M5,X,9.5,6.7,8.2,34,189
2010,TOYOTA,COROLLA,COMPACT,1.8,4,I,A4,X,7.6,5.7,6.8,42,156
2010,TOYOTA,COROLLA,COMPACT,1.8,4,I,M5,X,7.5,5.6,6.7,42,154
2010,TOYOTA,COROLLA,COMPACT,2.4,4,I,AS5,X,9.4,6.5,8.1,35,186
2010,TOYOTA,COROLLA,COMPACT,2.4,4,I,M5,X,9.5,6.7,8.2,34,189
2011,TOYOTA,COROLLA,COMPACT,1.8,4,I,A4,X,7.8,5.7,6.8,42,156
2011,TOYOTA,COROLLA,COMPACT,1.8,4,I,M5,X,7.4,5.6,6.6,43,152
2011,TOYOTA,COROLLA,COMPACT,2.4,4,I,AS5,X,9.4,6.5,8.1,35,186
2011,TOYOTA,COROLLA,COMPACT,2.4,4,I,M5,X,9.5,6.7,8.2,34,189
2012,TOYOTA,COROLLA,COMPACT,1.8,4,I,A4,X,7.8,5.7,6.8,42,156
2012,TOYOTA,COROLLA,COMPACT,1.8,4,I,M5,X,7.4,5.6,6.6,43,152
2012,TOYOTA,COROLLA,COMPACT,2.4,4,I,AS5,X,9.4,6.5,8.1,35,186
2012,TOYOTA,COROLLA,COMPACT,2.4,4,I,M5,X,9.4,6.7,8.2,34,189
2013,TOYOTA,COROLLA,COMPACT,1.8,4,I,A4,X,7.8,5.7,6.8,42,156
2013,TOYOTA,COROLLA,COMPACT,1.8,4,I,M5,X,7.4,5.6,6.6,43,152
2014,TOYOTA,COROLLA,MID-SIZE,1.8,4,I,A4,X,7.4,5.4,6.5,43,150
2014,TOYOTA,COROLLA,MID-SIZE,1.8,4,I,AS7,X,6.9,5.2,6.1,46,140
2014,TOYOTA,COROLLA,MID-SIZE,1.8,4,I,AV,X,6.8,4.9,5.9,48,136
2014,TOYOTA,COROLLA,MID-SIZE,1.8,4,I,M6,X,7.1,5.2,6.3,45,145
2015,TOYOTA,COROLLA,MID-SIZE,1.8,4,I,A4,X,8.6,6.5,7.6,37,175
2015,TOYOTA,COROLLA,MID-SIZE,1.8,4,I,AV7,X,7.9,6.1,7.1,40,163
2015,TOYOTA,COROLLA,MID-SIZE,1.8,4,I,AV,X,8.2,6.2,7.3,39,168
2015,TOYOTA,COROLLA,MID-SIZE,1.8,4,I,M6,X,8.3,6.2,7.4,38,170
2016,TOYOTA,COROLLA,MID-SIZE,1.8,4,I,A4,X,8.6,6.5,7.6,37,179
2016,TOYOTA,COROLLA,MID-SIZE,1.8,4,I,AV,X,8.2,6.2,7.3,39,171
2016,TOYOTA,COROLLA,MID-SIZE,1.8,4,I,AV7,X,7.9,6.1,7.1,40,166
2016,TOYOTA,COROLLA,MID-SIZE,1.8,4,I,M6,X,8.4,6.4,7.5,38,174
2017,TOYOTA,COROLLA,MID-SIZE,1.8,4,I,AV,X,8.3,6.5,7.5,38,174
2017,TOYOTA,COROLLA,MID-SIZE,1.8,4,I,AV7,X,8.3,6.7,7.5,38,178
2017,TOYOTA,COROLLA,MID-SIZE,1.8,4,I,M6,X,8.4,6.5,7.5,38,176
2018,Toyota,Corolla,Mid-size,1.8,4,I,AV,X,8.3,6.5,7.5,38,174
2018,Toyota,Corolla,Mid-size,1.8,4,I,AV7,X,8.3,6.7,7.5,38,178
2018,Toyota,Corolla,Mid-size,1.8,4,I,M6,X,8.5,6.6,7.6,37,178
2019,Toyota,Corolla,Mid-size,1.8,4,I,AV,X,8.3,6.5,7.5,38,174
2019,Toyota,Corolla,Mid-size,1.8,4,I,AV7,X,8.3,6.7,7.6,37,178
2019,Toyota,Corolla,Mid-size,1.8,4,I,M6,X,8.5,6.6,7.6,37,178
2019,Toyota,Corolla Hatchback,Compact,2,4,I,AV10,X,7.5,5.8,6.7,42,157
2019,Toyota,Corolla Hatchback,Compact,2,4,I,M6,X,8.4,6.3,7.5,38,174
2020,Toyota,Corolla,Compact,1.8,4,I,AV,X,7.9,6.1,7.1,40,165
2020,Toyota,Corolla,Compact,1.8,4,I,M6,X,8,6,7.1,40,165
2020,Toyota,Corolla,Compact,2,4,I,AV10,X,7.6,5.8,6.7,42,158
2020,Toyota,Corolla,Compact,2,4,I,M6,X,8.2,6.5,7.4,38,173
2020,Toyota,Corolla Hatchback,Compact,2,4,I,AV10,X,7.5,5.8,6.7,42,158
2020,Toyota,Corolla Hatchback,Compact,2,4,I,M6,X,8.4,6.3,7.5,38,174
2020,Toyota,Corolla Hybrid,Compact,1.8,4,I,AV,X,4.4,4.5,4.5,63,106
2021,Toyota,Corolla,Compact,1.8,4,I,AV,X,7.9,6.1,7.1,40,165
2021,Toyota,Corolla,Compact,1.8,4,I,M6,X,8,6,7.1,40,165
2021,Toyota,Corolla,Compact,2,4,I,AV10,X,7.6,5.9,6.8,42,159
2021,Toyota,Corolla,Compact,2,4,I,M6,X,8.2,6.5,7.4,38,173
2021,Toyota,Corolla Hatchback,Compact,2,4,I,AV10,X,7.5,5.8,6.7,42,158
2021,Toyota,Corolla Hatchback,Compact,2,4,I,M6,X,8.4,6.7,7.6,37,179
2021,Toyota,Corolla Hybrid,Compact,1.8,4,I,AV,X,4.4,4.5,4.5,63,106
2022,Toyota,Corolla,Compact,1.8,4,I,AV,X,7.9,6.2,7.1,40,166
2022,Toyota,Corolla,Compact,1.8,4,I,M6,X,8,6,7.1,40,165
2022,Toyota,Corolla,Compact,2,4,I,AV10,X,7.6,5.9,6.8,42,159
2022,Toyota,Corolla,Compact,2,4,I,M6,X,8.2,6.5,7.4,38,172
2022,Toyota,Corolla Hatchback,Compact,2,4,I,AV10,X,7.5,5.9,6.8,42,159
2022,Toyota,Corolla Hatchback,Compact,2,4,I,M6,X,8.4,6.7,7.6,37,179
2022,Toyota,Corolla Hybrid,Compact,1.8,4,I,AV,X,4.4,4.5,4.5,63,106
2022,Toyota,Corolla Cross,SUV: Small,2,4,I,AV10,X,7.6,7,7.3,39,171
2022,Toyota,Corolla Cross AWD,SUV: Small,2,4,I,AV10,X,8.1,7.4,7.8,36,182
2001,HONDA,CIVIC,COMPACT,1.7,4,I,A4,X,8,5.8,7,40,161
2001,HONDA,CIVIC,COMPACT,1.7,4,I,M5,X,7.4,5.7,6.6,43,152
2002,HONDA,CIVIC,COMPACT,1.7,4,I,A4,X,7.9,5.8,7,40,161
2002,HONDA,CIVIC,COMPACT,1.7,4,I,M5,X,7.3,5.5,6.5,43,150
2003,HONDA,CIVIC,COMPACT,1.7,4,I,A4,X,8.1,5.8,7.1,40,163
2003,HONDA,CIVIC,COMPACT,1.7,4,I,M5,X,7.5,5.9,6.8,42,156
2003,HONDA,CIVIC 3D SiR,COMPACT,2,4,I,M5,X,9.2,7.1,8.3,34,191
2004,HONDA,CIVIC,COMPACT,1.7,4,I,A4,X,8,5.7,7,40,161
2004,HONDA,CIVIC,COMPACT,1.7,4,I,M5,X,7.5,5.7,6.7,42,154
2005,HONDA,CIVIC,COMPACT,1.7,4,I,A4,X,8,5.7,7,40,161
2005,HONDA,CIVIC,COMPACT,1.7,4,I,M5,X,7.5,5.7,6.7,42,154
2005,HONDA,CIVIC,COMPACT,2,4,I,M5,X,9.2,7,8.2,34,189
2006,HONDA,CIVIC,COMPACT,1.8,4,I,A5,X,8.2,5.7,7.1,40,163
2006,HONDA,CIVIC,COMPACT,1.8,4,I,M5,X,7.8,5.7,6.9,41,159
2007,HONDA,CIVIC,SUBCOMPACT,1.8,4,I,A5,X,8.2,5.7,7.1,40,163
2007,HONDA,CIVIC,SUBCOMPACT,1.8,4,I,M5,X,7.8,5.7,6.9,41,159
2007,HONDA,CIVIC,SUBCOMPACT,2,4,I,M6,Z,10.2,6.8,8.7,32,200
2008,HONDA,CIVIC,SUBCOMPACT,1.8,4,I,A5,X,8.2,5.7,7.1,40,163
2008,HONDA,CIVIC,SUBCOMPACT,1.8,4,I,M5,X,7.4,5.4,6.5,43,150
2008,HONDA,CIVIC,SUBCOMPACT,2,4,I,M6,Z,10.2,6.8,8.7,32,200
2009,HONDA,CIVIC,SUBCOMPACT,1.8,4,I,A5,X,8.2,5.7,7.1,40,163
2009,HONDA,CIVIC,SUBCOMPACT,1.8,4,I,M5,X,7.4,5.4,6.5,43,150
2009,HONDA,CIVIC,SUBCOMPACT,2,4,I,M6,Z,10.2,6.8,8.7,32,200
2010,HONDA,CIVIC,SUBCOMPACT,1.8,4,I,A5,X,8.2,5.7,7.1,40,163
2010,HONDA,CIVIC,SUBCOMPACT,1.8,4,I,M5,X,7.4,5.4,6.5,43,150
2010,HONDA,CIVIC,SUBCOMPACT,2,4,I,M6,Z,10.2,6.8,8.7,32,200
2011,HONDA,CIVIC,SUBCOMPACT,1.8,4,I,A5,X,8.2,5.7,7.1,40,163
2011,HONDA,CIVIC,SUBCOMPACT,1.8,4,I,M5,X,7.4,5.4,6.5,43,150
2011,HONDA,CIVIC,SUBCOMPACT,2,4,I,M6,Z,10.2,6.8,8.7,32,200
2012,HONDA,CIVIC,COMPACT,1.8,4,I,A5,X,7.2,5,6.2,46,143
2012,HONDA,CIVIC,COMPACT,1.8,4,I,M5,X,7.2,5.4,6.4,44,147
2012,HONDA,CIVIC,COMPACT,2.4,4,I,M6,Z,10,6.4,8.4,34,193
2013,HONDA,CIVIC,COMPACT,1.8,4,I,A5,X,7.1,5,6.2,46,143
2013,HONDA,CIVIC,COMPACT,1.8,4,I,M5,X,7.2,5.4,6.4,44,147
2013,HONDA,CIVIC,COMPACT,2.4,4,I,M6,Z,10,6.4,8.4,34,193
2014,HONDA,CIVIC,COMPACT,1.8,4,I,AV,X,6.7,5,6,47,138
2014,HONDA,CIVIC,COMPACT,1.8,4,I,AV7,X,6.9,5.1,6.1,46,140
2014,HONDA,CIVIC,COMPACT,1.8,4,I,M5,X,7.3,5.5,6.5,43,150
2015,HONDA,CIVIC,COMPACT,1.8,4,I,AV,X,7.9,6.1,7.1,40,163
2015,HONDA,CIVIC,COMPACT,1.8,4,I,AV7,X,8.1,6.2,7.2,39,166
2015,HONDA,CIVIC,COMPACT,1.8,4,I,M5,X,8.6,6.6,7.7,37,177
2016,HONDA,CIVIC SEDAN,MID-SIZE,1.5,4,I,AV,X,7.6,5.5,6.7,42,157
2016,HONDA,CIVIC SEDAN,MID-SIZE,2,4,I,AV,X,7.8,5.8,6.9,41,162
2016,HONDA,CIVIC SEDAN,MID-SIZE,2,4,I,M6,X,8.8,5.9,7.5,38,176
2017,HONDA,CIVIC SEDAN,MID-SIZE,1.5,4,I,AV,X,7.4,5.6,6.6,43,153
2017,HONDA,CIVIC SEDAN,MID-SIZE,2,4,I,AV,X,7.8,6,7,40,163
2017,HONDA,CIVIC SEDAN,MID-SIZE,2,4,I,M6,X,8.5,6,7.4,38,172
2017,HONDA,CIVIC HATCHBACK,FULL-SIZE,1.5,4,I,AV,X,7.7,6,6.9,41,162
2017,HONDA,CIVIC HATCHBACK,FULL-SIZE,1.5,4,I,AV7,X,7.9,6.6,7.3,39,170
2017,HONDA,CIVIC HATCHBACK,FULL-SIZE,1.5,4,I,AV7,Z,7.9,6.6,7.3,39,170
2017,HONDA,CIVIC HATCHBACK,FULL-SIZE,1.5,4,I,M6,X,8,6.2,7.2,39,167
2017,HONDA,CIVIC HATCHBACK,FULL-SIZE,1.5,4,I,M6,Z,8,6.2,7.2,39,167
2018,Honda,Civic Hatchback,Full-size,1.5,4,I,AV,X,7.7,6,6.9,41,162
2018,Honda,Civic Hatchback,Full-size,1.5,4,I,AV7,X,7.9,6.6,7.3,39,170
2018,Honda,Civic Hatchback,Full-size,1.5,4,I,M6,X,8,6.2,7.2,39,167
2018,Honda,Civic Sedan,Mid-size,1.5,4,I,AV,X,7.4,5.6,6.6,43,153
2018,Honda,Civic Sedan,Mid-size,2,4,I,AV,X,7.8,6,7,40,163
2018,Honda,Civic Sedan,Mid-size,2,4,I,M6,X,8.5,6,7.4,38,172
2019,Honda,Civic Hatchback,Full-size,1.5,4,I,AV,X,7.7,6,6.9,41,162
2019,Honda,Civic Hatchback,Full-size,1.5,4,I,AV7,X,7.9,6.6,7.3,39,170
2019,Honda,Civic Hatchback,Full-size,1.5,4,I,M6,X,8,6.2,7.2,39,167
2019,Honda,Civic Sedan,Mid-size,1.5,4,I,AV7,X,7.8,6.2,7.1,40,165
2019,Honda,Civic Sedan,Mid-size,2,4,I,AV,X,7.9,6.1,7.1,40,167
2019,Honda,Civic Sedan,Mid-size,2,4,I,AV7,X,8.2,6.5,7.4,38,172
2019,Honda,Civic Sedan,Mid-size,2,4,I,M6,X,9.3,6.5,8,35,186
2020,Honda,Civic Hatchback,Full-size,1.5,4,I,AV,X,7.7,6,6.9,41,162
2020,Honda,Civic Hatchback,Full-size,1.5,4,I,M6,X,8,6.2,7.2,39,167
2020,Honda,Civic Sedan,Mid-size,1.5,4,I,AV7,X,7.8,6.2,7.1,40,165
2020,Honda,Civic Sedan,Mid-size,2,4,I,AV,X,7.9,6.1,7.1,40,167
2020,Honda,Civic Sedan,Mid-size,2,4,I,AV7,X,8.2,6.5,7.4,38,172
2020,Honda,Civic Sedan,Mid-size,2,4,I,M6,X,9.3,6.5,8,35,186
2021,Honda,Civic Hatchback,Full-size,1.5,4,I,M6,X,8.1,6.4,7.3,39,171
2021,Honda,Civic Sedan,Mid-size,1.5,4,I,AV7,X,7.8,6.2,7.1,40,165
2021,Honda,Civic Sedan,Mid-size,2,4,I,AV,X,7.9,6.1,7.1,40,167
2021,Honda,Civic Sedan,Mid-size,2,4,I,AV7,X,8.2,6.5,7.4,38,172
2022,Honda,Civic Hatchback,Full-size,1.5,4,I,AV7,X,7.7,6.3,7.1,40,166
2022,Honda,Civic Hatchback,Full-size,1.5,4,I,M6,X,8.5,6.3,7.5,38,175
2022,Honda,Civic Hatchback,Full-size,2,4,I,AV,X,8,6.2,7.2,39,167
2022,Honda,Civic Hatchback,Full-size,2,4,I,M6,X,9.1,6.6,8,35,186
2022,Honda,Civic Sedan,Mid-size,1.5,4,I,AV7,X,7.6,6.1,6.9,41,162
2022,Honda,Civic Sedan,Mid-size,2,4,I,AV,X,7.7,6,6.9,41,162
2022,Honda,Civic Sedan,Mid-size,2,4,I,AV7,X,7.8,6.3,7.1,40,165
2004,MAZDA,MAZDA3,COMPACT,2,4,I,AS4,X,9.1,6.4,7.9,36,182
2004,MAZDA,MAZDA3,COMPACT,2,4,I,M5,X,8.5,6.2,7.5,38,172
2004,MAZDA,MAZDA3,COMPACT,2.3,4,I,AS4,X,9.8,7.5,8.8,32,202
2004,MAZDA,MAZDA3,COMPACT,2.3,4,I,M5,X,9.2,6.7,8.1,35,186
2004,MAZDA,MAZDA6,MID-SIZE,2.3,4,I,AS4,X,10.4,7.5,9.1,31,209
2004,MAZDA,MAZDA6,MID-SIZE,2.3,4,I,M5,X,9.6,6.7,8.3,34,191
2004,MAZDA,MAZDA6,MID-SIZE,3,6,I,AS4,X,12.3,8.1,10.4,27,239
2004,MAZDA,MAZDA6,MID-SIZE,3,6,I,M5,X,12.1,8.1,10.3,27,237
2005,MAZDA,MAZDA3,COMPACT,2,4,I,AS4,X,9.1,6.4,7.9,36,182
2005,MAZDA,MAZDA3,COMPACT,2,4,I,M5,X,8.5,6.2,7.5,38,172
2005,MAZDA,MAZDA3,COMPACT,2.3,4,I,AS4,X,9.9,7.6,8.9,32,205
2005,MAZDA,MAZDA3,COMPACT,2.3,4,I,M5,X,9.3,6.8,8.2,34,189
2005,MAZDA,MAZDA6,MID-SIZE,2.3,4,I,AS4,X,10.5,7.6,9.2,31,212
2005,MAZDA,MAZDA6,MID-SIZE,2.3,4,I,M5,X,10.1,7,8.7,32,200
2005,MAZDA,MAZDA6,MID-SIZE,3,6,I,AS6,X,12,7.9,10.2,28,235
2005,MAZDA,MAZDA6,MID-SIZE,3,6,I,M5,X,12.2,8.1,10.4,27,239
2006,MAZDA,MAZDA3,COMPACT,2,4,I,AS4,X,9.1,6.4,7.9,36,182
2006,MAZDA,MAZDA3,COMPACT,2,4,I,M5,X,8.4,6.1,7.4,38,170
2006,MAZDA,MAZDA3,COMPACT,2.3,4,I,AS5,X,9.4,6.9,8.3,34,191
2006,MAZDA,MAZDA3,COMPACT,2.3,4,I,M5,X,9.2,6.7,8.1,35,186
2006,MAZDA,MAZDA6,MID-SIZE,2.3,4,I,AS5,X,10,7,8.6,33,198
2006,MAZDA,MAZDA6,MID-SIZE,2.3,4,I,M5,X,10,6.8,8.6,33,198
2006,MAZDA,MAZDA6,MID-SIZE,3,6,I,AS6,X,12.1,7.9,10.2,28,235
2006,MAZDA,MAZDA6,MID-SIZE,3,6,I,M5,X,12.2,8,10.3,27,237
2006,MAZDA,MAZDA6 TURBO,MID-SIZE,2.3,4,I,M6,Z,12.5,8.5,10.7,26,246
2007,MAZDA,MAZDA3,MID-SIZE,2,4,I,AS4,X,9.1,6.4,7.9,36,182
2007,MAZDA,MAZDA3,MID-SIZE,2,4,I,M5,X,8.4,6.1,7.4,38,170
2007,MAZDA,MAZDA3,MID-SIZE,2.3,4,I,AS5,X,9.4,6.9,8.3,34,191
2007,MAZDA,MAZDA3,MID-SIZE,2.3,4,I,M5,X,9.2,6.7,8.1,35,186
2007,MAZDA,MAZDA3 TURBO,MID-SIZE,2.3,4,I,M6,Z,11.8,7.6,9.9,29,228
2007,MAZDA,MAZDA6,MID-SIZE,2.3,4,I,AS5,X,10,7,8.6,33,198
2007,MAZDA,MAZDA6,MID-SIZE,2.3,4,I,M5,X,10,6.9,8.6,33,198
2007,MAZDA,MAZDA6,MID-SIZE,3,6,I,AS6,X,12,7.9,10.2,28,235
2007,MAZDA,MAZDA6,MID-SIZE,3,6,I,M5,X,12.2,8.1,10.4,27,239
2007,MAZDA,MAZDA6 TURBO,MID-SIZE,2.3,4,I,M6,Z,12.5,8.5,10.7,26,246
2008,MAZDA,MAZDA3,COMPACT,2,4,I,AS4,X,9.1,6.4,7.9,36,182
2008,MAZDA,MAZDA3,COMPACT,2,4,I,M5,X,8.4,6.1,7.4,38,170
2008,MAZDA,MAZDA3,COMPACT,2.3,4,I,AS5,X,9.4,6.9,8.3,34,191
2008,MAZDA,MAZDA3,COMPACT,2.3,4,I,M5,X,9.2,6.7,8.1,35,186
2008,MAZDA,MAZDA6,MID-SIZE,2.3,4,I,AS5,X,9.9,7,8.6,33,198
2008,MAZDA,MAZDA6,MID-SIZE,2.3,4,I,M5,X,10.1,6.9,8.7,32,200
2008,MAZDA,MAZDA6,MID-SIZE,3,6,I,AS6,X,11.9,7.9,10.1,28,232
2008,MAZDA,MAZDA6,MID-SIZE,3,6,I,M5,X,12.2,8.1,10.3,27,237
2009,MAZDA,MAZDA3,COMPACT,2,4,I,AS4,X,9.1,6.4,7.9,36,182
2009,MAZDA,MAZDA3,COMPACT,2,4,I,M5,X,8.4,6.1,7.4,38,170
2009,MAZDA,MAZDA3,COMPACT,2.3,4,I,AS5,X,9.5,6.8,8.3,34,191
2009,MAZDA,MAZDA3,COMPACT,2.3,4,I,M5,X,9.2,6.7,8.1,35,186
2009,MAZDA,MAZDA6,MID-SIZE,2.5,4,I,AS5,X,9.7,6.7,8.3,34,191
2009,MAZDA,MAZDA6,MID-SIZE,2.5,4,I,M6,X,10.4,6.9,8.8,32,202
2009,MAZDA,MAZDA6,MID-SIZE,3.7,6,I,AS6,X,12.1,8,10.2,28,235
2010,MAZDA,MAZDA3,COMPACT,2,4,I,AS5,X,8.7,6,7.5,38,172
2010,MAZDA,MAZDA3,COMPACT,2,4,I,M5,X,8.1,5.9,7.1,40,163
2010,MAZDA,MAZDA3,COMPACT,2.5,4,I,AS5,X,9.2,6.8,8.1,35,186
2010,MAZDA,MAZDA3,COMPACT,2.5,4,I,M6,X,10.1,6.9,8.6,33,198
2010,MAZDA,MAZDA6,MID-SIZE,2.5,4,I,AS5,X,9.7,6.7,8.3,34,191
2010,MAZDA,MAZDA6,MID-SIZE,2.5,4,I,M6,X,10.4,6.9,8.8,32,202
2010,MAZDA,MAZDA6,MID-SIZE,3.7,6,I,AS6,X,12.1,8,10.2,28,235
2011,MAZDA,MAZDA2,COMPACT,1.5,4,I,A4,X,7.5,6,6.8,42,156
2011,MAZDA,MAZDA2,COMPACT,1.5,4,I,M5,X,6.8,5.6,6.3,45,145
2011,MAZDA,MAZDA3,COMPACT,2,4,I,AS5,X,8.7,6,7.5,38,172
2011,MAZDA,MAZDA3,COMPACT,2,4,I,M5,X,8.1,5.9,7.1,40,163
2011,MAZDA,MAZDA3,COMPACT,2.5,4,I,AS5,X,9.2,6.7,8.1,35,186
2011,MAZDA,MAZDA3,COMPACT,2.5,4,I,M6,X,10.2,6.9,8.7,32,200
2011,MAZDA,MAZDA6,MID-SIZE,2.5,4,I,AS5,X,9.4,6.5,8.1,35,186
2011,MAZDA,MAZDA6,MID-SIZE,2.5,4,I,M6,X,9.8,6.6,8.4,34,193
2011,MAZDA,MAZDA6,MID-SIZE,3.7,6,I,AS6,X,11.9,7.9,10.1,28,232
2012,MAZDA,MAZDA2,COMPACT,1.5,4,I,A4,X,7.1,5.8,6.5,43,150
2012,MAZDA,MAZDA2,COMPACT,1.5,4,I,M5,X,6.8,5.6,6.3,45,145
2012,MAZDA,MAZDA3,COMPACT,2,4,I,AS5,X,8.7,6,7.5,38,172
2012,MAZDA,MAZDA3,COMPACT,2,4,I,M5,X,8.1,5.9,7.1,40,163
2012,MAZDA,MAZDA3,COMPACT,2.5,4,I,AS5,X,9.2,6.7,8.1,35,186
2012,MAZDA,MAZDA3,COMPACT,2.5,4,I,M6,X,10.2,6.9,8.7,32,200
2012,MAZDA,MAZDA3 DI 4-DOOR,COMPACT,2,4,I,AS6,X,7.1,4.9,6.1,46,140
2012,MAZDA,MAZDA3 DI 4-DOOR,COMPACT,2,4,I,M6,X,7.7,5,6.5,43,150
2012,MAZDA,MAZDA3 DI 5-DOOR,MID-SIZE,2,4,I,AS6,X,7.1,5,6.2,46,143
2012,MAZDA,MAZDA3 DI 5-DOOR,MID-SIZE,2,4,I,M6,X,7.6,5.1,6.5,43,150
2012,MAZDA,MAZDA6,MID-SIZE,2.5,4,I,AS5,X,9.4,6.5,8.1,35,186
2012,MAZDA,MAZDA6,MID-SIZE,2.5,4,I,M6,X,9.8,6.6,8.4,34,193
2012,MAZDA,MAZDA6,MID-SIZE,3.7,6,I,AS6,X,11.9,7.9,10.1,28,232
2013,MAZDA,MAZDA2,COMPACT,1.5,4,I,A4,X,7.1,5.8,6.5,43,150
2013,MAZDA,MAZDA2,COMPACT,1.5,4,I,M5,X,6.8,5.6,6.3,45,145
2013,MAZDA,MAZDA3 DI 4-DOOR,COMPACT,2,4,I,AS6,X,7.1,4.9,6.1,46,140
2013,MAZDA,MAZDA3 DI 4-DOOR,COMPACT,2,4,I,M6,X,7.7,5,6.5,43,150
2013,MAZDA,MAZDA3 DI 5-DOOR,MID-SIZE,2,4,I,AS6,X,7.1,5,6.2,46,143
2013,MAZDA,MAZDA3 DI 5-DOOR,MID-SIZE,2,4,I,M6,X,7.6,5.1,6.5,43,150
2013,MAZDA,MAZDA3 L5X,COMPACT,2.5,4,I,AS5,X,9.2,6.8,8.2,34,189
2013,MAZDA,MAZDA3 L5X,COMPACT,2.5,4,I,M6,X,10.2,7,8.8,32,202
2013,MAZDA,MAZDA3 LFX,COMPACT,2,4,I,AS5,X,8.7,6,7.5,38,172
2013,MAZDA,MAZDA3 LFX,COMPACT,2,4,I,M5,X,8.2,6,7.2,39,166
2013,MAZDA,MAZDA6,MID-SIZE,2.5,4,I,AS5,X,9.4,6.4,8,35,184
2013,MAZDA,MAZDA6,MID-SIZE,2.5,4,I,M6,X,9.8,6.6,8.4,34,193
2013,MAZDA,MAZDA6,MID-SIZE,3.7,6,I,AS6,X,11.8,7.7,9.9,29,228
2014,MAZDA,MAZDA2,COMPACT,1.5,4,I,A4,X,7.1,5.8,6.5,43,150
2014,MAZDA,MAZDA2,COMPACT,1.5,4,I,M5,X,6.8,5.6,6.3,45,145
2014,MAZDA,MAZDA3 4-DOOR,COMPACT,2,4,I,AS6,X,6.7,4.7,5.8,49,133
2014,MAZDA,MAZDA3 4-DOOR,COMPACT,2,4,I,M6,X,6.8,4.8,5.9,48,136
2014,MAZDA,MAZDA3 4-DOOR,COMPACT,2.5,4,I,AS6,X,7.2,5.1,6.2,46,143
2014,MAZDA,MAZDA3 4-DOOR (i-ELOOP),COMPACT,2.5,4,I,AS6,X,7.1,5,6.2,46,143
2014,MAZDA,MAZDA3 4-DOOR (SIL),COMPACT,2,4,I,M6,X,6.8,4.8,5.9,48,136
2014,MAZDA,MAZDA3 5-DOOR,MID-SIZE,2,4,I,AS6,X,6.8,4.9,5.9,48,136
2014,MAZDA,MAZDA3 5-DOOR,MID-SIZE,2,4,I,M6,X,7,4.9,6,47,138
2014,MAZDA,MAZDA3 5-DOOR,MID-SIZE,2.5,4,I,AS6,X,7.5,5.4,6.6,43,152
2014,MAZDA,MAZDA3 5-DOOR (i-ELOOP),MID-SIZE,2.5,4,I,AS6,X,7,5,6.1,46,140
2014,MAZDA,MAZDA3 5-DOOR (SIL),MID-SIZE,2,4,I,M6,X,7,4.9,6,47,138
2014,MAZDA,MAZDA6,MID-SIZE,2.5,4,I,AS6,X,7.6,5.1,6.5,43,150
2014,MAZDA,MAZDA6,MID-SIZE,2.5,4,I,M6,X,8.1,5.3,6.9,41,159
2014,MAZDA,MAZDA6 (i-ELOOP),MID-SIZE,2.5,4,I,AS6,X,7.2,4.9,6.1,46,140
2015,MAZDA,MAZDA3 4-DOOR,COMPACT,2,4,I,AS6,X,7.9,5.7,6.9,41,159
2015,MAZDA,MAZDA3 4-DOOR (SIL),COMPACT,2,4,I,M6,X,8,5.8,7,40,161
2015,MAZDA,MAZDA3 4-DOOR,COMPACT,2.5,4,I,AS6,X,8.4,6.1,7.4,38,170
2015,MAZDA,MAZDA3 4-DOOR (i-ELOOP),COMPACT,2.5,4,I,AS6,X,8.2,5.9,7.2,39,166
2015,MAZDA,MAZDA3 4-DOOR (SIL),COMPACT,2.5,4,I,M6,X,9.3,6.4,8,35,184
2015,MAZDA,MAZDA3 5-DOOR,MID-SIZE,2,4,I,AS6,X,8,5.9,7,40,161
2015,MAZDA,MAZDA3 5-DOOR (SIL),MID-SIZE,2,4,I,M6,X,8.2,5.9,7.1,40,163
2015,MAZDA,MAZDA3 5-DOOR,MID-SIZE,2.5,4,I,AS6,X,8.7,6.5,7.7,37,177
2015,MAZDA,MAZDA3 5-DOOR (i-ELOOP),MID-SIZE,2.5,4,I,AS6,X,8.2,6,7.2,39,166
2015,MAZDA,MAZDA3 5-DOOR (SIL),MID-SIZE,2.5,4,I,M6,X,9.2,6.6,8.1,35,186
2015,MAZDA,MAZDA6,MID-SIZE,2.5,4,I,AS6,X,8.8,6.1,7.6,37,175
2015,MAZDA,MAZDA6,MID-SIZE,2.5,4,I,M6,X,9.4,6.4,8.1,35,186
2015,MAZDA,MAZDA6 (i-ELOOP),MID-SIZE,2.5,4,I,AS6,X,8.4,5.9,7.3,39,168
2016,MAZDA,MAZDA3 4-DOOR,COMPACT,2,4,I,AS6,X,7.9,5.7,6.9,41,162
2016,MAZDA,MAZDA3 4-DOOR (SIL),COMPACT,2,4,I,M6,X,8,5.8,7,40,165
2016,MAZDA,MAZDA3 4-DOOR,COMPACT,2.5,4,I,AS6,X,8.4,6.1,7.4,38,173
2016,MAZDA,MAZDA3 4-DOOR (i-ELOOP),COMPACT,2.5,4,I,AS6,X,8.2,5.9,7.2,39,169
2016,MAZDA,MAZDA3 4-DOOR (SIL),COMPACT,2.5,4,I,M6,X,9.3,6.4,8,35,189
2016,MAZDA,MAZDA3 5-DOOR,MID-SIZE,2,4,I,AS6,X,8,5.9,7,40,165
2016,MAZDA,MAZDA3 5-DOOR (SIL),MID-SIZE,2,4,I,M6,X,8.2,5.9,7.1,40,167
2016,MAZDA,MAZDA3 5-DOOR,MID-SIZE,2.5,4,I,AS6,X,8.7,6.5,7.7,37,182
2016,MAZDA,MAZDA3 5-DOOR (i-ELOOP),MID-SIZE,2.5,4,I,AS6,X,8.2,6,7.2,39,170
2016,MAZDA,MAZDA3 5-DOOR (SIL),MID-SIZE,2.5,4,I,M6,X,9.2,6.6,8.1,35,190
2016,MAZDA,MAZDA6,MID-SIZE,2.5,4,I,AS6,X,8.8,6.1,7.6,37,178
2016,MAZDA,MAZDA6 (i-ELOOP),MID-SIZE,2.5,4,I,AS6,X,8.5,5.9,7.3,39,171
2016,MAZDA,MAZDA6 (SIL),MID-SIZE,2.5,4,I,M6,X,9.4,6.4,8.1,35,188
2017,MAZDA,MAZDA3 4-DOOR,COMPACT,2,4,I,AS6,X,8.4,6.4,7.5,38,176
2017,MAZDA,MAZDA3 4-DOOR,COMPACT,2,4,I,M6,X,8.5,6.2,7.5,38,175
2017,MAZDA,MAZDA3 4-DOOR (SIL),COMPACT,2,4,I,M6,X,8.5,6.2,7.5,38,175
2017,MAZDA,MAZDA3 4-DOOR,COMPACT,2.5,4,I,AS6,X,8.8,6.6,7.8,36,182
2017,MAZDA,MAZDA3 4-DOOR (i-ELOOP),COMPACT,2.5,4,I,AS6,X,8.5,6.4,7.6,37,176
2017,MAZDA,MAZDA3 4-DOOR (SIL),COMPACT,2.5,4,I,M6,X,9.3,6.9,8.2,34,194
2017,MAZDA,MAZDA3 5-DOOR,MID-SIZE,2,4,I,AS6,X,8.4,6.4,7.5,38,174
2017,MAZDA,MAZDA3 5-DOOR (SIL),MID-SIZE,2,4,I,M6,X,8.6,6.4,7.6,37,178
2017,MAZDA,MAZDA3 5-DOOR,MID-SIZE,2.5,4,I,AS6,X,9,6.7,7.8,36,183
2017,MAZDA,MAZDA3 5-DOOR (i-ELOOP),MID-SIZE,2.5,4,I,AS6,X,8.7,6.6,7.8,36,181
2017,MAZDA,MAZDA3 5-DOOR (SIL),MID-SIZE,2.5,4,I,M6,X,9.6,7,8.4,34,198
2017,MAZDA,MAZDA6,MID-SIZE,2.5,4,I,AS6,X,9.1,6.7,8,35,187
2017,MAZDA,MAZDA6 (i-ELOOP),MID-SIZE,2.5,4,I,AS6,X,8.9,6.7,7.9,36,186
2017,MAZDA,MAZDA6 (SIL),MID-SIZE,2.5,4,I,M6,X,9.8,6.9,8.4,34,196
2018,Mazda,Mazda3 4-Door,Compact,2,4,I,AS6,X,8.4,6.4,7.5,38,176
2018,Mazda,Mazda3 4-Door,Compact,2,4,I,M6,X,8.5,6.2,7.5,38,175
2018,Mazda,Mazda3 4-Door (SIL),Compact,2,4,I,M6,X,8.5,6.2,7.5,38,175
2018,Mazda,Mazda3 4-Door,Compact,2.5,4,I,AS6,X,8.8,6.6,7.8,36,182
2018,Mazda,Mazda3 4-Door (i-ELOOP),Compact,2.5,4,I,AS6,X,8.5,6.4,7.6,37,176
2018,Mazda,Mazda3 4-Door (SIL),Compact,2.5,4,I,M6,X,9.3,6.9,8.2,34,194
2018,Mazda,Mazda3 5-Door,Mid-size,2,4,I,AS6,X,8.4,6.4,7.5,38,174
2018,Mazda,Mazda3 5-Door (SIL),Mid-size,2,4,I,M6,X,8.6,6.4,7.6,37,178
2018,Mazda,Mazda3 5-Door,Mid-size,2.5,4,I,AS6,X,9,6.7,7.8,36,187
2018,Mazda,Mazda3 5-Door (i-ELOOP),Mid-size,2.5,4,I,AS6,X,8.7,6.6,7.8,36,181
2018,Mazda,Mazda3 5-Door (SIL),Mid-size,2.5,4,I,M6,X,9.6,7,8.4,34,198
2018,Mazda,Mazda6,Mid-size,2.5,4,I,AS6,X,9.1,6.7,8,35,187
2018,Mazda,Mazda6 Turbo,Mid-size,2.5,4,I,AS6,X,10,7.5,8.9,32,208
2019,Mazda,Mazda3 4-Door,Compact,2,4,I,AS6,X,8.4,6.6,7.6,37,178
2019,Mazda,Mazda3 4-Door (SIL),Compact,2,4,I,M6,X,8.7,6.4,7.7,37,180
2019,Mazda,Mazda3 4-Door,Compact,2.5,4,I,AS6,X,8.8,6.4,7.7,37,181
2019,Mazda,Mazda3 4-Door (Cylinder Deactivation),Compact,2.5,4,I,AS6,X,8.8,6.6,7.8,36,183
2019,Mazda,Mazda3 4-Door 4WD,Compact,2.5,4,I,AS6,X,9.2,7,8.2,34,192
2019,Mazda,Mazda3 5-Door,Mid-size,2,4,I,AS6,X,8.6,6.7,7.7,37,181
2019,Mazda,Mazda3 5-Door (SIL),Mid-size,2,4,I,M6,X,8.7,6.6,7.8,36,181
2019,Mazda,Mazda3 5-Door,Mid-size,2.5,4,I,AS6,X,9,6.8,8,35,187
2019,Mazda,Mazda3 5-Door,Mid-size,2.5,4,I,M6,X,9.2,6.6,8.1,35,189
2019,Mazda,Mazda3 5-Door 4WD,Mid-size,2.5,4,I,AS6,X,9.8,7.4,8.7,32,204
2019,Mazda,Mazda6,Mid-size,2.5,4,I,AS6,X,9.1,6.7,8,35,187
2019,Mazda,Mazda6 Turbo,Mid-size,2.5,4,I,AS6,X,10,7.5,8.9,32,208
2020,Mazda,Mazda3 4-Door,Compact,2,4,I,AS6,X,8.4,6.6,7.6,37,178
2020,Mazda,Mazda3 4-Door (SIL),Compact,2,4,I,M6,X,8.7,6.4,7.7,37,180
2020,Mazda,Mazda3 4-Door,Compact,2.5,4,I,AS6,X,8.8,6.4,7.7,37,181
2020,Mazda,Mazda3 4-Door (Cylinder Deactivation),Compact,2.5,4,I,AS6,X,8.8,6.6,7.8,36,183
2020,Mazda,Mazda3 4-Door 4WD,Compact,2.5,4,I,AS6,X,9.2,7,8.2,34,192
2020,Mazda,Mazda3 5-Door,Mid-size,2,4,I,AS6,X,8.6,6.7,7.7,37,181
2020,Mazda,Mazda3 5-Door (SIL),Mid-size,2,4,I,M6,X,8.7,6.6,7.8,36,181
2020,Mazda,Mazda3 5-Door,Mid-size,2.5,4,I,AS6,X,9,6.8,8,35,187
2020,Mazda,Mazda3 5-Door (SIL),Mid-size,2.5,4,I,M6,X,9.2,6.6,8.1,35,189
2020,Mazda,Mazda3 5-Door 4WD,Mid-size,2.5,4,I,AS6,X,9.8,7.4,8.7,32,204
2020,Mazda,Mazda6,Mid-size,2.5,4,I,AS6,X,9,6.7,8,35,188
2020,Mazda,Mazda6 Turbo,Mid-size,2.5,4,I,AS6,X,10,7.5,8.9,32,208
2021,Mazda,Mazda3 4-Door,Compact,2,4,I,AS6,X,8.4,6.6,7.6,37,178
2021,Mazda,Mazda3 4-Door (SIL),Compact,2,4,I,M6,X,8.7,6.4,7.7,37,180
2021,Mazda,Mazda3 4-Door,Compact,2.5,4,I,AS6,X,8.9,6.5,7.8,36,184
2021,Mazda,Mazda3 4-Door 4WD,Compact,2.5,4,I,AS6,X,9.3,7,8.2,34,193
2021,Mazda,Mazda3 4-Door Turbo 4WD,Compact,2.5,4,I,AS6,X,10.1,7.3,8.8,32,207
2021,Mazda,Mazda3 5-Door,Mid-size,2,4,I,AS6,X,8.6,6.7,7.7,37,181
2021,Mazda,Mazda3 5-Door (SIL),Mid-size,2,4,I,M6,X,8.7,6.6,7.8,36,181
2021,Mazda,Mazda3 5-Door,Mid-size,2.5,4,I,AS6,X,9.2,6.9,8.1,35,190
2021,Mazda,Mazda3 5-Door (SIL),Mid-size,2.5,4,I,M6,X,9.5,7,8.4,34,197
2021,Mazda,Mazda3 5-Door 4WD,Mid-size,2.5,4,I,AS6,X,9.5,7.4,8.5,33,200
2021,Mazda,Mazda3 5-Door Turbo 4WD,Mid-size,2.5,4,I,AS6,X,10.1,7.5,8.9,32,209
2021,Mazda,Mazda6,Mid-size,2.5,4,I,AS6,X,9.1,6.7,8,35,187
2021,Mazda,Mazda6 Turbo,Mid-size,2.5,4,I,AS6,X,10,7.5,8.9,32,208
2022,Mazda,Mazda3 4-Door,Compact,2,4,I,AS6,X,8.4,6.6,7.6,37,178
2022,Mazda,Mazda3 4-Door (SIL),Compact,2,4,I,M6,X,8.7,6.4,7.7,37,180
2022,Mazda,Mazda3 4-Door,Compact,2.5,4,I,AS6,X,8.9,6.5,7.8,36,183
2022,Mazda,Mazda3 4-Door 4WD,Compact,2.5,4,I,AS6,X,9.5,7.2,8.5,33,199
2022,Mazda,Mazda3 4-Door Turbo 4WD,Compact,2.5,4,I,AS6,X,10.1,7.3,8.8,32,207
2022,Mazda,Mazda3 5-Door,Mid-size,2,4,I,AS6,X,8.6,6.7,7.7,37,181
2022,Mazda,Mazda3 5-Door (SIL),Mid-size,2,4,I,M6,X,8.7,6.6,7.8,36,181
2022,Mazda,Mazda3 5-Door,Mid-size,2.5,4,I,AS6,X,9.1,6.8,8.1,35,190
2022,Mazda,Mazda3 5-Door (SIL),Mid-size,2.5,4,I,M6,X,9.6,7.1,8.4,34,198
2022,Mazda,Mazda3 5-Door 4WD,Mid-size,2.5,4,I,AS6,X,9.5,7.4,8.6,33,200
2022,Mazda,Mazda3 5-Door Turbo 4WD,Mid-size,2.5,4,I,AS6,X,10.1,7.5,8.9,32,209
2000,BMW,323 CONVERTIBLE,COMPACT,2.5,6,I,A5,Z,13,8.9,11.2,25,258
2000,BMW,323 CONVERTIBLE,COMPACT,2.5,6,I,M5,Z,12.4,8.6,10.7,26,246
2000,BMW,323Ci,COMPACT,2.5,6,I,A5,Z,12.3,7.8,10.3,27,237
2000,BMW,323Ci,COMPACT,2.5,6,I,M5,Z,11.5,7.5,9.7,29,223
2000,BMW,323i,COMPACT,2.5,6,I,A5,Z,12.3,7.8,10.3,27,237
2000,BMW,323i,COMPACT,2.5,6,I,M5,Z,11.5,7.5,9.7,29,223
2000,BMW,328i,COMPACT,2.8,6,I,A5,Z,12.4,7.9,10.4,27,239
2000,BMW,328i,COMPACT,2.8,6,I,M5,Z,11.5,7.5,9.7,29,223
2000,BMW,528i,COMPACT,2.8,6,I,A4,Z,13,8.4,10.9,26,251
2000,BMW,528i,COMPACT,2.8,6,I,M5,Z,11.5,7.5,9.7,29,223
2000,BMW,740i,MID-SIZE,4.4,8,V,A5,Z,13.8,9.2,11.7,24,269
2000,BMW,740iL,FULL-SIZE,4.4,8,V,A5,Z,13.8,9.2,11.7,24,269
2000,BMW,M5,COMPACT,4.9,8,V,M6,Z,17.7,10.4,14.4,20,331
2000,BMW,X5,SUV,4.4,8,V,A5,Z,13.3,8.6,11.2,25,258
2001,BMW,320i,COMPACT,2.2,6,I,A5,Z,11.6,7.4,9.7,29,223
2001,BMW,320i,COMPACT,2.2,6,I,M5,Z,11.3,7.2,9.5,30,218
2001,BMW,530i,COMPACT,3,6,I,A5,Z,12.6,8.3,10.7,26,246
2001,BMW,530i,COMPACT,3,6,I,M5,Z,11.3,7.3,9.5,30,218
2001,BMW,740i,MID-SIZE,4.4,8,V,A5,Z,13.8,9.2,11.7,24,269
2001,BMW,740iL,FULL-SIZE,4.4,8,V,A5,Z,13.8,9.2,11.7,24,269
2001,BMW,M5,COMPACT,4.9,8,V,M6,Z,17.5,10.5,14.4,20,331
2001,BMW,X5,SUV,3,6,I,A5,Z,14.7,10.8,12.9,22,297
2001,BMW,X5,SUV,3,6,I,M5,Z,15.6,10.6,13.4,21,308
2001,BMW,X5,SUV,4.4,8,V,A5,Z,16.4,11.9,14.4,20,331
2002,BMW,320i,COMPACT,2.2,6,I,A5,Z,11.6,7.4,9.7,29,223
2002,BMW,320i,COMPACT,2.2,6,I,M5,Z,11.3,7.2,9.5,30,218
2002,BMW,530i,COMPACT,3,6,I,A5,Z,12.6,8.2,10.6,27,244
2002,BMW,530i,COMPACT,3,6,I,M5,Z,11.3,7.3,9.5,30,218
2002,BMW,M5,COMPACT,4.9,8,V,M6,Z,17.6,10.6,14.4,20,331
2002,BMW,X5,SUV,3,6,I,A5,Z,14.7,10.8,12.9,22,297
2002,BMW,X5,SUV,3,6,I,M5,Z,15.6,10.6,13.4,21,308
2002,BMW,X5,SUV,4.4,8,V,A5,Z,16.4,11.9,14.4,20,331
2003,BMW,320i,COMPACT,2.2,6,I,A5,Z,11.6,7.4,9.7,29,223
2003,BMW,320i,COMPACT,2.2,6,I,M5,Z,11.3,7.2,9.5,30,218
2003,BMW,530i,COMPACT,3,6,I,A5,Z,12.6,8.1,10.6,27,244
2003,BMW,530i,COMPACT,3,6,I,M5,Z,11.3,7.3,9.5,30,218
2003,BMW,M5,COMPACT,4.9,8,V,M6,Z,17.6,10.6,14.4,20,331
2003,BMW,X5,SUV,3,6,I,A5,Z,14.7,10.8,12.9,22,297
2003,BMW,X5,SUV,3,6,I,M5,Z,15.6,10.6,13.4,21,308
2003,BMW,X5,SUV,4.4,8,V,A5,Z,16.4,11.9,14.4,20,331
2004,BMW,320i,COMPACT,2.2,6,I,A5,Z,11.6,7.4,9.7,29,223
2004,BMW,320i,COMPACT,2.2,6,I,M5,Z,11.3,7.2,9.5,30,218
2004,BMW,530i,MID-SIZE,3,6,I,A6,Z,12.9,7.8,10.6,27,244
2004,BMW,530i,MID-SIZE,3,6,I,AM6,Z,11.5,7.3,9.6,29,221
2004,BMW,530i,MID-SIZE,3,6,I,M6,Z,11.7,7.2,9.7,29,223
2004,BMW,X3,SUV,3,6,I,A5,Z,14.8,9.3,12.3,23,283
2004,BMW,X3,SUV,3,6,I,M6,Z,13.8,8.8,11.6,24,267
2004,BMW,X5,SUV,3,6,I,A6,Z,14.9,10.4,12.9,22,297
2004,BMW,X5,SUV,3,6,I,M6,Z,15.9,10.1,13.3,21,306
2004,BMW,X5,SUV,4.4,8,V,A6,Z,14.8,9.9,12.6,22,290
2005,BMW,320i,COMPACT,2.2,6,I,A5,Z,11.6,7.4,9.7,29,223
2005,BMW,320i,COMPACT,2.2,6,I,M5,Z,11.3,7.2,9.5,30,218
2005,BMW,530i,MID-SIZE,3,6,I,A6,Z,12.2,7.5,10.1,28,232
2005,BMW,530i,MID-SIZE,3,6,I,AM6,Z,11.3,7.2,9.5,30,218
2005,BMW,530i,MID-SIZE,3,6,I,M6,Z,11.7,7.3,9.7,29,223
2005,BMW,X3,SUV,2.5,6,I,A5,Z,14.1,9.2,11.9,24,274
2005,BMW,X3,SUV,2.5,6,I,M6,Z,13.6,8.9,11.5,25,264
2005,BMW,X3,SUV,3,6,I,A5,Z,14.8,9.3,12.3,23,283
2005,BMW,X3,SUV,3,6,I,M6,Z,13.8,8.8,11.5,25,264
2005,BMW,X5,SUV,3,6,I,A6,Z,14.9,10.4,12.9,22,297
2005,BMW,X5,SUV,3,6,I,M6,Z,15.9,10.1,13.3,21,306
2005,BMW,X5,SUV,4.4,8,V,A6,Z,14.8,9.9,12.6,22,290
2005,BMW,X5 4.8IS,SUV,4.8,8,V,A6,Z,14.7,10.1,12.6,22,290
2006,BMW,323i,COMPACT,2.5,6,I,A6,Z,11.2,6.7,9.2,31,212
2006,BMW,323i,COMPACT,2.5,6,I,M6,Z,11.1,6.9,9.2,31,212
2006,BMW,530i,MID-SIZE,3,6,I,A6,Z,11.4,7.3,9.5,30,218
2006,BMW,530i,MID-SIZE,3,6,I,M6,Z,11.4,7.1,9.4,30,216
2006,BMW,530xi,MID-SIZE,3,6,I,A6,Z,11.7,7.9,9.9,29,228
2006,BMW,530xi,MID-SIZE,3,6,I,M6,Z,12.1,7.8,10.2,28,235
2006,BMW,750Li,FULL-SIZE,4.8,8,V,A6,Z,13.8,8.7,11.5,25,264
2006,BMW,M5,MID-SIZE,5,10,V,AM7,Z,18.1,11,14.9,19,343
2006,BMW,X3,SUV,2.5,6,I,A5,Z,14.1,9.2,11.9,24,274
2006,BMW,X3,SUV,2.5,6,I,M6,Z,13.6,8.9,11.5,25,264
2006,BMW,X3,SUV,3,6,I,A5,Z,14.8,9.3,12.3,23,283
2006,BMW,X3,SUV,3,6,I,M6,Z,13.8,8.8,11.5,25,264
2006,BMW,X5,SUV,3,6,I,A6,Z,14.9,10.4,12.9,22,297
2006,BMW,X5,SUV,3,6,I,M6,Z,15.9,10.1,13.3,21,306
2006,BMW,X5,SUV,4.4,8,V,A6,Z,14.8,9.9,12.6,22,290
2006,BMW,X5 4.8is,SUV,4.8,8,V,A6,Z,14.7,10.1,12.6,22,290
2007,BMW,323i,COMPACT,2.5,6,I,A6,Z,11.2,6.7,9.2,31,212
2007,BMW,323i,COMPACT,2.5,6,I,M6,Z,11.1,6.9,9.2,31,212
2007,BMW,328i,COMPACT,3,6,I,A6,Z,11.3,7.1,9.4,30,216
2007,BMW,328i,COMPACT,3,6,I,M6,Z,11.7,7.2,9.7,29,222
2007,BMW,328xi,COMPACT,3,6,I,A6,Z,11.7,7.9,10,28,230
2007,BMW,328xi,COMPACT,3,6,I,M6,Z,12.2,7.7,10.2,28,233
2007,BMW,530i,MID-SIZE,3,6,I,A6,Z,11.3,7.1,9.3,30,214
2007,BMW,530i,MID-SIZE,3,6,I,M6,Z,11.7,7.2,9.7,29,222
2007,BMW,530xi,MID-SIZE,3,6,I,A6,Z,11.7,7.9,10,28,230
2007,BMW,530xi,MID-SIZE,3,6,I,M6,Z,12.2,7.7,10.2,28,233
2007,BMW,750Li,FULL-SIZE,4.8,8,V,A6,Z,13.8,8.7,11.5,25,264
2007,BMW,M5,MID-SIZE,5,10,V,AM7,Z,18.4,11,15.1,19,347
2007,BMW,M5,MID-SIZE,5,10,V,M6,Z,19.9,11.9,16.3,17,375
2007,BMW,X3 3.0i,SUV,3,6,I,A6,Z,12.2,8.4,10.5,27,242
2007,BMW,X3 3.0i,SUV,3,6,I,M6,Z,12.5,8.2,10.6,27,244
2007,BMW,X3 3.0si,SUV,3,6,I,A6,Z,12.2,8.4,10.5,27,242
2007,BMW,X3 3.0si,SUV,3,6,I,M6,Z,12.5,8.2,10.6,27,244
2007,BMW,X5 3.0si,SUV,3,6,I,A6,Z,13.6,9.3,11.7,24,269
2007,BMW,X5 4.8i,SUV,4.8,8,V,A6,Z,15.9,10.2,13.3,21,306
2008,BMW,128i CABRIOLET,SUBCOMPACT,3,6,I,A6,Z,11.4,7.2,9.5,30,218
2008,BMW,128i CABRIOLET,SUBCOMPACT,3,6,I,M6,Z,11.2,7,9.3,30,214
2008,BMW,128i COUPE,SUBCOMPACT,3,6,I,A6,Z,11.1,7,9.3,30,214
2008,BMW,128i COUPE,SUBCOMPACT,3,6,I,M6,Z,11.2,7,9.3,30,214
2008,BMW,135i CABRIOLET,SUBCOMPACT,3,6,I,A6,Z,11.9,7.6,9.9,29,228
2008,BMW,135i CABRIOLET,SUBCOMPACT,3,6,I,M6,Z,12.4,7.7,10.3,27,237
2008,BMW,135i COUPE,SUBCOMPACT,3,6,I,A6,Z,11.7,7.7,9.9,29,228
2008,BMW,135i COUPE,SUBCOMPACT,3,6,I,M6,Z,12,7.9,10.1,28,232
2008,BMW,323i,COMPACT,2.5,6,I,A6,Z,11.2,6.7,9.2,31,212
2008,BMW,323i,COMPACT,2.5,6,I,M6,Z,11.1,6.9,9.2,31,212
2008,BMW,328i,COMPACT,3,6,I,A6,Z,11.1,7,9.3,30,214
2008,BMW,328i,COMPACT,3,6,I,M6,Z,11.2,7,9.3,30,214
2008,BMW,328xi,COMPACT,3,6,I,A6,Z,11.9,7.9,10.1,28,232
2008,BMW,328xi,COMPACT,3,6,I,M6,Z,12.3,7.6,10.2,28,235
2008,BMW,528i,MID-SIZE,3,6,I,A6,Z,11.4,7.2,9.5,30,218
2008,BMW,528i,MID-SIZE,3,6,I,M6,Z,11.2,7,9.3,30,214
2008,BMW,528xi,MID-SIZE,3,6,I,A6,Z,11.9,7.9,10.1,28,232
2008,BMW,528xi,MID-SIZE,3,6,I,M6,Z,12.3,7.6,10.2,28,235
2008,BMW,750Li,FULL-SIZE,4.8,8,V,A6,Z,13.8,8.6,11.5,25,264
2008,BMW,M5,MID-SIZE,5,10,V,AM7,Z,18.4,11,15.1,19,347
2008,BMW,M5,MID-SIZE,5,10,V,M6,Z,19.9,11.9,16.3,17,375
2008,BMW,X3 3.0i,SUV,3,6,I,A6,Z,12.2,8.3,10.5,27,242
2008,BMW,X3 3.0i,SUV,3,6,I,M6,Z,12.8,8.4,10.8,26,248
2008,BMW,X3 3.0si,SUV,3,6,I,A6,Z,12.2,8.3,10.5,27,242
2008,BMW,X3 3.0si,SUV,3,6,I,M6,Z,12.8,8.4,10.8,26,248
2008,BMW,X5 3.0si,SUV,3,6,I,A6,Z,13.6,9.3,11.7,24,269
2008,BMW,X5 4.8i,SUV,4.8,8,V,A6,Z,15.6,10.2,13.2,21,304
2008,BMW,X6 XDRIVE 35i,SUV,3,6,I,A6,Z,14.4,10,12.4,23,285
2009,BMW,128i CABRIOLET,SUBCOMPACT,3,6,I,A6,Z,11.4,7.4,9.6,29,221
2009,BMW,128i CABRIOLET,SUBCOMPACT,3,6,I,M6,Z,11.3,7,9.3,30,214
2009,BMW,128i COUPE,SUBCOMPACT,3,6,I,A6,Z,11.3,6.9,9.3,30,214
2009,BMW,128i COUPE,SUBCOMPACT,3,6,I,M6,Z,11.3,7,9.3,30,214
2009,BMW,135i CABRIOLET,SUBCOMPACT,3,6,I,A6,Z,11.9,7.6,10,28,230
2009,BMW,135i CABRIOLET,SUBCOMPACT,3,6,I,M6,Z,12.3,7.6,10.2,28,235
2009,BMW,135i COUPE,SUBCOMPACT,3,6,I,A6,Z,11.9,7.8,10,28,230
2009,BMW,135i COUPE,SUBCOMPACT,3,6,I,M6,Z,12,7.9,10.1,28,232
2009,BMW,323i SEDAN,COMPACT,2.5,6,I,A6,Z,11.2,6.7,9.2,31,212
2009,BMW,323i SEDAN,COMPACT,2.5,6,I,M6,Z,11.1,6.9,9.2,31,212
2009,BMW,328i SEDAN,COMPACT,3,6,I,A6,Z,11.3,6.9,9.3,30,214
2009,BMW,328i SEDAN,COMPACT,3,6,I,M6,Z,11.3,7,9.3,30,214
2009,BMW,328i xDRIVE COUPE,SUBCOMPACT,3,6,I,A6,Z,11.9,7.8,10,28,230
2009,BMW,328i xDRIVE COUPE,SUBCOMPACT,3,6,I,M6,Z,12.3,7.6,10.2,28,235
2009,BMW,328i xDRIVE SEDAN,COMPACT,3,6,I,A6,Z,11.9,7.8,10,28,230
2009,BMW,328i xDRIVE SEDAN,COMPACT,3,6,I,M6,Z,12.3,7.6,10.2,28,235
2009,BMW,528i SEDAN,MID-SIZE,3,6,I,A6,Z,11.4,7.4,9.6,29,221
2009,BMW,528i SEDAN,MID-SIZE,3,6,I,M6,Z,11.3,7,9.3,30,214
2009,BMW,528i xDRIVE SEDAN,MID-SIZE,3,6,I,A6,Z,11.9,7.8,10,28,230
2009,BMW,528i xDRIVE SEDAN,MID-SIZE,3,6,I,M6,Z,12.3,7.6,10.2,28,235
2009,BMW,X3 xDRIVE 30i,SUV,3,6,I,A6,Z,12.2,8.4,10.5,27,242
2009,BMW,X3 xDRIVE 30i,SUV,3,6,I,M6,Z,12.5,8.2,10.6,27,244
2009,BMW,X5 xDRIVE 30i,SUV,3,6,I,A6,Z,13.6,9.3,11.7,24,269
2009,BMW,X5 xDRIVE 35d,SUV,3,6,I,A6,D,10.7,7.5,9.3,30,251
2009,BMW,X5 xDRIVE 48i,SUV,4.8,8,V,A6,Z,15.6,10.2,13.2,21,304
2009,BMW,X6 xDRIVE 35i,SUV,3,6,I,A6,Z,14.4,10,12.4,23,285
2009,BMW,X6 xDRIVE 50i,SUV,4.4,8,V,A6,Z,17.1,11,14.3,20,329
2010,BMW,128i CABRIOLET,SUBCOMPACT,3,6,I,A6,Z,11.3,7.4,9.5,30,218
2010,BMW,128i CABRIOLET,SUBCOMPACT,3,6,I,M6,Z,10.8,6.9,9,31,207
2010,BMW,128i COUPE,SUBCOMPACT,3,6,I,A6,Z,11.3,6.9,9.3,30,214
2010,BMW,128i COUPE,SUBCOMPACT,3,6,I,M6,Z,10.8,6.9,9,31,207
2010,BMW,135i CABRIOLET,SUBCOMPACT,3,6,I,A6,Z,11.9,7.9,10.1,28,232
2010,BMW,135i CABRIOLET,SUBCOMPACT,3,6,I,M6,Z,11.6,7.7,9.8,29,225
2010,BMW,135i COUPE,SUBCOMPACT,3,6,I,A6,Z,11.9,7.9,10.1,28,232
2010,BMW,135i COUPE,SUBCOMPACT,3,6,I,M6,Z,11.6,7.7,9.8,29,225
2010,BMW,323i,COMPACT,2.5,6,I,A6,Z,11.2,6.7,9.2,31,212
2010,BMW,323i,COMPACT,2.5,6,I,M6,Z,11.1,6.9,9.2,31,212
2010,BMW,328i,COMPACT,3,6,I,A6,Z,11.3,6.9,9.3,30,214
2010,BMW,328i,COMPACT,3,6,I,M6,Z,10.8,6.9,9,31,207
2010,BMW,328i xDRIVE,COMPACT,3,6,I,A6,Z,11.9,7.8,10.1,28,232
2010,BMW,328i xDRIVE,COMPACT,3,6,I,M6,Z,12.2,7.6,10.2,28,235
2010,BMW,328i xDRIVE COUPE,SUBCOMPACT,3,6,I,A6,Z,11.9,7.8,10.1,28,232
2010,BMW,328i xDRIVE COUPE,SUBCOMPACT,3,6,I,M6,Z,12.2,7.6,10.2,28,235
2010,BMW,528i,MID-SIZE,3,6,I,A6,Z,11.3,7.4,9.5,30,218
2010,BMW,528i,MID-SIZE,3,6,I,M6,Z,10.8,6.9,9,31,207
2010,BMW,528i xDRIVE,MID-SIZE,3,6,I,A6,Z,11.9,7.8,10.1,28,232
2010,BMW,528i xDRIVE,MID-SIZE,3,6,I,M6,Z,12.2,7.6,10.2,28,235
2010,BMW,750i xDRIVE,FULL-SIZE,4.4,8,V,A6,Z,15.4,10,13,22,299
2010,BMW,750Li,FULL-SIZE,4.4,8,V,A6,Z,14.8,9.3,12.3,23,283
2010,BMW,750Li xDRIVE,FULL-SIZE,4.4,8,V,A6,Z,15.4,10,13,22,299
2010,BMW,M5,MID-SIZE,5,10,V,AM7,Z,17.9,11,14.8,19,340
2010,BMW,M5,MID-SIZE,5,10,V,M6,Z,19.9,11.8,16.2,17,373
2010,BMW,X3 xDRIVE28i,SUV,3,6,I,A6,Z,12.2,8.3,10.5,27,242
2010,BMW,X3 xDRIVE28i,SUV,3,6,I,M6,Z,12.7,8.3,10.7,26,246
2010,BMW,X3 xDRIVE30i,SUV,3,6,I,A6,Z,12.2,8.3,10.5,27,242
2010,BMW,X3 xDRIVE30i,SUV,3,6,I,M6,Z,12.7,8.3,10.7,26,246
2010,BMW,X5 M,SUV,4.4,8,V,A6,Z,17,11.9,14.7,19,338
2010,BMW,X5 xDRIVE30i,SUV,3,6,I,A6,Z,13.6,9.3,11.7,24,269
2010,BMW,X5 xDRIVE35d,SUV,3,6,I,A6,D,10.7,7.5,9.3,30,251
2010,BMW,X5 xDRIVE48i,SUV,4.8,8,V,A6,Z,15.6,10.2,13.2,21,304
2010,BMW,X6 M,SUV,4.4,8,V,A6,Z,17,11.9,14.7,19,338
2010,BMW,X6 xDRIVE35i,SUV,3,6,I,A6,Z,14.4,10,12.4,23,285
2010,BMW,X6 xDRIVE50i,SUV,4.4,8,V,A6,Z,17.1,11,14.3,20,329
2011,BMW,1 SERIES M COUPE,SUBCOMPACT,3,6,I,M6,Z,11.2,7.8,9.7,29,223
2011,BMW,128i CABRIOLET,SUBCOMPACT,3,6,I,A6,Z,11.5,7.4,9.6,29,221
2011,BMW,128i CABRIOLET,SUBCOMPACT,3,6,I,M6,Z,10.7,6.9,9,31,207
2011,BMW,128i COUPE,SUBCOMPACT,3,6,I,A6,Z,10.9,6.8,9.1,31,209
2011,BMW,128i COUPE,SUBCOMPACT,3,6,I,M6,Z,10.7,6.9,9,31,207
2011,BMW,135i CABRIOLET,SUBCOMPACT,3,6,I,AM7,Z,11.7,7.8,9.9,29,228
2011,BMW,135i CABRIOLET,SUBCOMPACT,3,6,I,M6,Z,11,7.1,9.3,30,214
2011,BMW,135i COUPE,SUBCOMPACT,3,6,I,AM7,Z,11.6,7.8,9.9,29,228
2011,BMW,135i COUPE,SUBCOMPACT,3,6,I,M6,Z,10.4,7,8.8,32,202
2011,BMW,323i,COMPACT,2.5,6,I,A6,Z,11.2,6.7,9.2,31,212
2011,BMW,323i,COMPACT,2.5,6,I,M6,Z,11.1,6.9,9.2,31,212
2011,BMW,328i,COMPACT,3,6,I,A6,Z,10.9,6.8,9.1,31,209
2011,BMW,328i,COMPACT,3,6,I,M6,Z,10.7,6.9,9,31,207
2011,BMW,328i xDRIVE,COMPACT,3,6,I,A6,Z,11.8,7.8,10,28,230
2011,BMW,328i xDRIVE,COMPACT,3,6,I,M6,Z,12.3,7.6,10.2,28,235
2011,BMW,328i xDRIVE COUPE,SUBCOMPACT,3,6,I,A6,Z,11.8,7.8,10,28,230
2011,BMW,328i xDRIVE COUPE,SUBCOMPACT,3,6,I,M6,Z,12.3,7.6,10.2,28,235
2011,BMW,528i,MID-SIZE,3,6,I,A8,Z,9.6,6.2,8.1,35,186
2011,BMW,750i xDRIVE,FULL-SIZE,4.4,8,V,A6,Z,15.4,10,13,22,299
2011,BMW,750Li xDRIVE,FULL-SIZE,4.4,8,V,A6,Z,15.4,10,13,22,299
2011,BMW,X3 xDRIVE28i,SUV,3,6,I,A8,Z,11,7.8,9.6,29,221
2011,BMW,X3 xDRIVE35i,SUV,3,6,I,A8,Z,11.1,7.7,9.6,29,221
2011,BMW,X5 M,SUV,4.4,8,V,A6,Z,17.1,11.9,14.8,19,340
2011,BMW,X5 xDRIVE35d,SUV,3,6,I,A6,D,10.9,7.6,9.4,30,254
2011,BMW,X5 xDRIVE35i,SUV,3,6,I,A8,Z,13,8.5,11,26,253
2011,BMW,X5 xDRIVE50i,SUV,4.4,8,V,A8,Z,15.2,9.8,12.8,22,294
2011,BMW,X6 M,SUV,4.4,8,V,A6,Z,17.1,11.9,14.8,19,340
2011,BMW,X6 xDRIVE35i,SUV,3,6,I,A8,Z,13,8.5,11,26,253
2011,BMW,X6 xDRIVE50i,SUV,4.4,8,V,A8,Z,15.2,9.8,12.8,22,294
2012,BMW,128i CABRIOLET,SUBCOMPACT,3,6,I,A6,Z,11.4,7.4,9.6,29,221
2012,BMW,128i CABRIOLET,SUBCOMPACT,3,6,I,M6,Z,10.8,7,9.1,31,209
2012,BMW,128i COUPE,SUBCOMPACT,3,6,I,A6,Z,11.3,6.8,9.2,31,212
2012,BMW,128i COUPE,SUBCOMPACT,3,6,I,M6,Z,10.8,7,9.1,31,209
2012,BMW,135i CABRIOLET,SUBCOMPACT,3,6,I,AM7,Z,11.7,7.8,9.9,29,228
2012,BMW,135i CABRIOLET,SUBCOMPACT,3,6,I,M6,Z,11.2,7.2,9.4,30,216
2012,BMW,135i COUPE,SUBCOMPACT,3,6,I,AM7,Z,11.6,7.8,9.9,29,228
2012,BMW,135i COUPE,SUBCOMPACT,3,6,I,M6,Z,10.4,7,8.8,32,202
2012,BMW,328i xDRIVE COUPE,SUBCOMPACT,3,6,I,A6,Z,11.9,7.8,10.1,28,232
2012,BMW,328i xDRIVE COUPE,SUBCOMPACT,3,6,I,M6,Z,12.4,7.6,10.2,28,235
2012,BMW,528i,MID-SIZE,2,4,I,A8,Z,8.6,5.7,7.3,39,168
2012,BMW,528i xDRIVE,MID-SIZE,2,4,I,A8,Z,8.8,5.9,7.5,38,172
2012,BMW,750i xDRIVE,FULL-SIZE,4.4,8,V,A6,Z,15.4,10,13,22,299
2012,BMW,750Li xDRIVE,FULL-SIZE,4.4,8,V,A6,Z,15.4,10,13,22,299
2012,BMW,X1 xDRIVE28i,SUV,2,4,I,A8,Z,10.2,6.5,8.5,33,196
2012,BMW,X3 xDRIVE28i,SUV,3,6,I,A8,Z,10.9,7.8,9.5,30,218
2012,BMW,X3 xDRIVE35i,SUV,3,6,I,A8,Z,11.1,7.7,9.6,29,221
2012,BMW,X5 M,SUV,4.4,8,V,A6,Z,16.9,11.9,14.6,19,336
2012,BMW,X5 xDRIVE35d,SUV,3,6,I,A6,D,10.8,7.6,9.4,30,254
2012,BMW,X5 xDRIVE35i,SUV,3,6,I,A8,Z,13.1,8.6,11.1,25,255
2012,BMW,X5 xDRIVE50i,SUV,4.4,8,V,A8,Z,15.3,9.9,12.9,22,297
2012,BMW,X6 M,SUV,4.4,8,V,A6,Z,16.9,11.9,14.6,19,336
2012,BMW,X6 xDRIVE35i,SUV,3,6,I,A8,Z,13.1,8.6,11.1,25,255
2012,BMW,X6 xDRIVE50i,SUV,4.4,8,V,A8,Z,15.3,9.9,12.9,22,297
2013,BMW,128i CABRIOLET,SUBCOMPACT,3,6,I,A6,Z,11.4,7.4,9.6,29,221
2013,BMW,128i CABRIOLET,SUBCOMPACT,3,6,I,M6,Z,10.7,7,9,31,207
2013,BMW,128i COUPE,SUBCOMPACT,3,6,I,A6,Z,11.3,6.8,9.3,30,214
2013,BMW,128i COUPE,SUBCOMPACT,3,6,I,M6,Z,10.7,7,9,31,207
2013,BMW,135i CABRIOLET,SUBCOMPACT,3,6,I,AM7,Z,11.8,7.9,10,28,230
2013,BMW,135i CABRIOLET,SUBCOMPACT,3,6,I,M6,Z,10.6,6.8,8.9,32,205
2013,BMW,135i COUPE,SUBCOMPACT,3,6,I,AM7,Z,11.7,7.9,10,28,230
2013,BMW,135i COUPE,SUBCOMPACT,3,6,I,M6,Z,10.4,7,8.9,32,205
2013,BMW,320i,COMPACT,2,4,I,A8,Z,8.5,5.2,7,40,161
2013,BMW,320i,COMPACT,2,4,I,M6,Z,8.9,5.4,7.3,39,168
2013,BMW,328i,COMPACT,2,4,I,A8,Z,8.6,5.5,7.2,39,166
2013,BMW,328i,COMPACT,2,4,I,M6,Z,9,5.6,7.5,38,172
2013,BMW,328i xDRIVE,COMPACT,2,4,I,A8,Z,9,6,7.7,37,177
2013,BMW,328i xDRIVE COUPE,SUBCOMPACT,3,6,I,A6,Z,11.8,7.8,10,28,230
2013,BMW,328i xDRIVE COUPE,SUBCOMPACT,3,6,I,M6,Z,12.2,7.6,10.1,28,232
2013,BMW,528i,MID-SIZE,2,4,I,A8,Z,8.5,5.7,7.2,39,166
2013,BMW,528i xDRIVE,MID-SIZE,2,4,I,A8,Z,9,6,7.7,37,177
2013,BMW,740Li xDRIVE,FULL-SIZE,3,6,I,A8,Z,11.2,7.5,9.5,30,218
2013,BMW,750i xDRIVE,FULL-SIZE,4.4,8,V,A8,Z,12.9,8.3,10.8,26,248
2013,BMW,750Li xDRIVE,FULL-SIZE,4.4,8,V,A8,Z,12.9,8.3,10.8,26,248
2013,BMW,M5,MID-SIZE,4.4,8,V,AM7,Z,13.3,8.6,11.2,25,258
2013,BMW,M5,MID-SIZE,4.4,8,V,M6,Z,14.4,9.2,12.1,23,278
2013,BMW,X1 xDRIVE28i,SUV - SMALL,2,4,I,A8,Z,9,6,7.7,37,177
2013,BMW,X1 xDRIVE35i,SUV - SMALL,3,6,I,A6,Z,11.4,7.4,9.6,29,221
2013,BMW,X3 xDRIVE28i,SUV - SMALL,2,4,I,A8,Z,9.5,7,8.4,34,193
2013,BMW,X3 xDRIVE35i,SUV - SMALL,3,6,I,A8,Z,11.1,7.7,9.6,29,221
2013,BMW,X5 M,SUV - STANDARD,4.4,8,V,A6,Z,17.2,12,14.9,19,343
2013,BMW,X5 xDRIVE35d,SUV - STANDARD,3,6,I,A6,D,10.7,7.5,9.3,30,251
2013,BMW,X5 xDRIVE35i,SUV - STANDARD,3,6,I,A8,Z,13.1,8.6,11.1,25,255
2013,BMW,X5 xDRIVE50i,SUV - STANDARD,4.4,8,V,A8,Z,15.3,9.9,12.9,22,297
2013,BMW,X6 M,SUV - STANDARD,4.4,8,V,A6,Z,17.2,12,14.9,19,343
2013,BMW,X6 xDRIVE35i,SUV - STANDARD,3,6,I,A8,Z,13.1,8.6,11.1,25,255
2013,BMW,X6 xDRIVE50i,SUV - STANDARD,4.4,8,V,A8,Z,15.3,9.9,12.9,22,297
2014,BMW,320i,COMPACT,2,4,I,A8,Z,8.7,5.4,7.2,39,166
2014,BMW,320i,COMPACT,2,4,I,M6,Z,9.1,5.6,7.5,38,173
2014,BMW,320i xDRIVE,COMPACT,2,4,I,A8,Z,8.9,5.8,7.5,38,173
2014,BMW,328d xDRIVE,COMPACT,2,4,I,A8,D,6.4,4.5,5.6,50,151
2014,BMW,328i,COMPACT,2,4,I,A8,Z,8.7,5.4,7.2,39,166
2014,BMW,328i,COMPACT,2,4,I,M6,Z,9.1,5.6,7.5,38,173
2014,BMW,328i xDRIVE,COMPACT,2,4,I,A8,Z,9.3,6,7.8,36,179
2014,BMW,328i xDRIVE GRAN TURISMO,FULL-SIZE,2,4,I,A8,Z,9.3,6,7.8,36,179
2014,BMW,528i,MID-SIZE,2,4,I,A8,Z,8.9,5.8,7.5,38,173
2014,BMW,528i xDRIVE,MID-SIZE,2,4,I,A8,Z,9.3,6,7.8,36,179
2014,BMW,740Li xDRIVE,FULL-SIZE,3,6,I,A8,Z,11,7.2,9.3,30,214
2014,BMW,750i xDRIVE,FULL-SIZE,4.4,8,V,A8,Z,13.4,8.3,11.1,25,255
2014,BMW,750Li xDRIVE,FULL-SIZE,4.4,8,V,A8,Z,13.4,8.3,11.1,25,255
2014,BMW,M5,MID-SIZE,4.4,8,V,AM7,Z,15.6,9.8,13,22,299
2014,BMW,M5,MID-SIZE,4.4,8,V,M6,Z,14.5,9.2,12.1,23,278
2014,BMW,X1 xDRIVE28i,SUV - SMALL,2,4,I,A8,Z,9.3,6,7.8,36,179
2014,BMW,X1 xDRIVE35i,SUV - SMALL,3,6,I,A6,Z,11.7,7.5,9.8,29,225
2014,BMW,X3 xDRIVE28i,SUV - SMALL,2,4,I,A8,Z,9.8,7.1,8.6,33,198
2014,BMW,X3 xDRIVE35i,SUV - SMALL,3,6,I,A8,Z,11.1,7.7,9.6,29,221
2014,BMW,X5 xDRIVE35i,SUV - STANDARD,3,6,I,A8,Z,11.4,7.4,9.6,29,221
2014,BMW,X5 xDRIVE50i,SUV - STANDARD,4.4,8,V,A8,Z,14.6,9.2,12.2,23,281
2014,BMW,X6 M,SUV - STANDARD,4.4,8,V,A6,Z,16.3,11.7,14.2,20,327
2014,BMW,X6 xDRIVE35i,SUV - STANDARD,3,6,I,A8,Z,12.1,8.3,10.4,27,239
2014,BMW,X6 xDRIVE50i,SUV - STANDARD,4.4,8,V,A8,Z,14.7,9.6,12.4,23,285
2015,BMW,228i CABRIOLET,SUBCOMPACT,2,4,I,AS8,Z,10.4,7.1,8.9,32,205
2015,BMW,228i COUPE,SUBCOMPACT,2,4,I,AS8,Z,10,6.5,8.4,34,193
2015,BMW,228i COUPE,SUBCOMPACT,2,4,I,M6,Z,10.7,6.9,9,31,207
2015,BMW,228i xDRIVE CABRIOLET,SUBCOMPACT,2,4,I,AS8,Z,10.6,7.2,9.1,31,209
2015,BMW,228i xDRIVE COUPE,SUBCOMPACT,2,4,I,AS8,Z,10.3,6.7,8.7,32,200
2015,BMW,320i SEDAN,COMPACT,2,4,I,AS8,Z,10,6.5,8.4,34,193
2015,BMW,320i SEDAN,COMPACT,2,4,I,M6,Z,10.7,6.9,9,31,207
2015,BMW,320i xDRIVE SEDAN,COMPACT,2,4,I,AS8,Z,10.3,6.7,8.7,32,200
2015,BMW,328d xDRIVE SEDAN,COMPACT,2,4,I,AS8,D,7.6,5.5,6.7,42,181
2015,BMW,328i SEDAN,COMPACT,2,4,I,AS8,Z,10,6.5,8.4,34,193
2015,BMW,328i SEDAN,COMPACT,2,4,I,M6,Z,10.7,6.9,9,31,207
2015,BMW,328i xDRIVE SEDAN,COMPACT,2,4,I,AS8,Z,10.6,7.2,9.1,31,209
2015,BMW,328i xDRIVE GRAN TURISMO,FULL-SIZE,2,4,I,AS8,Z,10.6,7.2,9.1,31,209
2015,BMW,528i SEDAN,MID-SIZE,2,4,I,AS8,Z,10.4,7.1,8.9,32,205
2015,BMW,528i xDRIVE SEDAN,MID-SIZE,2,4,I,AS8,Z,10.6,7.2,9.1,31,209
2015,BMW,740Ld xDRIVE SEDAN,FULL-SIZE,3,6,I,AS8,D,10.2,7.1,8.8,32,238
2015,BMW,740Li xDRIVE SEDAN,FULL-SIZE,3,6,I,AS8,Z,12.1,8.1,10.3,27,237
2015,BMW,750i xDRIVE SEDAN,FULL-SIZE,4.4,8,V,AS8,Z,15.2,9.8,12.8,22,294
2015,BMW,750Li xDRIVE SEDAN,FULL-SIZE,4.4,8,V,AS8,Z,15.2,9.8,12.8,22,294
2015,BMW,X1 xDRIVE28i,SUV - SMALL,2,4,I,AS8,Z,10.6,7.2,9.1,31,209
2015,BMW,X1 xDRIVE35i,SUV - SMALL,3,6,I,AS8,Z,13.2,8.9,11.2,25,258
2015,BMW,X3 xDRIVE28d,SUV - SMALL,2,4,I,AS8,D,8.6,6.9,7.9,36,213
2015,BMW,X3 xDRIVE28i,SUV - SMALL,2,4,I,AS8,Z,11.1,8.4,9.9,29,228
2015,BMW,X3 xDRIVE35i,SUV - SMALL,3,6,I,AS8,Z,12.7,8.8,10.9,26,251
2015,BMW,X5 M,SUV - STANDARD,4.4,8,V,AS8,Z,16.6,12.1,14.6,19,336
2015,BMW,X5 xDRIVE35d,SUV - STANDARD,3,6,I,AS8,D,9.9,7.2,8.7,32,235
2015,BMW,X5 xDRIVE35i,SUV - STANDARD,3,6,I,AS8,Z,13,8.9,11.1,25,255
2015,BMW,X5 xDRIVE50i,SUV - STANDARD,4.4,8,V,AS8,Z,16.1,10.9,13.8,20,317
2015,BMW,X6 M,SUV - STANDARD,4.4,8,V,AS8,Z,16.6,12.1,14.6,19,336
2015,BMW,X6 xDRIVE35i,SUV - STANDARD,3,6,I,AS8,Z,13,8.9,11.1,25,255
2015,BMW,X6 xDRIVE50i,SUV - STANDARD,4.4,8,V,AS8,Z,16.1,10.9,13.8,20,317
2016,BMW,228i,SUBCOMPACT,2,4,I,AS8,Z,9.9,6.5,8.4,34,197
2016,BMW,228i,SUBCOMPACT,2,4,I,M6,Z,10.7,7,9,31,211
2016,BMW,228i xDRIVE,SUBCOMPACT,2,4,I,AS8,Z,10.4,6.8,8.8,32,207
2016,BMW,228i xDRIVE CABRIOLET,SUBCOMPACT,2,4,I,AS8,Z,10.5,6.9,8.9,32,209
2016,BMW,320i,COMPACT,2,4,I,AS8,Z,9.9,6.5,8.4,34,197
2016,BMW,320i,COMPACT,2,4,I,M6,Z,10.7,7,9,31,211
2016,BMW,320i xDRIVE,COMPACT,2,4,I,AS8,Z,10.4,6.8,8.8,32,207
2016,BMW,328d xDRIVE,COMPACT,2,4,I,AS8,D,7.7,5.7,6.8,42,183
2016,BMW,328i xDRIVE,COMPACT,2,4,I,AS8,Z,10.5,6.9,8.9,32,209
2016,BMW,328i xDRIVE GRAN TURISMO,FULL-SIZE,2,4,I,AS8,Z,10.5,6.9,8.9,32,209
2016,BMW,528i xDRIVE,MID-SIZE,2,4,I,AS8,Z,10.5,6.9,8.9,32,209
2016,BMW,750i xDRIVE,FULL-SIZE,4.4,8,V,AS8,Z,14.3,9.3,12.1,23,283
2016,BMW,750Li xDRIVE,FULL-SIZE,4.4,8,V,AS8,Z,14.3,9.3,12.1,23,283
2016,BMW,M5,MID-SIZE,4.4,8,V,AM7,Z,17.3,11.5,14.7,19,344
2016,BMW,M5,MID-SIZE,4.4,8,V,M6,Z,16.1,10.9,13.7,21,321
2016,BMW,X1 xDRIVE28i,SUV - SMALL,2,4,I,AS8,Z,10.7,7.4,9.2,31,215
2016,BMW,X3 xDRIVE28d,SUV - SMALL,2,4,I,AS8,D,8.6,6.9,7.9,36,211
2016,BMW,X3 xDRIVE28i,SUV - SMALL,2,4,I,AS8,Z,11.1,8.4,9.9,29,231
2016,BMW,X3 xDRIVE35i,SUV - SMALL,3,6,I,AS8,Z,12.7,8.8,10.9,26,257
2016,BMW,X5 M,SUV - STANDARD,4.4,8,V,AS8,Z,16.6,12.1,14.6,19,343
2016,BMW,X5 xDRIVE35d,SUV - STANDARD,3,6,I,AS8,D,10,7.6,8.9,32,233
2016,BMW,X5 xDRIVE35i,SUV - STANDARD,3,6,I,AS8,Z,13,9.7,11.5,25,269
2016,BMW,X5 xDRIVE50i,SUV - STANDARD,4.4,8,V,AS8,Z,15.7,11.4,13.8,20,322
2016,BMW,X6 M,SUV - STANDARD,4.4,8,V,AS8,Z,16.6,12.1,14.6,19,343
2016,BMW,X6 xDRIVE35i,SUV - STANDARD,3,6,I,AS8,Z,13,9.7,11.5,25,269
2016,BMW,X6 xDRIVE50i,SUV - STANDARD,4.4,8,V,AS8,Z,15.7,11.4,13.8,20,322
2017,BMW,230i CABRIOLET,SUBCOMPACT,2,4,I,AS8,Z,10,7.2,8.7,32,207
2017,BMW,230i COUPE,SUBCOMPACT,2,4,I,AS8,Z,9.8,6.8,8.4,34,197
2017,BMW,230i COUPE,SUBCOMPACT,2,4,I,M6,Z,11.1,7.3,9.4,30,219
2017,BMW,230i xDRIVE CABRIOLET,SUBCOMPACT,2,4,I,AS8,Z,10.5,7.4,9.1,31,213
2017,BMW,230i xDRIVE COUPE,SUBCOMPACT,2,4,I,AS8,Z,10.2,7.4,9,31,210
2017,BMW,320i,COMPACT,2,4,I,AS8,Z,10,6.5,8.4,34,200
2017,BMW,320i,COMPACT,2,4,I,M6,Z,10.2,6.7,8.6,33,202
2017,BMW,320i xDRIVE,COMPACT,2,4,I,AS8,Z,10.3,6.9,8.8,32,206
2017,BMW,328d xDRIVE,COMPACT,2,4,I,AS8,D,7.9,5.9,7,40,189
2017,BMW,530i xDRIVE,MID-SIZE,2,4,I,AS8,Z,10.5,7.4,9.1,31,213
2017,BMW,740Li xDRIVE,FULL-SIZE,3,6,I,AS8,Z,11.9,8.1,10.2,28,238
2017,BMW,750i xDRIVE,FULL-SIZE,4.4,8,V,AS8,Z,13.8,9.1,11.7,24,273
2017,BMW,750Li xDRIVE,FULL-SIZE,4.4,8,V,AS8,Z,14.7,9.7,12.5,23,292
2017,BMW,X1 xDRIVE28i,SUV - SMALL,2,4,I,AS8,Z,10.5,7.4,9.1,31,213
2017,BMW,X3 xDRIVE28d,SUV - SMALL,2,4,I,AS8,D,8.7,7.1,8,35,211
2017,BMW,X3 xDRIVE28i,SUV - SMALL,2,4,I,AS8,Z,11.1,8.5,10,28,233
2017,BMW,X3 xDRIVE35i,SUV - SMALL,3,6,I,AS8,Z,12.7,9.1,11.1,25,260
2017,BMW,X5 M,SUV - STANDARD,4.4,8,V,AS8,Z,16.6,12.1,14.6,19,341
2017,BMW,X5 xDRIVE35d,SUV - STANDARD,3,6,I,AS8,D,10.3,8,9.3,30,249
2017,BMW,X5 xDRIVE35i,SUV - STANDARD,3,6,I,AS8,Z,13,9.8,11.5,25,270
2017,BMW,X5 xDRIVE50i,SUV - STANDARD,4.4,8,V,AS8,Z,15.6,11.3,13.7,21,320
2017,BMW,X6 M,SUV - STANDARD,4.4,8,V,AS8,Z,16.6,12.1,14.6,19,341
2017,BMW,X6 xDRIVE35i,SUV - STANDARD,3,6,I,AS8,Z,13,9.8,11.5,25,270
2017,BMW,X6 xDRIVE50i,SUV - STANDARD,4.4,8,V,AS8,Z,15.6,11.3,13.7,21,320
2018,BMW,230i xDrive Cabriolet,Subcompact,2,4,I,AS8,Z,10.2,7.2,8.9,32,208
2018,BMW,230i Coupe,Subcompact,2,4,I,AS8,Z,9.8,6.8,8.4,34,197
2018,BMW,230i Coupe,Subcompact,2,4,I,M6,Z,11.1,7.3,9.4,30,219
2018,BMW,230i xDrive Coupe,Subcompact,2,4,I,AS8,Z,9.9,7.1,8.6,33,202
2018,BMW,328d xDrive,Compact,2,4,I,AS8,D,7.8,5.9,7,40,184
2018,BMW,530i xDrive,Mid-size,2,4,I,AS8,Z,10.2,7.2,8.9,32,208
2018,BMW,750i xDrive,Full-size,4.4,8,V,AS8,Z,14.7,9.6,12.4,23,292
2018,BMW,750i xDrive SWB,Full-size,4.4,8,V,AS8,Z,14.3,9.4,12.1,23,283
2018,BMW,X1 xDrive28i,SUV: Small,2,4,I,AS8,Z,10.7,7.5,9.3,30,217
2018,BMW,X2 xDrive28i,SUV: Small,2,4,I,AS8,Z,11,7.7,9.5,30,222
2018,BMW,X3 xDrive30i,SUV: Small,2,4,I,AS8,Z,10.8,8,9.5,30,223
2018,BMW,X3 M40i,SUV: Small,3,6,I,AS8,Z,11.7,8.6,10.3,27,241
2018,BMW,X5 xDrive35d,SUV: Standard,3,6,I,AS8,D,10.3,8,9.3,30,246
2018,BMW,X5 xDrive35i,SUV: Standard,3,6,I,AS8,Z,13,9.8,11.5,25,270
2018,BMW,X5 xDrive50i,SUV: Standard,4.4,8,V,AS8,Z,15.4,11.2,13.5,21,317
2018,BMW,X5 M,SUV: Standard,4.4,8,V,AS8,Z,16.6,12.1,14.6,19,341
2018,BMW,X6 xDrive35i,SUV: Standard,3,6,I,AS8,Z,13,9.8,11.5,25,270
2018,BMW,X6 xDrive50i,SUV: Standard,4.4,8,V,AS8,Z,15.4,11.2,13.5,21,317
2018,BMW,X6 M,SUV: Standard,4.4,8,V,AS8,Z,16.6,12.1,14.6,19,341
2019,BMW,230i xDrive Cabriolet,Subcompact,2,4,I,AS8,Z,10.2,7.2,8.8,32,207
2019,BMW,230i Coupe,Subcompact,2,4,I,AS8,Z,9.8,6.8,8.5,33,198
2019,BMW,230i Coupe,Subcompact,2,4,I,M6,Z,11.1,7.3,9.4,30,219
2019,BMW,230i xDrive Coupe,Subcompact,2,4,I,AS8,Z,9.9,7.1,8.6,33,202
2019,BMW,530i xDrive,Mid-size,2,4,I,AS8,Z,10.2,7.2,8.8,32,207
2019,BMW,750i xDrive,Full-size,4.4,8,V,AS8,Z,13.3,9.2,11.5,25,269
2019,BMW,750Li xDrive,Full-size,4.4,8,V,AS8,Z,14,9.6,12,24,282
2019,BMW,M5,Mid-size,4.4,8,V,AS8,Z,16,11.2,13.9,20,324
2019,BMW,X1 xDrive28i,SUV: Small,2,4,I,AS8,Z,10.7,7.5,9.3,30,217
2019,BMW,X2 xDrive28i,SUV: Small,2,4,I,AS8,Z,11,7.7,9.5,30,222
2019,BMW,X2 M35i,SUV: Small,2,4,I,AS8,Z,10.3,8,9.3,30,217
2019,BMW,X3 xDrive30i,SUV: Small,2,4,I,AS8,Z,10.8,8,9.6,29,223
2019,BMW,X3 M40i,SUV: Small,3,6,I,AS8,Z,11.9,8.7,10.4,27,245
2019,BMW,X5 xDrive40i,SUV: Standard,3,6,I,AS8,Z,11.7,9.1,10.5,27,245
2019,BMW,X5 xDrive50i,SUV: Standard,4.4,8,V,AS8,Z,15.3,11.1,13.4,21,314
2019,BMW,X6 xDrive35i,SUV: Standard,3,6,I,AS8,Z,13,9.9,11.6,24,272
2019,BMW,X6 xDrive50i,SUV: Standard,4.4,8,V,AS8,Z,14.3,10.6,12.6,22,294
2019,BMW,X6 M,SUV: Standard,4.4,8,V,AS8,Z,16.6,12.1,14.6,19,341
2019,BMW,X7 xDrive40i,SUV: Standard,3,6,I,AS8,Z,12,9.4,10.8,26,254
2019,BMW,X7 xDrive50i,SUV: Standard,4.4,8,V,AS8,Z,14.3,10.6,12.6,22,294
2020,BMW,228i xDrive Gran Coupe,Compact,2,4,I,AS8,Z,10.2,7.2,8.8,32,205
2020,BMW,230i Cabriolet,Subcompact,2,4,I,AS8,Z,10.1,7,8.7,32,204
2020,BMW,230i xDrive Cabriolet,Subcompact,2,4,I,AS8,Z,10.9,7.5,9.4,30,219
2020,BMW,230i Coupe,Subcompact,2,4,I,AS8,Z,9.5,7.4,8.5,33,200
2020,BMW,230i Coupe,Subcompact,2,4,I,M6,Z,11.1,7.3,9.4,30,219
2020,BMW,230i xDrive Coupe,Subcompact,2,4,I,AS8,Z,10.9,7.5,9.4,30,219
2020,BMW,530i xDrive Sedan,Mid-size,2,4,I,AS8,Z,9.9,7.5,8.8,32,206
2020,BMW,750i xDrive Sedan,Full-size,4.4,8,V,AS8,Z,14.5,9.9,12.4,23,290
2020,BMW,750Li xDrive Sedan,Full-size,4.4,8,V,AS8,Z,14.5,9.9,12.4,23,290
2020,BMW,X1 xDrive28i,SUV: Small,2,4,I,AS8,Z,10.3,7.7,9.1,31,213
2020,BMW,X2 xDrive28i,SUV: Small,2,4,I,AS8,Z,9.9,7.6,8.8,32,207
2020,BMW,X2 M35i,SUV: Small,2,4,I,AS8,Z,10,7.8,9,31,210
2020,BMW,X3 xDrive30i,SUV: Small,2,4,I,AS8,Z,10,8.2,9.2,31,215
2020,BMW,X3 M,SUV: Small,3,6,I,AS8,Z,16.6,12.1,14.6,19,339
2020,BMW,X3 M Competition,SUV: Small,3,6,I,AS8,Z,16.6,12.1,14.6,19,339
2020,BMW,X3 M40i,SUV: Small,3,6,I,AS8,Z,11.3,8.7,10.1,28,235
2020,BMW,X5 xDrive40i,SUV: Standard,3,6,I,AS8,Z,11.7,9.1,10.5,27,245
2020,BMW,X5 xDrive50i,SUV: Standard,4.4,8,V,AS8,Z,14.5,10.7,12.8,22,302
2020,BMW,X5 M,SUV: Standard,4.4,8,V,AS8,Z,17.8,12.9,15.6,18,362
2020,BMW,X5 M Competition,SUV: Standard,4.4,8,V,AS8,Z,17.8,12.9,15.6,18,362
2020,BMW,X5 M50i,SUV: Standard,4.4,8,V,AS8,Z,14.5,10.7,12.8,22,302
2020,BMW,X6 xDrive40i,SUV: Standard,3,6,I,AS8,Z,11.7,9.1,10.5,27,245
2020,BMW,X6 M,SUV: Standard,4.4,8,V,AS8,Z,17.8,12.9,15.6,18,362
2020,BMW,X6 M Competition,SUV: Standard,4.4,8,V,AS8,Z,17.8,12.9,15.6,18,362
2020,BMW,X6 M50i,SUV: Standard,4.4,8,V,AS8,Z,14.5,10.7,12.8,22,302
2020,BMW,X7 xDrive40i,SUV: Standard,3,6,I,AS8,Z,12,9.4,10.8,26,254
2020,BMW,X7 xDrive50i,SUV: Standard,4.4,8,V,AS8,Z,15.5,11.4,13.6,21,318
2020,BMW,X7 M50i,SUV: Standard,4.4,8,V,AS8,Z,15.5,11.4,13.6,21,318
2021,BMW,228i xDrive Gran Coupe,Compact,2,4,I,AS8,Z,10.2,7.2,8.8,32,206
2021,BMW,230i xDrive Cabriolet,Subcompact,2,4,I,AS8,Z,11.2,7.7,9.6,29,225
2021,BMW,230i xDrive Coupe,Subcompact,2,4,I,AS8,Z,11.2,7.7,9.6,29,225
2021,BMW,530i xDrive Sedan,Mid-size,2,4,I,AS8,Z,10.1,7.5,8.9,32,206
2021,BMW,750i xDrive Sedan,Full-size,4.4,8,V,AS8,Z,14,9.7,12,24,281
2021,BMW,750Li xDrive Sedan,Full-size,4.4,8,V,AS8,Z,14,9.7,12,24,281
2021,BMW,X1 xDrive28i,SUV: Small,2,4,I,AS8,Z,10.3,7.7,9.1,31,213
2021,BMW,X2 xDrive28i,SUV: Small,2,4,I,AS8,Z,9.8,7.5,8.8,32,205
2021,BMW,X2 M35i,SUV: Small,2,4,I,AS8,Z,10,7.7,8.9,32,209
2021,BMW,X3 xDrive30i,SUV: Small,2,4,I,AS8,Z,10.2,8.2,9.3,30,217
2021,BMW,X3 M,SUV: Small,3,6,I,AS8,Z,16.6,12.1,14.6,19,339
2021,BMW,X3 M Competition,SUV: Small,3,6,I,AS8,Z,16.6,12.1,14.6,19,339
2021,BMW,X3 M40i,SUV: Small,3,6,I,AS8,Z,11.3,8.7,10.1,28,235
2021,BMW,X5 xDrive40i,SUV: Standard,3,6,I,AS8,Z,11.4,9.2,10.4,27,242
2021,BMW,X5 M,SUV: Standard,4.4,8,V,AS8,Z,17.9,13,15.7,18,364
2021,BMW,X5 M Competition,SUV: Standard,4.4,8,V,AS8,Z,17.9,13,15.7,18,364
2021,BMW,X5 M50i,SUV: Standard,4.4,8,V,AS8,Z,14.4,10.6,12.7,22,302
2021,BMW,X6 xDrive40i,SUV: Standard,3,6,I,AS8,Z,11.4,9.2,10.4,27,242
2021,BMW,X6 M,SUV: Standard,4.4,8,V,AS8,Z,17.9,13,15.7,18,364
2021,BMW,X6 M Competition,SUV: Standard,4.4,8,V,AS8,Z,17.9,13,15.7,18,364
2021,BMW,X6 M50i,SUV: Standard,4.4,8,V,AS8,Z,14.4,10.6,12.7,22,302
2021,BMW,X7 xDrive40i,SUV: Standard,3,6,I,AS8,Z,12.1,9.8,11.1,25,256
2021,BMW,X7 M50i,SUV: Standard,4.4,8,V,AS8,Z,15.7,11.5,13.8,20,321
2022,BMW,530i xDrive Sedan,Mid-size,2,4,I,AS8,Z,10.1,7.4,8.9,32,206
2022,BMW,750i xDrive Sedan,Full-size,4.4,8,V,AS8,Z,13.9,9.6,12,24,279
2022,BMW,750Li xDrive Sedan,Full-size,4.4,8,V,AS8,Z,13.9,9.6,12,24,279
2022,BMW,X1 xDrive28i,SUV: Small,2,4,I,AS8,Z,10.3,7.7,9.1,31,213
2022,BMW,X2 xDrive28i,SUV: Small,2,4,I,AS8,Z,9.9,7.6,8.8,32,207
2022,BMW,X2 M35i,SUV: Small,2,4,I,AS8,Z,9.9,7.6,8.9,32,207
2022,BMW,X3 xDrive30i,SUV: Small,2,4,I,AS8,Z,11,8.5,9.9,29,230
2022,BMW,X3 M,SUV: Small,3,6,I,AS8,Z,15.7,11.7,13.9,20,323
2022,BMW,X3 M Competition,SUV: Small,3,6,I,AS8,Z,15.7,11.7,13.9,20,323
2022,BMW,X3 M40i,SUV: Small,3,6,I,AS8,Z,11.2,9.1,10.3,27,241
2022,BMW,X5 xDrive40i,SUV: Standard,3,6,I,AS8,Z,11.3,9.2,10.4,27,241
2022,BMW,X5 M,SUV: Standard,4.4,8,V,AS8,Z,17.9,13,15.7,18,364
2022,BMW,X5 M Competition,SUV: Standard,4.4,8,V,AS8,Z,17.9,13,15.7,18,364
2022,BMW,X5 M50i,SUV: Standard,4.4,8,V,AS8,Z,14.4,10.6,12.7,22,302
2022,BMW,X6 xDrive40i,SUV: Standard,3,6,I,AS8,Z,11.3,9.2,10.4,27,241
2022,BMW,X6 M,SUV: Standard,4.4,8,V,AS8,Z,17.9,13,15.7,18,364
2022,BMW,X6 M Competition,SUV: Standard,4.4,8,V,AS8,Z,17.9,13,15.7,18,364
2022,BMW,X6 M50i,SUV: Standard,4.4,8,V,AS8,Z,14.4,10.6,12.7,22,302
2022,BMW,X7 xDrive40i,SUV: Standard,3,6,I,AS8,Z,12.1,9.8,11.1,25,256
2022,BMW,X7 M50i,SUV: Standard,4.4,8,V,AS8,Z,15.7,11.5,13.8,20,321
2000,MERCEDES-BENZ,M-CLASS (W163 - Ref),SUV,3.2,6,I,A5,Z,14,9.5,12,24,276
2000,MERCEDES-BENZ,M-CLASS ML 320 (W163),SUV,3.2,6,I,A5,Z,14.5,10,12.5,23,288
2000,MERCEDES-BENZ,M-CLASS ML 320 (Ref),SUV,3.2,6,I,A5,Z,14.5,10.5,12.5,23,290
2005,MERCEDES-BENZ,M-CLASS (W163 Ref),SUV,3.7,6,I,A5,Z,13.5,9,11.5,25,264
2005,MERCEDES-BENZ,M-CLASS ML 350 (W163),SUV,3.7,6,I,A5,Z,13.5,9.5,11.8,24,276
2005,MERCEDES-BENZ,GL-CLASS (Pre-GL X164 Ref),SUV,4.7,8,V,A5,Z,15.5,11.5,13.5,21,315
2010,MERCEDES-BENZ,GLK 300 (X204),SUV,3,6,I,A7,Z,12,8.5,10.5,27,242
2010,MERCEDES-BENZ,M-CLASS ML 350 (W164),SUV,3.5,6,I,A7,Z,12,8.5,10.4,27,242
2010,MERCEDES-BENZ,GL 350 CDI (X164),SUV,3,6,I,A7,D,12,8,9.8,29,259
2015,MERCEDES-BENZ,GLK 250 (X204),SUV,2,4,I,A7,Z,10.5,7,9,31,207
2015,MERCEDES-BENZ,GLE 250d (W166 - M-Class Ref),SUV,2.1,4,I,A9,D,8.5,6.5,7.6,37,199
2015,MERCEDES-BENZ,GL 350 d (X166),SUV,3,6,I,A7,D,9.5,7,7.7,37,201
2016,MERCEDES-BENZ,GLC 250 (X253),SUV,2,4,I,A9,Z,9.5,6.5,8.2,34,189
2020,MERCEDES-BENZ,GLC 300 (X253 Ref),SUV,2,4,I,A9,Z,8.5,6,7.4,38,170
2020,MERCEDES-BENZ,GLE 450 (V167),SUV,3,6,I,A9,Z,11.5,8,9.9,28,230
2020,MERCEDES-BENZ,GLS 450 (X167 - Mild-Hybrid),SUV,3,6,I,A9,Z,12.5,8.5,10.7,26,247
2023,MERCEDES-BENZ,GLE 300d (V167 Facelift),SUV,2,4,I,A9,D,8,6,7.1,40,185
2023,MERCEDES-BENZ,GLS 350d (X167 Facelift),SUV,3,6,I,A9,D,10,7,7.8,36,205
2025,MERCEDES-BENZ,GLC 300 (New Gen Mild-Hybrid),SUV,2,4,I,A9,Z,7.5,5.5,6.7,42,154
2025,MERCEDES-BENZ,GLE 400e (PHEV),SUV,2,4,I,A9,P/E,3,2.5,2.8,101,65
2025,MERCEDES-BENZ,GLS 450 (Mild-Hybrid Ref),SUV,3,6,I,A9,Z,11.5,8,10.3,27,239
2001,TOYOTA,PRIUS,COMPACT,1.5,4,I,AV,X,4.5,4.7,4.6,61,106
2002,TOYOTA,PRIUS,COMPACT,1.5,4,I,AV,X,4.5,4.7,4.6,61,106
2003,TOYOTA,PRIUS,COMPACT,1.5,4,I,AV,X,4.5,4.7,4.6,61,106
2004,TOYOTA,PRIUS,MID-SIZE,1.5,4,I,AV,X,4,4.2,4.1,69,94
2005,TOYOTA,PRIUS,MID-SIZE,1.5,4,I,AV,X,4,4.2,4.1,69,94
2006,TOYOTA,PRIUS,MID-SIZE,1.5,4,I,AV,X,4,4.2,4.1,69,94
2007,TOYOTA,PRIUS,MID-SIZE,1.5,4,I,AV,X,4,4.2,4.1,69,94
2008,TOYOTA,PRIUS,MID-SIZE,1.5,4,I,AV,X,4,4.2,4.1,69,94
2009,TOYOTA,PRIUS,MID-SIZE,1.5,4,I,AV,X,4,4.2,4.1,69,94
2010,TOYOTA,PRIUS,MID-SIZE,1.8,4,I,AV,X,3.7,4,3.8,74,87
2011,TOYOTA,PRIUS,MID-SIZE,1.8,4,I,AV,X,3.7,4,3.8,74,87
2012,TOYOTA,PRIUS,MID-SIZE,1.8,4,I,AV,X,3.7,4,3.8,74,87
2012,TOYOTA,PRIUS c,COMPACT,1.5,4,I,AV,X,3.5,4,3.7,76,85
2013,TOYOTA,PRIUS,MID-SIZE,1.8,4,I,AV,X,3.7,4,3.8,74,87
2013,TOYOTA,PRIUS c,COMPACT,1.5,4,I,AV,X,3.5,4,3.7,76,85
2014,TOYOTA,PRIUS,MID-SIZE,1.8,4,I,AV,X,3.7,4,3.8,74,87
2014,TOYOTA,PRIUS c,COMPACT,1.5,4,I,AV,X,3.6,4,3.8,74,87
2015,TOYOTA,PRIUS,MID-SIZE,1.8,4,I,AV,X,4.6,4.9,4.7,60,108
2015,TOYOTA,PRIUS c,COMPACT,1.5,4,I,AV,X,4.5,5.1,4.8,59,110
2016,TOYOTA,PRIUS,MID-SIZE,1.8,4,I,AV,X,4.4,4.6,4.5,63,104
2016,TOYOTA,PRIUS c,COMPACT,1.5,4,I,AV,X,4.5,5.1,4.7,60,111
2017,TOYOTA,PRIUS,MID-SIZE,1.8,4,I,AV,X,4.4,4.6,4.5,63,105
2017,TOYOTA,PRIUS c,COMPACT,1.5,4,I,AV,X,4.9,5.5,5.1,55,120
2018,Toyota,Prius,Mid-size,1.8,4,I,AV,X,4.3,4.6,4.5,63,105
2018,Toyota,Prius c,Compact,1.5,4,I,AV,X,4.9,5.5,5.1,55,120
2019,Toyota,Prius,Mid-size,1.8,4,I,AV,X,4.4,4.6,4.4,64,105
2019,Toyota,Prius AWD,Mid-size,1.8,4,I,AV,X,4.5,4.9,4.7,60,109
2019,Toyota,Prius c,Compact,1.5,4,I,AV,X,4.9,5.5,5.1,55,120
2020,Toyota,Prius,Mid-size,1.8,4,I,AV,X,4.4,4.7,4.5,63,106
2020,Toyota,Prius AWD,Mid-size,1.8,4,I,AV,X,4.5,4.9,4.7,60,109
2020,Toyota,Prius c,Compact,1.5,4,I,AV,X,4.9,5.5,5.1,55,120
2021,Toyota,Prius,Mid-size,1.8,4,I,AV,X,4.4,4.7,4.5,63,106
2021,Toyota,Prius AWD,Mid-size,1.8,4,I,AV,X,4.6,5,4.8,59,111
2022,Toyota,Prius,Mid-size,1.8,4,I,AV,X,4.4,4.7,4.5,63,106
2022,Toyota,Prius AWD,Mid-size,1.8,4,I,AV,X,4.6,5,4.8,59,111
2000,HONDA,INSIGHT,SUBCOMPACT,1,3,I,M5,X,3.9,3.2,3.6,78,83
2010,HONDA,INSIGHT,COMPACT,1.3,4,I,AV,X,4.8,4.5,4.7,60,108
2010,HONDA,INSIGHT EX,COMPACT,1.3,4,I,AV,X,5,4.6,4.8,59,110
2011,HONDA,INSIGHT DX/LX,COMPACT,1.3,4,I,AV,X,4.8,4.6,4.7,60,108
2011,HONDA,INSIGHT EX,COMPACT,1.3,4,I,AV,X,4.8,4.6,4.7,60,108
2012,HONDA,INSIGHT LX,COMPACT,1.3,4,I,AV,X,4.7,4.4,4.6,61,106
2013,HONDA,INSIGHT,COMPACT,1.3,4,I,AV,X,4.7,4.4,4.6,61,106
2013,HONDA,INSIGHT EX,COMPACT,1.3,4,I,AV7,X,4.7,4.3,4.5,63,104
2019,Honda,Insight EX,Mid-size,1.5,4,I,AV,X,4.6,5.3,4.9,58,114
2019,Honda,Insight Touring,Mid-size,1.5,4,I,AV,X,4.6,5.3,4.9,58,114
2020,Honda,Insight EX/Touring,Mid-size,1.5,4,I,AV,X,4.6,5.3,4.9,58,115
2021,Honda,Insight EX,Mid-size,1.5,4,I,AV,X,4.6,5.3,4.9,58,115
2021,Honda,Insight Touring,Compact,1.5,4,I,AV,X,4.6,5.3,4.9,58,115
2003,MITSUBISHI,LANCER,COMPACT,2,4,I,A4,X,9.7,7.2,8.6,33,198
2003,MITSUBISHI,LANCER,COMPACT,2,4,I,M5,X,8.9,6.5,7.8,36,179
2004,MITSUBISHI,LANCER,COMPACT,2,4,I,A4,X,9.4,6.9,8.3,34,191
2004,MITSUBISHI,LANCER,COMPACT,2,4,I,M5,X,8.5,6.2,7.5,38,172
2004,MITSUBISHI,LANCER,COMPACT,2.4,4,I,A4,X,10.6,7.8,9.3,30,214
2004,MITSUBISHI,LANCER,COMPACT,2.4,4,I,M5,X,10.1,7.4,8.9,32,205
2005,MITSUBISHI,LANCER,COMPACT,2,4,I,A4,X,9.4,7,8.3,34,191
2005,MITSUBISHI,LANCER,COMPACT,2,4,I,M5,X,8.6,6.3,7.5,38,172
2005,MITSUBISHI,LANCER,COMPACT,2.4,4,I,A4,X,10.5,7.7,9.2,31,212
2005,MITSUBISHI,LANCER,COMPACT,2.4,4,I,M5,X,10.1,7.4,8.9,32,205
2006,MITSUBISHI,LANCER,COMPACT,2,4,I,A4,X,9.4,7,8.3,34,191
2006,MITSUBISHI,LANCER,COMPACT,2,4,I,M5,X,8.7,6.4,7.5,38,172
2006,MITSUBISHI,LANCER,COMPACT,2.4,4,I,A4,X,10.4,7.3,9.2,31,212
2006,MITSUBISHI,LANCER,COMPACT,2.4,4,I,M5,X,10.1,7.4,8.9,32,205
2008,MITSUBISHI,LANCER,COMPACT,2,4,I,AV,X,9.6,6.9,8.4,34,193
2008,MITSUBISHI,LANCER,COMPACT,2,4,I,AV,X,9.5,7,8.4,34,193
2008,MITSUBISHI,LANCER,COMPACT,2,4,I,M5,X,9.7,7,8.2,34,189
2008,MITSUBISHI,LANCER EVOLUTION,COMPACT,2,4,I,AS6,Z,12.2,9.1,10.8,26,248
2008,MITSUBISHI,LANCER EVOLUTION,COMPACT,2,4,I,M5,Z,12.9,9,11.1,25,255
2009,MITSUBISHI,LANCER,COMPACT,2,4,I,AS6,Z,12.2,7.9,10.3,27,237
2009,MITSUBISHI,LANCER,COMPACT,2,4,I,AV,X,9.5,7,8.4,34,193
2009,MITSUBISHI,LANCER,COMPACT,2,4,I,M5,X,9.4,6.7,8.2,34,189
2009,MITSUBISHI,LANCER,COMPACT,2.4,4,I,AV,X,9.9,7.4,8.7,32,200
2009,MITSUBISHI,LANCER,COMPACT,2.4,4,I,M5,X,10.1,7.1,8.7,32,200
2009,MITSUBISHI,LANCER EVOLUTION TURBO,COMPACT,2,4,I,AS6,Z,12.7,8.9,11,26,253
2009,MITSUBISHI,LANCER EVOLUTION TURBO,COMPACT,2,4,I,M5,Z,12.9,9,11.2,25,258
2010,MITSUBISHI,LANCER,COMPACT,2,4,I,AS6,Z,12.2,8,10.3,27,237
2010,MITSUBISHI,LANCER,COMPACT,2,4,I,AV,X,9,6.5,7.9,36,182
2010,MITSUBISHI,LANCER,COMPACT,2,4,I,M5,X,9.4,6.5,8.1,35,186
2010,MITSUBISHI,LANCER,COMPACT,2.4,4,I,AV,X,9.6,7.1,8.5,33,196
2010,MITSUBISHI,LANCER,COMPACT,2.4,4,I,M5,X,10.2,7.3,8.9,32,205
2010,MITSUBISHI,LANCER EVOLUTION,COMPACT,2,4,I,AS6,Z,12.7,8.9,11,26,253
2010,MITSUBISHI,LANCER EVOLUTION,COMPACT,2,4,I,M5,Z,12.9,9,11.2,25,258
2011,MITSUBISHI,LANCER,COMPACT,2,4,I,AS6,Z,11.9,7.9,10.1,28,232
2011,MITSUBISHI,LANCER,COMPACT,2,4,I,AV,X,8,5.9,7,40,161
2011,MITSUBISHI,LANCER,COMPACT,2,4,I,M5,X,8.4,5.9,7.3,39,168
2011,MITSUBISHI,LANCER EVOLUTION,COMPACT,2,4,I,AS6,Z,12.7,9,11,26,253
2011,MITSUBISHI,LANCER EVOLUTION,COMPACT,2,4,I,M5,Z,12.4,8.7,10.7,26,246
2012,MITSUBISHI,LANCER,COMPACT,2,4,I,AS6,Z,11.9,7.9,10.1,28,232
2012,MITSUBISHI,LANCER,COMPACT,2,4,I,AV,X,7.9,5.8,7,40,161
2012,MITSUBISHI,LANCER,COMPACT,2,4,I,M5,X,8.4,5.8,7.2,39,166
2012,MITSUBISHI,LANCER AWD,COMPACT,2.4,4,I,AV,X,9.1,6.8,8.1,35,186
2012,MITSUBISHI,LANCER EVOLUTION,COMPACT,2,4,I,AS6,Z,12.6,8.9,10.9,26,251
2012,MITSUBISHI,LANCER EVOLUTION,COMPACT,2,4,I,M5,Z,12.4,8.7,10.7,26,246
2013,MITSUBISHI,LANCER,COMPACT,2,4,I,AV6,X,7.9,5.8,7,40,161
2013,MITSUBISHI,LANCER,COMPACT,2,4,I,M5,X,8.3,5.7,7.1,40,163
2013,MITSUBISHI,LANCER AWD,COMPACT,2,4,I,AM6,Z,11.9,7.9,10.1,28,232
2013,MITSUBISHI,LANCER AWD,COMPACT,2.4,4,I,AV6,X,9.2,6.9,8.2,34,189
2013,MITSUBISHI,LANCER EVOLUTION,COMPACT,2,4,I,AM6,Z,12.6,8.9,10.9,26,251
2013,MITSUBISHI,LANCER EVOLUTION,COMPACT,2,4,I,M5,Z,12.5,8.7,10.8,26,248
2014,MITSUBISHI,LANCER,COMPACT,2,4,I,AV6,X,7.9,5.8,7,40,161
2014,MITSUBISHI,LANCER,COMPACT,2,4,I,M5,X,8.3,5.7,7.1,40,163
2014,MITSUBISHI,LANCER AWD,COMPACT,2.4,4,I,AV6,X,9.2,6.9,8.2,34,189
2014,MITSUBISHI,LANCER EVOLUTION,COMPACT,2,4,I,AM6,Z,12.6,8.9,10.9,26,251
2014,MITSUBISHI,LANCER EVOLUTION,COMPACT,2,4,I,M5,Z,12.5,8.7,10.8,26,248
2015,MITSUBISHI,LANCER,COMPACT,2,4,I,AV6,X,9.2,6.9,8.2,34,189
2015,MITSUBISHI,LANCER,COMPACT,2,4,I,M5,X,9.6,6.9,8.4,34,193
2015,MITSUBISHI,LANCER AWD,COMPACT,2.4,4,I,AV6,X,10.5,8.2,9.5,30,219
2015,MITSUBISHI,LANCER EVOLUTION,COMPACT,2,4,I,AM6,Z,14.2,10.5,12.5,23,288
2015,MITSUBISHI,LANCER EVOLUTION,COMPACT,2,4,I,M5,Z,14,10.3,12.3,23,283
2016,MITSUBISHI,LANCER,COMPACT,2,4,I,AV6,X,8.6,6.8,7.8,36,181
2016,MITSUBISHI,LANCER,COMPACT,2,4,I,M5,X,9.6,7,8.4,34,198
2016,MITSUBISHI,LANCER,COMPACT,2.4,4,I,AV6,X,9.8,7.6,8.8,32,204
2016,MITSUBISHI,LANCER,COMPACT,2.4,4,I,M5,X,10.5,7.7,9.2,31,217
2016,MITSUBISHI,LANCER 4WD,COMPACT,2.4,4,I,AV6,X,10.2,7.8,9.1,31,210
2017,MITSUBISHI,LANCER,COMPACT,2,4,I,AV6,X,8.7,6.9,7.9,36,183
2017,MITSUBISHI,LANCER,COMPACT,2,4,I,M5,X,9.7,7.1,8.5,33,200
2017,MITSUBISHI,LANCER,COMPACT,2.4,4,I,AV6,X,9.9,7.7,8.9,32,206
2017,MITSUBISHI,LANCER,COMPACT,2.4,4,I,M5,X,10.5,7.8,9.3,30,218
2017,MITSUBISHI,LANCER 4WD,COMPACT,2.4,4,I,AV6,X,10.2,7.9,9.2,31,212
2004,HYUNDAI,ELANTRA GT,COMPACT,2,4,I,M5,X,8.7,6.3,7.6,37,175
2010,HYUNDAI,ELANTRA BLUE,MID-SIZE,2,4,I,M5,X,7.8,5.6,6.8,42,156
2013,HYUNDAI,ELANTRA COUPE,MID-SIZE,1.8,4,I,AS6,X,7.6,5.3,6.5,43,150
2013,HYUNDAI,ELANTRA COUPE,MID-SIZE,1.8,4,I,M6,X,7.2,5.2,6.3,45,145
2013,HYUNDAI,ELANTRA GT,MID-SIZE,1.8,4,I,AS6,X,7.6,5.3,6.6,43,152
2013,HYUNDAI,ELANTRA GT,MID-SIZE,1.8,4,I,M6,X,7.8,5.3,6.7,42,154
2014,HYUNDAI,ELANTRA GT,MID-SIZE,2,4,I,A6,X,8.5,6,7.3,39,168
2014,HYUNDAI,ELANTRA GT,MID-SIZE,2,4,I,M6,X,8.5,5.8,7.3,39,168
2015,HYUNDAI,ELANTRA COUPE,MID-SIZE,2,4,I,AS6,X,9.6,6.8,8.3,34,191
2015,HYUNDAI,ELANTRA COUPE,MID-SIZE,2,4,I,M6,X,9.7,6.7,8.3,34,191
2015,HYUNDAI,ELANTRA GT,MID-SIZE,2,4,I,AS6,X,9.7,7.2,8.6,33,198
2015,HYUNDAI,ELANTRA GT,MID-SIZE,2,4,I,M6,X,9.8,6.9,8.5,33,196
2016,HYUNDAI,ELANTRA GT,MID-SIZE,2,4,I,AS6,X,9.8,7.2,8.6,33,203
2016,HYUNDAI,ELANTRA GT,MID-SIZE,2,4,I,M6,X,9.8,7.1,8.6,33,202
2017,HYUNDAI,ELANTRA GT,MID-SIZE,2,4,I,AS6,X,9.8,7.3,8.7,32,206
2017,HYUNDAI,ELANTRA GT,MID-SIZE,2,4,I,M6,X,9.8,7.2,8.7,32,204
2018,Hyundai,Elantra GT,Full-size,1.6,4,I,AM7,X,9.2,7.1,8.3,34,194
2018,Hyundai,Elantra GT,Full-size,1.6,4,I,M6,X,10.7,8.1,9.6,29,226
2018,Hyundai,Elantra GT,Full-size,2,4,I,AS6,X,9.4,7.2,8.4,34,198
2018,Hyundai,Elantra GT,Full-size,2,4,I,M6,X,9.8,7.3,8.7,32,205
2019,Hyundai,Elantra GT,Full-size,1.6,4,I,AM7,X,9.7,7.4,8.6,33,205
2019,Hyundai,Elantra GT,Full-size,1.6,4,I,M6,X,10.3,7.9,9.2,31,218
2019,Hyundai,Elantra GT,Full-size,2,4,I,AS6,X,9.4,7.1,8.4,34,200
2019,Hyundai,Elantra GT,Full-size,2,4,I,M6,X,9.8,7.4,8.7,32,207
2020,Hyundai,Elantra GT,Full-size,1.6,4,I,AM7,X,9.7,7.4,8.6,33,205
2020,Hyundai,Elantra GT,Full-size,1.6,4,I,M6,X,10.3,7.9,9.2,31,218
2020,Hyundai,Elantra GT,Full-size,2,4,I,AS6,X,9.4,7.1,8.4,34,199
2020,Hyundai,Elantra GT,Full-size,2,4,I,M6,X,9.8,7.4,8.7,32,207
2021,Hyundai,Elantra (ISG),Mid-size,2,4,I,AV1,X,7.1,5.5,6.4,44,152
2021,Hyundai,Elantra Hybrid Blue,Mid-size,1.6,4,I,AM6,X,4.5,4.2,4.4,64,103
2022,Hyundai,Elantra (ISG),Mid-size,2,4,I,AV1,X,7.1,5.5,6.4,44,151
2022,Hyundai,Elantra N,Mid-size,2,4,I,AM8,Z,12.1,7.9,10.2,28,241
2022,Hyundai,Elantra N,Mid-size,2,4,I,M6,Z,10.9,7.7,9.4,30,223
2022,Hyundai,Elantra Hybrid Blue,Mid-size,1.6,4,I,AM6,X,4.5,4.2,4.4,64,103
2000,VOLKSWAGEN,JETTA,COMPACT,1.8,4,I,A4,Z,10.7,7.8,9.4,30,216
2000,VOLKSWAGEN,JETTA,COMPACT,1.8,4,I,M5,Z,9.7,7,8.5,33,196
2000,VOLKSWAGEN,JETTA,COMPACT,2,4,I,A4,X,10.5,7.6,9.2,31,212
2000,VOLKSWAGEN,JETTA,COMPACT,2,4,I,M5,X,9.8,7,8.5,33,196
2000,VOLKSWAGEN,JETTA,COMPACT,2.8,6,I,A4,X,12.6,8.4,10.7,26,246
2000,VOLKSWAGEN,JETTA,COMPACT,2.8,6,I,M5,X,12.1,7.7,10.1,28,232
2000,VOLKSWAGEN,JETTA TDI DIESEL,COMPACT,1.9,4,I,A4,D,6.9,4.8,6,47,162
2000,VOLKSWAGEN,JETTA TDI DIESEL,COMPACT,1.9,4,I,M5,D,5.6,4.4,5.1,55,138
2001,VOLKSWAGEN,JETTA,COMPACT,1.8,4,I,A4,Z,10.5,7.7,9.2,31,212
2001,VOLKSWAGEN,JETTA,COMPACT,1.8,4,I,M5,Z,9.6,7,8.4,34,193
2001,VOLKSWAGEN,JETTA,COMPACT,2,4,I,A4,X,10.5,7.6,9.2,31,212
2001,VOLKSWAGEN,JETTA,COMPACT,2,4,I,M5,X,9.8,7,8.5,33,196
2001,VOLKSWAGEN,JETTA,COMPACT,2.8,6,I,A4,X,12.4,8.4,10.6,27,244
2001,VOLKSWAGEN,JETTA,COMPACT,2.8,6,I,M5,X,12.1,7.7,10.1,28,232
2001,VOLKSWAGEN,JETTA TDI DIESEL,COMPACT,1.9,4,I,A4,D,6.9,4.9,6,47,162
2001,VOLKSWAGEN,JETTA TDI DIESEL,COMPACT,1.9,4,I,M5,D,5.7,4.4,5.1,55,138
2002,VOLKSWAGEN,JETTA,COMPACT,1.8,4,I,A5,Z,10.8,7.4,9.3,30,214
2002,VOLKSWAGEN,JETTA,COMPACT,1.8,4,I,M5,Z,9.9,6.9,8.6,33,198
2002,VOLKSWAGEN,JETTA,COMPACT,2,4,I,A4,X,10.3,7.4,9,31,207
2002,VOLKSWAGEN,JETTA,COMPACT,2,4,I,M5,X,9.6,6.9,8.4,34,193
2002,VOLKSWAGEN,JETTA,COMPACT,2.8,6,I,A4,X,12.4,8.4,10.6,27,244
2002,VOLKSWAGEN,JETTA,COMPACT,2.8,6,I,M5,X,12.1,7.7,10.1,28,232
2002,VOLKSWAGEN,JETTA TDI DIESEL,COMPACT,1.9,4,I,A4,D,6.9,4.9,6,47,162
2002,VOLKSWAGEN,JETTA TDI DIESEL,COMPACT,1.9,4,I,M5,D,5.6,4.4,5.1,55,138
2003,VOLKSWAGEN,JETTA,COMPACT,1.8,4,I,AS5,Z,10.8,7.4,9.3,30,214
2003,VOLKSWAGEN,JETTA,COMPACT,1.8,4,I,M5,Z,9.9,6.9,8.6,33,198
2003,VOLKSWAGEN,JETTA,COMPACT,2,4,I,A4,X,10.1,7.4,8.9,32,205
2003,VOLKSWAGEN,JETTA,COMPACT,2,4,I,M5,X,9.7,6.8,8.4,34,193
2003,VOLKSWAGEN,JETTA,COMPACT,2.8,6,I,AS5,Z,11.1,7,9.3,30,214
2003,VOLKSWAGEN,JETTA,COMPACT,2.8,6,I,M6,Z,11.1,7.3,9.4,30,216
2003,VOLKSWAGEN,JETTA TDI DIESEL,COMPACT,1.9,4,I,A4,D,6.9,4.8,6,47,162
2003,VOLKSWAGEN,JETTA TDI DIESEL,COMPACT,1.9,4,I,M5,D,5.6,4.4,5.1,55,138
2004,VOLKSWAGEN,JETTA,COMPACT,1.8,4,I,AS5,Z,10.8,7.4,9.3,30,214
2004,VOLKSWAGEN,JETTA,COMPACT,1.8,4,I,M5,Z,9.9,6.9,8.6,33,198
2004,VOLKSWAGEN,JETTA,COMPACT,2,4,I,A4,X,9.6,7.2,8.5,33,196
2004,VOLKSWAGEN,JETTA,COMPACT,2,4,I,M5,X,9.8,7,8.5,33,196
2004,VOLKSWAGEN,JETTA,COMPACT,2.8,6,I,M6,Z,11.1,7.3,9.4,30,216
2004,VOLKSWAGEN,JETTA TDI DIESEL,COMPACT,1.9,4,I,AS5,D,7.1,4.9,6.1,46,165
2004,VOLKSWAGEN,JETTA TDI DIESEL,COMPACT,1.9,4,I,M5,D,6.2,4.6,5.5,51,148
2005,VOLKSWAGEN,JETTA,COMPACT,1.8,4,I,AS5,Z,10.8,7.4,9.3,30,214
2005,VOLKSWAGEN,JETTA,COMPACT,1.8,4,I,M5,Z,9.9,6.9,8.5,33,196
2005,VOLKSWAGEN,JETTA,COMPACT,2,4,I,A4,X,9.6,7.2,8.6,33,198
2005,VOLKSWAGEN,JETTA,COMPACT,2,4,I,M5,X,9.8,7.1,8.6,33,198
2005,VOLKSWAGEN,JETTA,COMPACT,2.8,6,I,M6,Z,11,7.3,9.4,30,216
2005,VOLKSWAGEN,JETTA TDI DIESEL,COMPACT,1.9,4,I,AS5,D,7.3,5,6.3,45,170
2005,VOLKSWAGEN,JETTA TDI DIESEL,COMPACT,1.9,4,I,M5,D,6.2,4.6,5.5,51,148
2006,VOLKSWAGEN,JETTA,COMPACT,2,4,I,AS6,Z,9.4,6.9,8.3,34,191
2006,VOLKSWAGEN,JETTA,COMPACT,2,4,I,M6,Z,10,6.9,8.6,33,198
2006,VOLKSWAGEN,JETTA,COMPACT,2.5,5,I,AS6,X,10.8,7.2,9.2,31,212
2006,VOLKSWAGEN,JETTA,COMPACT,2.5,5,I,M5,X,10.8,7.2,9.2,31,212
2006,VOLKSWAGEN,JETTA TDI DIESEL,COMPACT,1.9,4,I,AS6,D,6.8,5.1,6,47,162
2006,VOLKSWAGEN,JETTA TDI DIESEL,COMPACT,1.9,4,I,M5,D,6.6,5.2,5.9,48,159
2007,VOLKSWAGEN,JETTA,COMPACT,2,4,I,AS6,Z,9.3,6.9,8.2,34,189
2007,VOLKSWAGEN,JETTA,COMPACT,2,4,I,M6,Z,10.1,6.8,8.6,33,198
2007,VOLKSWAGEN,JETTA,COMPACT,2.5,5,I,AS6,X,11,7.2,9.2,31,212
2007,VOLKSWAGEN,JETTA,COMPACT,2.5,5,I,M5,X,10.7,7.2,9.1,31,209
2008,VOLKSWAGEN,JETTA,COMPACT,2,4,I,AS6,Z,9.3,6.9,8.2,34,189
2008,VOLKSWAGEN,JETTA,COMPACT,2,4,I,M6,Z,10.1,6.8,8.6,33,198
2008,VOLKSWAGEN,JETTA,COMPACT,2.5,5,I,AS6,X,10.6,7,9,31,207
2008,VOLKSWAGEN,JETTA,COMPACT,2.5,5,I,M5,X,10.8,6.9,9,31,207
2009,VOLKSWAGEN,JETTA,COMPACT,2,4,I,AS6,Z,9,6.8,8.8,32,202
2009,VOLKSWAGEN,JETTA,COMPACT,2,4,I,M6,Z,10,6.6,8.5,33,196
2009,VOLKSWAGEN,JETTA,COMPACT,2.5,5,I,AS6,X,10.5,7.2,9,31,207
2009,VOLKSWAGEN,JETTA,COMPACT,2.5,5,I,M5,X,10.7,7,9,31,207
2010,VOLKSWAGEN,JETTA,COMPACT,2,4,I,AS6,Z,8.7,6.3,7.6,37,175
2010,VOLKSWAGEN,JETTA,COMPACT,2,4,I,M6,Z,10,6.6,8.5,33,196
2010,VOLKSWAGEN,JETTA,COMPACT,2.5,5,I,AS6,X,9.3,6.9,8.2,34,189
2010,VOLKSWAGEN,JETTA,COMPACT,2.5,5,I,M5,X,10.4,7,8.9,32,205
2011,VOLKSWAGEN,JETTA,COMPACT,2,4,I,AS6,X,9.3,6.7,8.1,35,186
2011,VOLKSWAGEN,JETTA,COMPACT,2,4,I,M5,X,9.1,6,7.7,37,177
2011,VOLKSWAGEN,JETTA,COMPACT,2.5,5,I,AS6,X,9.1,6.5,7.9,36,182
2011,VOLKSWAGEN,JETTA,COMPACT,2.5,5,I,M5,X,9.9,6.2,8.2,34,189
2012,VOLKSWAGEN,JETTA,COMPACT,2,4,I,AS6,Z,8.8,6.1,7.6,37,175
2012,VOLKSWAGEN,JETTA,COMPACT,2,4,I,AS6,X,9.3,6.7,8.1,35,186
2012,VOLKSWAGEN,JETTA,COMPACT,2,4,I,M5,X,9.1,6,7.7,37,177
2012,VOLKSWAGEN,JETTA,COMPACT,2,4,I,M6,Z,9.8,6.2,8.2,34,189
2012,VOLKSWAGEN,JETTA,COMPACT,2.5,5,I,AS6,X,9.1,6.5,7.9,36,182
2012,VOLKSWAGEN,JETTA,COMPACT,2.5,5,I,M5,X,9.9,6.2,8.2,34,189
2013,VOLKSWAGEN,JETTA,COMPACT,2,4,I,AS6,Z,8.8,6.1,7.6,37,175
2013,VOLKSWAGEN,JETTA,COMPACT,2,4,I,AS6,X,9.3,6.7,8.1,35,186
2013,VOLKSWAGEN,JETTA,COMPACT,2,4,I,M5,X,9.1,6,7.7,37,177
2013,VOLKSWAGEN,JETTA,COMPACT,2,4,I,M6,Z,9.8,6.2,8.2,34,189
2013,VOLKSWAGEN,JETTA,COMPACT,2.5,5,I,AS6,X,9.1,6.5,8,35,184
2013,VOLKSWAGEN,JETTA,COMPACT,2.5,5,I,M5,X,9.9,6.2,8.2,34,189
2013,VOLKSWAGEN,JETTA TURBO HYBRID,COMPACT,1.4,4,I,AM7,Z,4.5,4.2,4.4,64,101
2014,VOLKSWAGEN,JETTA,COMPACT,1.8,4,I,A6,X,8.2,5.6,7.1,40,163
2014,VOLKSWAGEN,JETTA,COMPACT,1.8,4,I,M5,X,8.1,5.6,7,40,161
2014,VOLKSWAGEN,JETTA,COMPACT,2,4,I,A6,X,9.3,6.7,8.1,35,186
2014,VOLKSWAGEN,JETTA,COMPACT,2,4,I,M5,X,9.1,6,7.7,37,177
2014,VOLKSWAGEN,JETTA GLI,COMPACT,2,4,I,A6,Z,8.9,6.2,7.7,37,177
2014,VOLKSWAGEN,JETTA GLI,COMPACT,2,4,I,M6,Z,9.3,6.1,7.9,36,182
2014,VOLKSWAGEN,JETTA TURBO HYBRID,COMPACT,1.4,4,I,AM7,Z,4.5,4.2,4.4,64,101
2015,VOLKSWAGEN,JETTA,COMPACT,1.8,4,I,AS6,X,9.3,6.3,7.9,36,182
2015,VOLKSWAGEN,JETTA,COMPACT,1.8,4,I,M5,X,9.3,6.3,8,35,184
2015,VOLKSWAGEN,JETTA,COMPACT,2,4,I,AS6,X,10.4,7,8.9,32,205
2015,VOLKSWAGEN,JETTA,COMPACT,2,4,I,M5,X,9.5,6.9,8.4,34,193
2015,VOLKSWAGEN,JETTA TDI (modified),COMPACT,2,4,I,AM6,D,7.6,5.2,6.5,43,175
2015,VOLKSWAGEN,JETTA TDI (modified),COMPACT,2,4,I,M6,D,7.6,5.1,6.5,43,176
2015,VOLKSWAGEN,JETTA GLI,COMPACT,2,4,I,AM6,Z,10,7.3,8.8,32,202
2015,VOLKSWAGEN,JETTA GLI,COMPACT,2,4,I,M6,Z,10.3,7.2,8.9,32,205
2015,VOLKSWAGEN,JETTA HYBRID,COMPACT,1.4,4,I,AM7,Z,5.6,4.9,5.3,53,122
2016,VOLKSWAGEN,JETTA,COMPACT,1.4,4,I,AS6,X,8.5,6,7.3,39,173
2016,VOLKSWAGEN,JETTA,COMPACT,1.4,4,I,M5,X,8.3,5.9,7.2,39,168
2016,VOLKSWAGEN,JETTA,COMPACT,1.8,4,I,AS6,X,9.2,6.4,8,35,186
2016,VOLKSWAGEN,JETTA,COMPACT,1.8,4,I,M5,X,9.4,6.4,8.1,35,189
2016,VOLKSWAGEN,JETTA,COMPACT,2,4,I,AM6,X,9.8,7,8.6,33,201
2016,VOLKSWAGEN,JETTA,COMPACT,2,4,I,M6,X,10.1,7.2,8.8,32,207
2016,VOLKSWAGEN,JETTA HYBRID,COMPACT,1.4,4,I,AM7,Z,5.7,4.9,5.3,53,124
2017,VOLKSWAGEN,JETTA,COMPACT,1.4,4,I,AS6,X,8.5,6.2,7.4,38,175
2017,VOLKSWAGEN,JETTA,COMPACT,1.4,4,I,M5,X,8.3,5.9,7.2,39,168
2017,VOLKSWAGEN,JETTA,COMPACT,1.8,4,I,AM6,X,9.4,6.8,8.2,34,193
2017,VOLKSWAGEN,JETTA,COMPACT,2,4,I,AS6,X,9.8,7.4,8.7,32,205
2017,VOLKSWAGEN,JETTA,COMPACT,2,4,I,M6,X,10.2,7.2,8.9,32,208
2019,Volkswagen,Jetta,Compact,1.4,4,I,AS8,X,7.8,5.9,7,40,162
2019,Volkswagen,Jetta,Compact,1.4,4,I,M6,X,7.9,5.9,7,40,163
2019,Volkswagen,Jetta GLI,Compact,2,4,I,AM7,X,9.3,7.2,8.4,34,196
2019,Volkswagen,Jetta GLI,Compact,2,4,I,M6,X,9.6,7.3,8.5,33,200
2020,Volkswagen,Jetta,Compact,1.4,4,I,AS8,X,7.8,5.9,7,40,162
2020,Volkswagen,Jetta,Compact,1.4,4,I,M6,X,7.9,5.9,7,40,163
2020,Volkswagen,Jetta GLI,Compact,2,4,I,AM7,X,9.3,7.2,8.4,34,196
2020,Volkswagen,Jetta GLI,Compact,2,4,I,M6,X,9.6,7.1,8.5,33,198
2021,Volkswagen,Jetta,Compact,1.4,4,I,AS8,X,8,6,7.1,40,165
2021,Volkswagen,Jetta,Compact,1.4,4,I,M6,X,7.9,5.8,6.9,41,162
2021,Volkswagen,Jetta GLI,Compact,2,4,I,AM7,X,9.7,6.8,8.4,34,195
2021,Volkswagen,Jetta GLI,Compact,2,4,I,M6,X,9.7,7,8.5,33,198
2022,Volkswagen,Jetta,Compact,1.5,4,I,AS8,X,7.7,5.7,6.8,42,159
2022,Volkswagen,Jetta,Compact,1.5,4,I,M6,X,8,5.5,6.9,41,161
2022,Volkswagen,Jetta GLI,Compact,2,4,I,AM7,X,9,6.5,7.9,36,185
2022,Volkswagen,Jetta GLI,Compact,2,4,I,M6,X,9.1,6.4,7.9,36,186
2000,VOLKSWAGEN,GOLF,COMPACT,1.8,4,I,A4,Z,10.7,7.8,9.4,30,216
2000,VOLKSWAGEN,GOLF,COMPACT,1.8,4,I,M5,Z,9.7,7,8.5,33,196
2000,VOLKSWAGEN,GOLF,COMPACT,2,4,I,A4,X,10.5,7.6,9.2,31,212
2000,VOLKSWAGEN,GOLF,COMPACT,2,4,I,M5,X,9.8,7,8.5,33,196
2000,VOLKSWAGEN,GOLF TDI DIESEL,COMPACT,1.9,4,I,A4,D,6.9,4.8,6,47,162
2000,VOLKSWAGEN,GOLF TDI DIESEL,COMPACT,1.9,4,I,M5,D,5.6,4.4,5.1,55,138
2001,VOLKSWAGEN,GOLF,COMPACT,1.8,4,I,A4,Z,10.5,7.7,9.2,31,212
2001,VOLKSWAGEN,GOLF,COMPACT,1.8,4,I,M5,Z,9.6,7,8.4,34,193
2001,VOLKSWAGEN,GOLF,COMPACT,2,4,I,A4,X,10.5,7.6,9.2,31,212
2001,VOLKSWAGEN,GOLF,COMPACT,2,4,I,M5,X,9.8,7,8.5,33,196
2001,VOLKSWAGEN,GOLF TDI DIESEL,COMPACT,1.9,4,I,A4,D,6.9,4.9,6,47,162
2001,VOLKSWAGEN,GOLF TDI DIESEL,COMPACT,1.9,4,I,M5,D,5.7,4.4,5.1,55,138
2002,VOLKSWAGEN,GOLF,COMPACT,2,4,I,A4,X,10.3,7.4,9,31,207
2002,VOLKSWAGEN,GOLF,COMPACT,2,4,I,M5,X,9.6,6.9,8.4,34,193
2002,VOLKSWAGEN,GOLF TDI DIESEL,COMPACT,1.9,4,I,A4,D,6.9,4.9,6,47,162
2002,VOLKSWAGEN,GOLF TDI DIESEL,COMPACT,1.9,4,I,M5,D,5.6,4.4,5.1,55,138
2003,VOLKSWAGEN,GOLF,COMPACT,2,4,I,A4,X,10.1,7.4,8.9,32,205
2003,VOLKSWAGEN,GOLF,COMPACT,2,4,I,M5,X,9.7,6.8,8.4,34,193
2003,VOLKSWAGEN,GOLF TDI DIESEL,COMPACT,1.9,4,I,A4,D,6.9,4.8,6,47,162
2003,VOLKSWAGEN,GOLF TDI DIESEL,COMPACT,1.9,4,I,M5,D,5.6,4.4,5.1,55,138
2004,VOLKSWAGEN,GOLF,COMPACT,2,4,I,A4,X,9.6,7.2,8.5,33,196
2004,VOLKSWAGEN,GOLF,COMPACT,2,4,I,M5,X,9.8,7,8.5,33,196
2004,VOLKSWAGEN,GOLF TDI DIESEL,COMPACT,1.9,4,I,AS5,D,7.1,4.9,6.1,46,165
2004,VOLKSWAGEN,GOLF TDI DIESEL,COMPACT,1.9,4,I,M5,D,6.2,4.6,5.5,51,148
2005,VOLKSWAGEN,GOLF,COMPACT,2,4,I,A4,X,9.6,7.2,8.6,33,198
2005,VOLKSWAGEN,GOLF,COMPACT,2,4,I,M5,X,9.8,7.1,8.6,33,198
2005,VOLKSWAGEN,GOLF TDI DIESEL,COMPACT,1.9,4,I,AS5,D,7.3,5,6.3,45,170
2005,VOLKSWAGEN,GOLF TDI DIESEL,COMPACT,1.9,4,I,M5,D,6.2,4.6,5.5,51,148
2006,VOLKSWAGEN,GOLF,COMPACT,2,4,I,A4,X,9.6,7.2,8.6,33,198
2006,VOLKSWAGEN,GOLF,COMPACT,2,4,I,M5,X,9.8,7.1,8.6,33,198
2006,VOLKSWAGEN,GOLF TDI DIESEL,COMPACT,1.9,4,I,AS5,D,7.5,5.1,6.4,44,173
2006,VOLKSWAGEN,GOLF TDI DIESEL,COMPACT,1.9,4,I,M5,D,6.2,4.6,5.5,51,148
2007,VOLKSWAGEN,CITY GOLF,COMPACT,2,4,I,A4,X,9.6,7.2,8.5,33,196
2007,VOLKSWAGEN,CITY GOLF,COMPACT,2,4,I,M5,X,9.8,7.1,8.6,33,198
2008,VOLKSWAGEN,CITY GOLF,COMPACT,2,4,I,AS6,X,9.9,6.9,8.6,33,198
2008,VOLKSWAGEN,CITY GOLF,COMPACT,2,4,I,M5,X,9.8,7,8.6,33,198
2009,VOLKSWAGEN,CITY GOLF,COMPACT,2,4,I,AS6,X,9.9,6.9,8.6,33,198
2009,VOLKSWAGEN,CITY GOLF,COMPACT,2,4,I,M5,X,9.8,7,8.6,33,198
2010,VOLKSWAGEN,CITY GOLF,COMPACT,2,4,I,AS6,X,9.9,6.9,8.5,33,196
2010,VOLKSWAGEN,CITY GOLF,COMPACT,2,4,I,M5,X,9.8,6.9,8.5,33,196
2010,VOLKSWAGEN,GOLF,COMPACT,2.5,5,I,AS6,X,9.2,6.9,8.2,34,189
2010,VOLKSWAGEN,GOLF,COMPACT,2.5,5,I,M5,X,10.4,7,8.9,32,205
2011,VOLKSWAGEN,GOLF,COMPACT,2.5,5,I,AS6,X,9.1,6.5,8,35,184
2011,VOLKSWAGEN,GOLF,COMPACT,2.5,5,I,M5,X,9.9,6.2,8.2,34,189
2012,VOLKSWAGEN,GOLF,COMPACT,2.5,5,I,AS6,X,9.1,6.5,7.9,36,182
2012,VOLKSWAGEN,GOLF,COMPACT,2.5,5,I,M5,X,9.9,6.2,8.2,34,189
2012,VOLKSWAGEN,GOLF R,COMPACT,2,4,I,M6,Z,10.9,7.5,9.4,30,216
2013,VOLKSWAGEN,GOLF,COMPACT,2.5,5,I,AS6,X,9.1,6.5,8,35,184
2013,VOLKSWAGEN,GOLF,COMPACT,2.5,5,I,M5,X,9.9,6.2,8.2,34,189
2013,VOLKSWAGEN,GOLF R,COMPACT,2,4,I,M6,Z,10.9,7.5,9.4,30,216
2015,VOLKSWAGEN,GOLF,COMPACT,1.8,4,I,AS6,X,9.3,6.5,8.1,35,186
2015,VOLKSWAGEN,GOLF,COMPACT,1.8,4,I,M5,X,9.3,6.4,8,35,184
2015,VOLKSWAGEN,GOLF TDI (modified),COMPACT,2,4,I,AM6,D,7.6,5.5,6.5,43,177
2015,VOLKSWAGEN,GOLF TDI (modified),COMPACT,2,4,I,M6,D,7.8,5.2,6.5,43,178
2015,VOLKSWAGEN,GOLF GTI,COMPACT,2,4,I,AM6,Z,9.5,7.2,8.5,33,196
2015,VOLKSWAGEN,GOLF GTI,COMPACT,2,4,I,M6,Z,9.4,6.9,8.3,34,191
2016,VOLKSWAGEN,GOLF,COMPACT,1.8,4,I,AS6,X,9.3,6.5,8.1,35,189
2016,VOLKSWAGEN,GOLF,COMPACT,1.8,4,I,M5,X,9.3,6.4,8,35,187
2016,VOLKSWAGEN,GOLF GTI,COMPACT,2,4,I,AM6,X,9.5,7.2,8.5,33,198
2016,VOLKSWAGEN,GOLF GTI,COMPACT,2,4,I,M6,X,9.4,6.9,8.3,34,193
2016,VOLKSWAGEN,GOLF R,COMPACT,2,4,I,AM6,Z,10.4,7.9,9.3,30,216
2016,VOLKSWAGEN,GOLF R,COMPACT,2,4,I,M6,Z,10.9,7.7,9.4,30,220
2017,VOLKSWAGEN,GOLF,COMPACT,1.8,4,I,AS6,X,9.4,6.7,8.2,34,192
2017,VOLKSWAGEN,GOLF,COMPACT,1.8,4,I,M5,X,9.3,6.6,8.1,35,190
2017,VOLKSWAGEN,GOLF GTI,COMPACT,2,4,I,AM6,X,9.6,7.2,8.5,33,199
2017,VOLKSWAGEN,GOLF GTI,COMPACT,2,4,I,M6,X,9.7,7,8.5,33,198
2017,VOLKSWAGEN,GOLF R,COMPACT,2,4,I,AM6,Z,10.4,7.9,9.3,30,216
2017,VOLKSWAGEN,GOLF R,COMPACT,2,4,I,M6,Z,10.9,7.7,9.4,30,220
2018,Volkswagen,Golf,Compact,1.8,4,I,AS6,X,9.6,7.2,8.5,33,199
2018,Volkswagen,Golf,Compact,1.8,4,I,M5,X,9.3,6.9,8.2,34,192
2018,Volkswagen,Golf GTI,Compact,2,4,I,AM6,X,9.6,7.3,8.6,33,200
2018,Volkswagen,Golf GTI,Compact,2,4,I,M6,X,9.6,7.2,8.5,33,199
2018,Volkswagen,Golf R,Compact,2,4,I,AM7,Z,10.6,8,9.4,30,220
2018,Volkswagen,Golf R,Compact,2,4,I,M6,Z,11.1,8.1,9.8,29,227
2019,Volkswagen,Golf,Compact,1.4,4,I,AS8,X,8.1,6.4,7.4,38,172
2019,Volkswagen,Golf,Compact,1.4,4,I,M6,X,8.2,6.3,7.4,38,172
2019,Volkswagen,Golf GTI,Compact,2,4,I,AM7,X,9.6,7.5,8.6,33,202
2019,Volkswagen,Golf GTI,Compact,2,4,I,M6,X,9.8,7.3,8.7,32,203
2019,Volkswagen,Golf R,Compact,2,4,I,AM7,Z,10.2,7.9,9.2,31,213
2019,Volkswagen,Golf R,Compact,2,4,I,M6,Z,11.4,8.2,9.9,29,232
2020,Volkswagen,Golf,Compact,1.4,4,I,AS8,X,8.1,6.6,7.4,38,174
2020,Volkswagen,Golf,Compact,1.4,4,I,M6,X,8.4,6.6,7.6,37,177
2020,Volkswagen,Golf GTI,Compact,2,4,I,AM7,X,9.7,7.5,8.7,32,203
2020,Volkswagen,Golf GTI,Compact,2,4,I,M6,X,9.8,7.3,8.7,32,203
2021,Volkswagen,Golf,Compact,1.4,4,I,AS8,X,8.2,6.5,7.5,38,174
2021,Volkswagen,Golf,Compact,1.4,4,I,M6,X,8,6.1,7.1,40,166
2021,Volkswagen,Golf GTI,Compact,2,4,I,AM7,X,9.7,7.3,8.6,33,201
2021,Volkswagen,Golf GTI,Compact,2,4,I,M6,X,10.1,7.9,9.1,31,213
2022,Volkswagen,Golf GTI,Mid-size,2,4,I,AM7,X,9.3,7,8.3,34,194
2022,Volkswagen,Golf GTI,Mid-size,2,4,I,M6,X,9.8,6.9,8.5,33,198
2022,Volkswagen,Golf R,Mid-size,2,4,I,AM7,Z,10.3,7.7,9.1,31,213
2022,Volkswagen,Golf R,Mid-size,2,4,I,M6,Z,11.8,8.3,10.2,28,237
2000,TOYOTA,CAMRY,MID-SIZE,2.2,4,I,A4,X,10.4,7.3,9,31,207
2000,TOYOTA,CAMRY,MID-SIZE,2.2,4,I,M5,X,10,6.8,8.6,33,198
2000,TOYOTA,CAMRY,MID-SIZE,3,6,I,A4,X,11.9,7.9,10.1,28,232
2000,TOYOTA,CAMRY SOLARA,COMPACT,2.2,4,I,A4,X,10.4,7.3,9,31,207
2000,TOYOTA,CAMRY SOLARA,COMPACT,3,6,I,A4,X,11.9,7.9,10.1,28,232
2000,TOYOTA,CAMRY SOLARA,COMPACT,3,6,I,M5,X,11.2,7.6,9.6,29,221
2000,TOYOTA,CAMRY SOLARA CONVERTIBLE,SUBCOMPACT,3,6,I,A4,X,12.5,8.2,10.6,27,244
2001,TOYOTA,CAMRY,MID-SIZE,2.2,4,I,A4,X,10.1,6.8,8.6,33,198
2001,TOYOTA,CAMRY,MID-SIZE,2.2,4,I,M5,X,9.9,6.5,8.4,34,193
2001,TOYOTA,CAMRY,MID-SIZE,3,6,I,A4,X,12,8,10.2,28,235
2001,TOYOTA,CAMRY SOLARA,COMPACT,2.2,4,I,A4,X,10.1,6.8,8.6,33,198
2001,TOYOTA,CAMRY SOLARA,COMPACT,3,6,I,A4,X,12,8,10.2,28,235
2001,TOYOTA,CAMRY SOLARA,COMPACT,3,6,I,M5,X,11.2,7.6,9.6,29,221
2001,TOYOTA,CAMRY SOLARA CONVERTIBLE,SUBCOMPACT,3,6,I,A4,X,12.5,8.4,10.7,26,246
2002,TOYOTA,CAMRY,MID-SIZE,2.4,4,I,A4,X,10.1,6.9,8.7,32,200
2002,TOYOTA,CAMRY,MID-SIZE,2.4,4,I,M5,X,9.8,6.5,8.3,34,191
2002,TOYOTA,CAMRY,MID-SIZE,3,6,I,A4,X,11.6,7.7,9.8,29,225
2002,TOYOTA,CAMRY SOLARA,COMPACT,2.4,4,I,A4,X,10.1,6.9,8.7,32,200
2002,TOYOTA,CAMRY SOLARA,COMPACT,3,6,I,A4,X,11.9,8,10.1,28,232
2002,TOYOTA,CAMRY SOLARA,COMPACT,3,6,I,M5,X,11.3,7.6,9.6,29,221
2002,TOYOTA,CAMRY SOLARA CONVERTIBLE,SUBCOMPACT,3,6,I,A4,X,12.5,8.4,10.7,26,246
2003,TOYOTA,CAMRY,MID-SIZE,2.4,4,I,A4,X,10.2,6.9,8.7,32,200
2003,TOYOTA,CAMRY,MID-SIZE,2.4,4,I,M5,X,9.8,6.5,8.3,34,191
2003,TOYOTA,CAMRY,MID-SIZE,3,6,I,A4,X,11.5,7.6,9.7,29,223
2003,TOYOTA,CAMRY SOLARA,COMPACT,2.4,4,I,A4,X,10.2,6.9,8.7,32,200
2003,TOYOTA,CAMRY SOLARA,COMPACT,3,6,I,A4,X,11.9,8,10.1,28,232
2003,TOYOTA,CAMRY SOLARA CONVERTIBLE,SUBCOMPACT,3,6,I,A4,X,12.5,8.4,10.7,26,246
2004,TOYOTA,CAMRY,MID-SIZE,2.4,4,I,A4,X,10.1,6.7,8.6,33,198
2004,TOYOTA,CAMRY,MID-SIZE,2.4,4,I,M5,X,9.9,6.6,8.4,34,193
2004,TOYOTA,CAMRY,MID-SIZE,3,6,I,A5,X,11.5,7.4,9.7,29,223
2004,TOYOTA,CAMRY,MID-SIZE,3.3,6,I,A5,X,11.6,7.5,9.8,29,225
2004,TOYOTA,CAMRY SOLARA,COMPACT,2.4,4,I,A4,X,10.1,6.7,8.6,33,198
2004,TOYOTA,CAMRY SOLARA,COMPACT,3.3,6,I,AS5,X,11.7,7.4,9.8,29,225
2004,TOYOTA,CAMRY SOLARA CONVERTIBLE,SUBCOMPACT,3.3,6,I,AS5,X,11.5,7.5,9.7,29,223
2005,TOYOTA,CAMRY,MID-SIZE,2.4,4,I,A5,X,10,6.4,8.4,34,193
2005,TOYOTA,CAMRY,MID-SIZE,2.4,4,I,M5,X,9.8,6.5,8.3,34,191
2005,TOYOTA,CAMRY,MID-SIZE,3,6,I,A5,X,11.5,7.5,9.6,29,221
2005,TOYOTA,CAMRY,MID-SIZE,3.3,6,I,A5,X,11.4,7.5,9.6,29,221
2005,TOYOTA,CAMRY SOLARA,COMPACT,2.4,4,I,A4,X,10.3,6.9,8.8,32,202
2005,TOYOTA,CAMRY SOLARA,COMPACT,3.3,6,I,AS5,X,11.5,7.3,9.6,29,221
2005,TOYOTA,CAMRY SOLARA CONVERTIBLE,COMPACT,3.3,6,I,AS5,X,11.6,7.6,9.8,29,225
2006,TOYOTA,CAMRY,MID-SIZE,2.4,4,I,A5,X,10,6.4,8.4,34,193
2006,TOYOTA,CAMRY,MID-SIZE,2.4,4,I,M5,X,9.8,6.5,8.3,34,191
2006,TOYOTA,CAMRY,MID-SIZE,3,6,I,A5,X,11.5,7.4,9.7,29,223
2006,TOYOTA,CAMRY,MID-SIZE,3.3,6,I,A5,X,11.5,7.3,9.6,29,221
2006,TOYOTA,CAMRY SOLARA,COMPACT,2.4,4,I,AS5,X,10,6.5,8.4,34,193
2006,TOYOTA,CAMRY SOLARA,COMPACT,3.3,6,I,AS5,X,11.5,7.3,9.6,29,221
2006,TOYOTA,CAMRY SOLARA CONVERTIBLE,SUBCOMPACT,3.3,6,I,AS5,X,11.6,7.6,9.8,29,225
2007,TOYOTA,CAMRY,MID-SIZE,2.4,4,I,A5,X,9.8,6.5,8.3,34,191
2007,TOYOTA,CAMRY,MID-SIZE,2.4,4,I,M5,X,9.6,6.4,8.2,34,189
2007,TOYOTA,CAMRY,MID-SIZE,3.5,6,I,AS6,X,10.7,7,9,31,207
2007,TOYOTA,CAMRY HYBRID,MID-SIZE,2.4,4,I,AV,X,5.7,5.7,5.7,50,131
2007,TOYOTA,CAMRY SOLARA,COMPACT,2.4,4,I,AS5,X,9.5,6.3,8.1,35,186
2007,TOYOTA,CAMRY SOLARA,COMPACT,3.3,6,I,AS5,X,11.5,7.3,9.6,29,221
2007,TOYOTA,CAMRY SOLARA CONVERTIBLE,COMPACT,3.3,6,I,AS5,X,11.6,7.6,9.8,29,225
2008,TOYOTA,CAMRY,MID-SIZE,2.4,4,I,A5,X,9.5,6.2,8,35,184
2008,TOYOTA,CAMRY,MID-SIZE,2.4,4,I,M5,X,9.6,6.4,8.2,34,189
2008,TOYOTA,CAMRY,MID-SIZE,3.5,6,I,AS6,X,10.7,7,9,31,207
2008,TOYOTA,CAMRY HYBRID,MID-SIZE,2.4,4,I,AV,X,5.7,5.7,5.7,50,131
2008,TOYOTA,CAMRY SOLARA,COMPACT,3.3,6,I,AS5,X,11.5,7.3,9.6,29,221
2008,TOYOTA,CAMRY SOLARA CONVERTIBLE,COMPACT,3.3,6,I,AS5,X,11.6,7.6,9.8,29,225
2009,TOYOTA,CAMRY,MID-SIZE,2.4,4,I,A5,X,9.5,6.2,8,35,184
2009,TOYOTA,CAMRY,MID-SIZE,2.4,4,I,M5,X,9.6,6.4,8.2,34,189
2009,TOYOTA,CAMRY,MID-SIZE,3.5,6,I,AS6,X,10.7,7,9,31,207
2009,TOYOTA,CAMRY HYBRID,MID-SIZE,2.4,4,I,AV,X,5.7,5.7,5.7,50,131
2010,TOYOTA,CAMRY,MID-SIZE,2.5,4,I,AS6,X,9,6.1,7.7,37,177
2010,TOYOTA,CAMRY,MID-SIZE,2.5,4,I,M6,X,9.5,6.1,8,35,184
2010,TOYOTA,CAMRY,MID-SIZE,3.5,6,I,AS6,X,10.7,7,9,31,207
2010,TOYOTA,CAMRY HYBRID,MID-SIZE,2.4,4,I,AV,X,5.7,5.7,5.7,50,131
2011,TOYOTA,CAMRY,MID-SIZE,2.5,4,I,AS6,X,9,6,7.7,37,177
2011,TOYOTA,CAMRY,MID-SIZE,2.5,4,I,M6,X,9.3,5.9,7.8,36,179
2011,TOYOTA,CAMRY,MID-SIZE,3.5,6,I,AS6,X,10.6,6.8,8.9,32,205
2011,TOYOTA,CAMRY HYBRID,MID-SIZE,2.4,4,I,AV,X,5.7,5.7,5.7,50,131
2012,TOYOTA,CAMRY,MID-SIZE,2.5,4,I,AS6,X,8.2,5.6,7,40,161
2012,TOYOTA,CAMRY,MID-SIZE,3.5,6,I,AS6,X,9.7,6.4,8.2,34,189
2012,TOYOTA,CAMRY HYBRID LE,MID-SIZE,2.5,4,I,AV,X,4.5,4.9,4.7,60,108
2012,TOYOTA,CAMRY HYBRID XLE,MID-SIZE,2.5,4,I,AV,X,4.7,5.1,4.9,58,113
2013,TOYOTA,CAMRY,MID-SIZE,2.5,4,I,AS6,X,8.2,5.5,7,40,161
2013,TOYOTA,CAMRY,MID-SIZE,3.5,6,I,AS6,X,9.6,6.3,8.2,34,189
2013,TOYOTA,CAMRY HYBRID LE,MID-SIZE,2.5,4,I,AV,X,4.5,4.9,4.7,60,108
2013,TOYOTA,CAMRY HYBRID XLE,MID-SIZE,2.5,4,I,AV,X,4.7,5.1,4.9,58,113
2014,TOYOTA,CAMRY,MID-SIZE,2.5,4,I,AS6,X,8.2,5.5,7,40,161
2014,TOYOTA,CAMRY,MID-SIZE,3.5,6,I,AS6,X,9.7,6.5,8.3,34,191
2014,TOYOTA,CAMRY HYBRID LE,MID-SIZE,2.5,4,I,AV,X,4.5,4.9,4.7,60,108
2014,TOYOTA,CAMRY HYBRID XLE/SE,MID-SIZE,2.5,4,I,AV,X,4.7,5.1,4.9,58,113
2015,TOYOTA,CAMRY,MID-SIZE,2.5,4,I,AS6,X,9.7,6.9,8.4,34,193
2015,TOYOTA,CAMRY,MID-SIZE,3.5,6,I,AS6,X,11,7.7,9.5,30,218
2015,TOYOTA,CAMRY HYBRID LE,MID-SIZE,2.5,4,I,AV,X,5.5,6,5.7,50,131
2015,TOYOTA,CAMRY HYBRID XLE/SE,MID-SIZE,2.5,4,I,AV,X,5.7,6.1,5.9,48,136
2016,TOYOTA,CAMRY,MID-SIZE,2.5,4,I,AS6,X,9.4,6.7,8.2,34,192
2016,TOYOTA,CAMRY,MID-SIZE,3.5,6,I,AS6,X,11,7.7,9.5,30,222
2016,TOYOTA,CAMRY HYBRID LE,MID-SIZE,2.5,4,I,AV,X,5.5,6,5.7,50,134
2016,TOYOTA,CAMRY HYBRID XLE/SE,MID-SIZE,2.5,4,I,AV,X,5.7,6,5.9,48,137
2017,TOYOTA,CAMRY,MID-SIZE,2.5,4,I,AS6,X,9.8,7.1,8.6,33,199
2017,TOYOTA,CAMRY,MID-SIZE,3.5,6,I,AS6,X,11,7.8,9.6,29,224
2017,TOYOTA,CAMRY HYBRID LE,MID-SIZE,2.5,4,I,AV,X,5.6,6.2,5.9,48,137
2017,TOYOTA,CAMRY HYBRID XLE/SE,MID-SIZE,2.5,4,I,AV,X,5.8,6.3,6,47,141
2018,Toyota,Camry,Mid-size,2.5,4,I,AS8,X,8.1,5.7,6.9,41,164
2018,Toyota,Camry LE/SE,Mid-size,2.5,4,I,AS8,X,8.4,6,7.3,39,172
2018,Toyota,Camry XLE/XSE,Mid-size,2.5,4,I,AS8,X,8.5,6.1,7.4,38,173
2018,Toyota,Camry,Mid-size,3.5,6,I,AS8,X,10.5,7.1,9,31,210
2018,Toyota,Camry XSE,Mid-size,3.5,6,I,AS8,X,10.7,7.4,9.2,31,215
2018,Toyota,Camry Hybrid LE,Mid-size,2.5,4,I,AV6,X,4.9,4.8,4.9,58,113
2018,Toyota,Camry Hybrid XLE/SE,Mid-size,2.5,4,I,AV6,X,5.3,5,5.1,55,121
2019,Toyota,Camry,Mid-size,2.5,4,I,AS8,X,8.1,5.7,6.9,41,164
2019,Toyota,Camry LE/SE,Mid-size,2.5,4,I,AS8,X,8.4,6.1,7.4,38,173
2019,Toyota,Camry XLE/XSE,Mid-size,2.5,4,I,AS8,X,8.5,6.2,7.5,38,175
2019,Toyota,Camry,Mid-size,3.5,6,I,AS8,X,10.5,7.1,9,31,210
2019,Toyota,Camry XSE,Mid-size,3.5,6,I,AS8,X,10.7,7.4,9.2,31,215
2019,Toyota,Camry Hybrid LE,Mid-size,2.5,4,I,AV6,X,4.9,4.8,4.9,58,113
2019,Toyota,Camry Hybrid XLE/SE,Mid-size,2.5,4,I,AV6,X,5.3,5,5.1,55,121
2020,Toyota,Camry,Mid-size,2.5,4,I,AS8,X,8.1,5.7,6.9,41,164
2020,Toyota,Camry LE/SE,Mid-size,2.5,4,I,AS8,X,8.5,6.1,7.4,38,173
2020,Toyota,Camry XLE/XSE,Mid-size,2.5,4,I,AS8,X,8.6,6.3,7.6,37,177
2020,Toyota,Camry,Mid-size,3.5,6,I,AS8,X,10.5,7.1,9,31,210
2020,Toyota,Camry XSE,Mid-size,3.5,6,I,AS8,X,10.7,7.4,9.2,31,215
2020,Toyota,Camry TRD,Mid-size,3.5,6,I,AS8,X,10.8,7.6,9.4,30,220
2020,Toyota,Camry AWD LE/SE,Mid-size,2.5,4,I,AS8,X,9.3,6.8,8.2,34,190
2020,Toyota,Camry AWD XLE/XSE,Mid-size,2.5,4,I,AS8,X,9.5,7,8.4,34,197
2020,Toyota,Camry Hybrid LE,Mid-size,2.5,4,I,AV,X,4.9,4.8,4.9,58,113
2020,Toyota,Camry Hybrid XLE/SE,Mid-size,2.5,4,I,AV,X,5.3,5,5.1,55,121
2021,Toyota,Camry LE/SE,Mid-size,2.5,4,I,AS8,X,8.5,6.1,7.4,38,173
2021,Toyota,Camry XLE/XSE,Mid-size,2.5,4,I,AS8,X,8.6,6.3,7.6,37,177
2021,Toyota,Camry,Mid-size,3.5,6,I,AS8,X,10.5,7.1,9,31,210
2021,Toyota,Camry XSE,Mid-size,3.5,6,I,AS8,X,10.7,7.4,9.2,31,215
2021,Toyota,Camry TRD,Mid-size,3.5,6,I,AS8,X,10.8,7.6,9.4,30,220
2021,Toyota,Camry AWD LE/SE,Mid-size,2.5,4,I,AS8,X,9.3,6.8,8.2,34,190
2021,Toyota,Camry AWD XLE/XSE,Mid-size,2.5,4,I,AS8,X,9.5,7,8.4,34,197
2021,Toyota,Camry Hybrid LE,Mid-size,2.5,4,I,AV,X,4.9,4.8,4.9,58,113
2021,Toyota,Camry Hybrid SE/XLE/XSE,Mid-size,2.5,4,I,AV,X,5.3,5,5.1,55,121
2022,Toyota,Camry LE/SE,Mid-size,2.5,4,I,AS8,X,8.5,6.1,7.4,38,174
2022,Toyota,Camry XSE,Mid-size,2.5,4,I,AS8,X,8.6,6.3,7.6,37,178
2022,Toyota,Camry XSE V6,Mid-size,3.5,6,I,AS8,X,10.7,7.4,9.2,31,215
2022,Toyota,Camry TRD,Mid-size,3.5,6,I,AS8,X,10.8,7.6,9.4,30,220
2022,Toyota,Camry AWD SE,Mid-size,2.5,4,I,AS8,X,9.4,6.8,8.2,34,192
2022,Toyota,Camry AWD XSE,Mid-size,2.5,4,I,AS8,X,9.5,7,8.4,34,195
2022,Toyota,Camry Hybrid LE,Mid-size,2.5,4,I,AV,X,4.9,4.8,4.9,58,113
2022,Toyota,Camry Hybrid SE/XLE/XSE,Mid-size,2.5,4,I,AV,X,5.3,5,5.1,55,121
2000,HONDA,ACCORD,MID-SIZE,3,6,I,A4,X,11.5,7.8,9.8,29,225
2000,HONDA,ACCORD DX,MID-SIZE,2.3,4,I,A4,X,10.8,7.5,9.3,30,214
2000,HONDA,ACCORD DX,MID-SIZE,2.3,4,I,M5,X,10.1,7.2,8.8,32,202
2000,HONDA,ACCORD EX/LX,MID-SIZE,2.3,4,I,A4,X,10.4,7.1,8.9,32,205
2000,HONDA,ACCORD EX/LX,MID-SIZE,2.3,4,I,M5,X,9.4,6.8,8.2,34,189
2001,HONDA,ACCORD,MID-SIZE,2.3,4,I,A4,X,10.4,7.2,9,31,207
2001,HONDA,ACCORD,MID-SIZE,2.3,4,I,M5,X,9.6,6.8,8.3,34,191
2001,HONDA,ACCORD,MID-SIZE,3,6,I,A4,X,11.7,7.6,9.9,29,228
2002,HONDA,ACCORD,MID-SIZE,2.3,4,I,A4,X,10.2,7.1,8.8,32,202
2002,HONDA,ACCORD,MID-SIZE,2.3,4,I,M5,X,9.2,6.8,8.1,35,186
2002,HONDA,ACCORD,MID-SIZE,3,6,I,A4,X,11.6,7.8,9.9,29,228
2003,HONDA,ACCORD,MID-SIZE,2.4,4,I,A5,X,9.6,6.5,8.2,34,189
2003,HONDA,ACCORD,MID-SIZE,2.4,4,I,M5,X,9,6.4,7.8,36,179
2003,HONDA,ACCORD,MID-SIZE,3,6,I,A5,X,11.2,7.3,9.4,30,216
2003,HONDA,ACCORD,MID-SIZE,3,6,I,M6,X,11.5,7.3,9.6,29,221
2004,HONDA,ACCORD,MID-SIZE,2.4,4,I,A5,X,10,6.4,8.4,34,193
2004,HONDA,ACCORD,MID-SIZE,2.4,4,I,M5,X,9.1,6.4,7.9,36,182
2004,HONDA,ACCORD,MID-SIZE,3,6,I,A5,X,11.4,7.3,9.6,29,221
2004,HONDA,ACCORD,MID-SIZE,3,6,I,M6,X,11.5,7.3,9.6,29,221
2005,HONDA,ACCORD,MID-SIZE,2.4,4,I,A5,X,9.9,6.4,8.3,34,191
2005,HONDA,ACCORD,MID-SIZE,2.4,4,I,M5,X,9,6.4,7.8,36,179
2005,HONDA,ACCORD,MID-SIZE,3,6,I,A5,X,11.2,7.3,9.4,30,216
2005,HONDA,ACCORD,MID-SIZE,3,6,I,M6,X,11.6,7.3,9.6,29,221
2005,HONDA,ACCORD HYBRID,MID-SIZE,3,6,I,A5,X,7.9,5.9,7,40,161
2006,HONDA,ACCORD,MID-SIZE,2.4,4,I,A5,X,9.7,6.3,8.2,34,189
2006,HONDA,ACCORD,MID-SIZE,2.4,4,I,M5,X,9.1,6.4,7.9,36,182
2006,HONDA,ACCORD,MID-SIZE,3,6,I,A5,X,11.5,7.5,9.7,29,223
2006,HONDA,ACCORD,MID-SIZE,3,6,I,M6,X,11.4,7.2,9.5,30,218
2006,HONDA,ACCORD HYBRID,MID-SIZE,3,6,I,A5,X,9.5,6.4,8.1,35,186
2007,HONDA,ACCORD,MID-SIZE,2.4,4,I,A5,X,9.7,6.3,8.2,34,189
2007,HONDA,ACCORD,MID-SIZE,2.4,4,I,M5,X,9.1,6.4,7.9,36,182
2007,HONDA,ACCORD,MID-SIZE,3,6,I,A5,X,11.5,7.5,9.7,29,223
2007,HONDA,ACCORD,MID-SIZE,3,6,I,M6,X,11.4,7.2,9.5,30,218
2007,HONDA,ACCORD HYBRID,MID-SIZE,3,6,I,A5,X,8.2,6.1,7.2,39,166
2008,HONDA,ACCORD 4DR SEDAN,FULL-SIZE,2.4,4,I,A5,X,9.9,6.5,8.4,34,193
2008,HONDA,ACCORD 4DR SEDAN,FULL-SIZE,2.4,4,I,M5,X,9.4,6.4,8,35,184
2008,HONDA,ACCORD 4DR SEDAN,FULL-SIZE,3.5,6,I,A5,X,11,6.7,9.1,31,209
2009,HONDA,ACCORD 4DR SEDAN,FULL-SIZE,2.4,4,I,A5,X,9.9,6.5,8.3,34,191
2009,HONDA,ACCORD 4DR SEDAN,FULL-SIZE,2.4,4,I,M5,X,9.4,6.4,8,35,184
2009,HONDA,ACCORD 4DR SEDAN,FULL-SIZE,3.5,6,I,A5,X,11,6.7,9.1,31,209
2010,HONDA,ACCORD 4DR SEDAN,FULL-SIZE,2.4,4,I,A5,X,9.6,6.4,8.1,35,186
2010,HONDA,ACCORD 4DR SEDAN,FULL-SIZE,2.4,4,I,M5,X,9.4,6.5,8.1,35,186
2010,HONDA,ACCORD 4DR SEDAN,FULL-SIZE,3.5,6,I,A5,X,11,6.7,9.1,31,209
2011,HONDA,ACCORD 4DR SEDAN,FULL-SIZE,2.4,4,I,A5,X,9,5.8,7.5,38,172
2011,HONDA,ACCORD 4DR SEDAN,FULL-SIZE,2.4,4,I,M5,X,8.8,5.8,7.4,38,170
2011,HONDA,ACCORD 4DR SEDAN,FULL-SIZE,3.5,6,I,A5,X,10.3,6.5,8.6,33,198
2012,HONDA,ACCORD 4DR SEDAN,FULL-SIZE,2.4,4,I,A5,X,9,5.8,7.5,38,172
2012,HONDA,ACCORD 4DR SEDAN,FULL-SIZE,2.4,4,I,M5,X,8.8,5.8,7.4,38,170
2012,HONDA,ACCORD 4DR SEDAN,FULL-SIZE,3.5,6,I,A5,X,10.3,6.5,8.6,33,198
2013,HONDA,ACCORD,MID-SIZE,2.4,4,I,AV,X,7.8,5.5,6.7,42,154
2013,HONDA,ACCORD,MID-SIZE,2.4,4,I,AV7,X,7.8,5.5,6.7,42,154
2013,HONDA,ACCORD,MID-SIZE,2.4,4,I,M6,X,8.7,5.7,7.4,38,170
2013,HONDA,ACCORD,MID-SIZE,3.5,6,I,A6,X,9.7,5.7,7.9,36,182
2013,HONDA,ACCORD,MID-SIZE,3.5,6,I,AS6,X,10,6.1,8.2,34,189
2013,HONDA,ACCORD,MID-SIZE,3.5,6,I,M6,X,11.5,7.1,9.5,30,218
2014,HONDA,ACCORD,MID-SIZE,2.4,4,I,AV,X,7.8,5.5,6.7,42,154
2014,HONDA,ACCORD,MID-SIZE,2.4,4,I,AV7,X,7.8,5.7,6.9,41,159
2014,HONDA,ACCORD,MID-SIZE,2.4,4,I,M6,X,8.8,5.8,7.4,38,170
2014,HONDA,ACCORD,MID-SIZE,3.5,6,I,A6,X,9.6,5.7,7.9,36,182
2014,HONDA,ACCORD,MID-SIZE,3.5,6,I,AS6,X,10,6.1,8.2,34,189
2014,HONDA,ACCORD,MID-SIZE,3.5,6,I,M6,X,11.5,7.1,9.5,30,219
2014,HONDA,ACCORD HYBRID,MID-SIZE,2,4,I,AV,X,3.7,4,3.8,74,87
2015,HONDA,ACCORD,MID-SIZE,2.4,4,I,AV,X,8.8,6.5,7.8,36,179
2015,HONDA,ACCORD,MID-SIZE,2.4,4,I,AV7,X,9,6.7,8,35,184
2015,HONDA,ACCORD,MID-SIZE,2.4,4,I,M6,X,10.1,6.9,8.7,32,200
2015,HONDA,ACCORD,MID-SIZE,3.5,6,I,A6,X,11,6.8,9.1,31,209
2015,HONDA,ACCORD,MID-SIZE,3.5,6,I,AS6,X,11.4,7.3,9.5,30,219
2015,HONDA,ACCORD,MID-SIZE,3.5,6,I,M6,X,13,8.4,10.9,26,251
2015,HONDA,ACCORD HYBRID,MID-SIZE,2,4,I,AV,X,4.7,5.3,5,56,115
2016,HONDA,ACCORD,MID-SIZE,2.4,4,I,M6,X,10.3,7.2,8.9,32,207
2016,HONDA,ACCORD SEDAN,MID-SIZE,2.4,4,I,AV,X,8.6,6.4,7.6,37,177
2016,HONDA,ACCORD SEDAN,MID-SIZE,3.5,6,I,A6,X,11.3,7,9.4,30,219
2017,HONDA,ACCORD,MID-SIZE,2.4,4,I,AV7,X,9.2,6.9,8.2,34,190
2017,HONDA,ACCORD,MID-SIZE,2.4,4,I,M6,X,10.4,7.4,9,31,210
2017,HONDA,ACCORD SEDAN,MID-SIZE,2.4,4,I,AV,X,8.7,6.6,7.8,36,180
2017,HONDA,ACCORD SEDAN,MID-SIZE,3.5,6,I,A6,X,11.4,7.2,9.5,30,223
2017,HONDA,ACCORD HYBRID,MID-SIZE,2,4,I,AV,X,4.9,5.1,5,56,114
2018,Honda,Accord,Full-size,1.5,4,I,AV,X,7.9,6.3,7.2,39,168
2018,Honda,Accord,Full-size,1.5,4,I,AV7,X,8.2,6.8,7.6,37,177
2018,Honda,Accord,Full-size,1.5,4,I,M6,X,8.9,6.7,7.9,36,185
2018,Honda,Accord,Full-size,2,4,I,M6,X,10.7,7.3,9.2,31,214
2018,Honda,Accord Sport/Touring,Mid-size,2,4,I,AS10,X,10.4,7.4,9.1,31,211
2018,Honda,Accord Hybrid,Full-size,2,4,I,AV,X,5,5.1,5.1,55,118
2019,Honda,Accord,Full-size,1.5,4,I,AV,X,7.9,6.3,7.2,39,168
2019,Honda,Accord,Full-size,1.5,4,I,AV7,X,8.2,6.8,7.6,37,177
2019,Honda,Accord,Full-size,1.5,4,I,M6,X,8.9,6.7,7.9,36,185
2019,Honda,Accord,Full-size,2,4,I,M6,X,10.7,7.3,9.2,31,214
2019,Honda,Accord Sport/Touring,Mid-size,2,4,I,AS10,X,10.4,7.4,9.1,31,211
2019,Honda,Accord Hybrid,Full-size,2,4,I,AV,X,5,5,5,56,117
2020,Honda,Accord,Full-size,1.5,4,I,AV,X,7.9,6.3,7.2,39,170
2020,Honda,Accord,Full-size,1.5,4,I,AV7,X,8.2,6.8,7.6,37,177
2020,Honda,Accord,Full-size,1.5,4,I,M6,X,8.9,6.7,7.9,36,185
2020,Honda,Accord,Full-size,2,4,I,M6,X,10.7,7.3,9.2,31,214
2020,Honda,Accord Sport/Touring,Mid-size,2,4,I,AS10,X,10.4,7.4,9.1,31,211
2020,Honda,Accord Hybrid,Full-size,2,4,I,AV,X,5,5,5,56,117
2021,Honda,Accord,Full-size,1.5,4,I,AV,X,7.8,6.5,7.2,39,168
2021,Honda,Accord Sport/Touring,Full-size,1.5,4,I,AV7,X,8.1,6.8,7.5,38,176
2021,Honda,Accord Sport/Touring,Full-size,2,4,I,AS10,X,10.4,7.4,9.1,31,211
2021,Honda,Accord Hybrid,Full-size,2,4,I,AV,X,5,5,5,56,117
2021,Honda,Accord Hybrid Sport/Touring,Full-size,2,4,I,AV,X,5.3,5.7,5.5,51,129
2022,Honda,Accord,Full-size,1.5,4,I,AV,X,7.8,6.5,7.2,39,168
2022,Honda,Accord Sport/Touring,Full-size,1.5,4,I,AV7,X,8.1,6.8,7.5,38,176
2022,Honda,Accord Sport/Touring,Full-size,2,4,I,AS10,X,10.4,7.4,9.1,31,211
2022,Honda,Accord Hybrid,Full-size,2,4,I,AV,X,5,5,5,56,117
2022,Honda,Accord Hybrid Sport/Touring,Full-size,2,4,I,AV,X,5.3,5.7,5.5,51,129
